ticker,event_date,setup_type,consolidation_days,entry_date,entry_price,horizon,error,exit_date,exit_price,raw_return,net_return,sl_hit_pct10,sl_return_pct10,sl_hit_atr2,sl_return_atr2,spy_return,edge_vs_spy
BLDR,2026-06-17,s02_consolidation,19,2026-06-18,78.36000061035156,30,exit_out_of_range,,,,,,,,,,
BLDR,2026-06-17,s02_consolidation,19,2026-06-18,78.36000061035156,60,exit_out_of_range,,,,,,,,,,
BLDR,2026-06-17,s02_consolidation,19,2026-06-18,78.36000061035156,90,exit_out_of_range,,,,,,,,,,
BKR,2026-06-16,s02_consolidation,15,2026-06-17,61.25,30,exit_out_of_range,,,,,,,,,,
BKR,2026-06-16,s02_consolidation,15,2026-06-17,61.25,60,exit_out_of_range,,,,,,,,,,
BKR,2026-06-16,s02_consolidation,15,2026-06-17,61.25,90,exit_out_of_range,,,,,,,,,,
AME,2026-06-15,s02_consolidation,18,2026-06-16,232.08999633789062,30,exit_out_of_range,,,,,,,,,,
AME,2026-06-15,s02_consolidation,18,2026-06-16,232.08999633789062,60,exit_out_of_range,,,,,,,,,,
AME,2026-06-15,s02_consolidation,18,2026-06-16,232.08999633789062,90,exit_out_of_range,,,,,,,,,,
APA,2026-06-12,s02_consolidation,17,2026-06-15,34.72999954223633,30,exit_out_of_range,,,,,,,,,,
APA,2026-06-12,s02_consolidation,17,2026-06-15,34.72999954223633,60,exit_out_of_range,,,,,,,,,,
APA,2026-06-12,s02_consolidation,17,2026-06-15,34.72999954223633,90,exit_out_of_range,,,,,,,,,,
AMCR,2026-06-10,s02_consolidation,15,2026-06-11,38.47999954223633,30,exit_out_of_range,,,,,,,,,,
AMCR,2026-06-10,s02_consolidation,15,2026-06-11,38.47999954223633,60,exit_out_of_range,,,,,,,,,,
AMCR,2026-06-10,s02_consolidation,15,2026-06-11,38.47999954223633,90,exit_out_of_range,,,,,,,,,,
AXP,2026-06-02,s02_consolidation,28,2026-06-03,308.67999267578125,30,exit_out_of_range,,,,,,,,,,
AXP,2026-06-02,s02_consolidation,28,2026-06-03,308.67999267578125,60,exit_out_of_range,,,,,,,,,,
AXP,2026-06-02,s02_consolidation,28,2026-06-03,308.67999267578125,90,exit_out_of_range,,,,,,,,,,
ADSK,2026-05-29,s02_consolidation,15,2026-06-01,237.00999450683594,30,exit_out_of_range,,,,,,,,,,
ADSK,2026-05-29,s02_consolidation,15,2026-06-01,237.00999450683594,60,exit_out_of_range,,,,,,,,,,
ADSK,2026-05-29,s02_consolidation,15,2026-06-01,237.00999450683594,90,exit_out_of_range,,,,,,,,,,
BG,2026-05-29,s02_consolidation,17,2026-06-01,123.94999694824219,30,exit_out_of_range,,,,,,,,,,
BG,2026-05-29,s02_consolidation,17,2026-06-01,123.94999694824219,60,exit_out_of_range,,,,,,,,,,
BG,2026-05-29,s02_consolidation,17,2026-06-01,123.94999694824219,90,exit_out_of_range,,,,,,,,,,
A,2026-05-27,s02_consolidation,19,2026-05-28,133.0,30,exit_out_of_range,,,,,,,,,,
A,2026-05-27,s02_consolidation,19,2026-05-28,133.0,60,exit_out_of_range,,,,,,,,,,
A,2026-05-27,s02_consolidation,19,2026-05-28,133.0,90,exit_out_of_range,,,,,,,,,,
AES,2026-05-04,s02_consolidation,23,2026-05-05,14.289999961853027,30,,2026-06-17,14.609999656677246,0.022393260719276054,0.019393260719276054,False,0.019393260719276054,False,0.019393260719276054,0.026587394765098082,-0.007194134045822028
AES,2026-05-04,s02_consolidation,23,2026-05-05,14.289999961853027,60,exit_out_of_range,,,,,,,,,,
AES,2026-05-04,s02_consolidation,23,2026-05-05,14.289999961853027,90,exit_out_of_range,,,,,,,,,,
ALGN,2026-04-10,s02_consolidation,19,2026-04-13,171.74000549316406,30,,2026-05-26,163.5500030517578,-0.0476883788252368,-0.0506883788252368,True,-0.10299999999999987,True,-0.09706874123947795,0.10802919888623386,-0.15871757771147066
ALGN,2026-04-10,s02_consolidation,19,2026-04-13,171.74000549316406,60,exit_out_of_range,,,,,,,,,,
ALGN,2026-04-10,s02_consolidation,19,2026-04-13,171.74000549316406,90,exit_out_of_range,,,,,,,,,,
ALL,2026-04-06,s02_consolidation,20,2026-04-07,207.41730874955468,30,,2026-05-19,223.40310668945312,0.0770707036759426,0.0740707036759426,False,0.0740707036759426,False,0.0740707036759426,0.11738370869886339,-0.04331300502292079
ALL,2026-04-06,s02_consolidation,20,2026-04-07,207.41730874955468,60,exit_out_of_range,,,,,,,,,,
ALL,2026-04-06,s02_consolidation,20,2026-04-07,207.41730874955468,90,exit_out_of_range,,,,,,,,,,
BNY,2026-03-31,s02_consolidation,34,2026-04-01,119.85424549394679,30,,2026-05-14,135.97999572753906,0.13454467271588388,0.13154467271588388,False,0.13154467271588388,False,0.13154467271588388,0.14416574399570226,-0.012621071279818374
BNY,2026-03-31,s02_consolidation,34,2026-04-01,119.85424549394679,60,exit_out_of_range,,,,,,,,,,
BNY,2026-03-31,s02_consolidation,34,2026-04-01,119.85424549394679,90,exit_out_of_range,,,,,,,,,,
AMZN,2026-03-26,s02_consolidation,20,2026-03-27,206.4600067138672,30,,2026-05-11,268.989990234375,0.30286729384431377,0.29986729384431376,False,0.29986729384431376,False,0.29986729384431376,0.15066150471862905,0.14920578912568472
AMZN,2026-03-26,s02_consolidation,20,2026-03-27,206.4600067138672,60,,2026-06-24,234.27000427246094,0.13469919913901585,0.13169919913901584,False,0.13169919913901584,False,0.13169919913901584,0.1441696815986271,-0.012470482459611243
AMZN,2026-03-26,s02_consolidation,20,2026-03-27,206.4600067138672,90,exit_out_of_range,,,,,,,,,,
BKNG,2026-03-26,s02_consolidation,15,2026-03-27,167.53882341531005,30,,2026-05-11,157.404296875,-0.06049061545088974,-0.06349061545088974,False,-0.06349061545088974,False,-0.06349061545088974,0.15066150471862905,-0.2141521201695188
BKNG,2026-03-26,s02_consolidation,15,2026-03-27,167.53882341531005,60,,2026-06-24,181.25,0.08183880192772675,0.07883880192772674,True,-0.10300000000000009,True,-0.07634816459605909,0.1441696815986271,-0.06533087967090034
BKNG,2026-03-26,s02_consolidation,15,2026-03-27,167.53882341531005,90,exit_out_of_range,,,,,,,,,,
BIIB,2026-03-25,s02_consolidation,18,2026-03-26,189.0,30,,2026-05-08,193.4499969482422,0.023544957398106803,0.020544957398106804,True,-0.10299999999999998,True,-0.05408465832302356,0.1312149731920318,-0.11067001579392499
BIIB,2026-03-25,s02_consolidation,18,2026-03-26,189.0,60,,2026-06-23,197.19000244140625,0.04333334625082674,0.04033334625082674,True,-0.10299999999999998,True,-0.05408465832302356,0.12791755065994903,-0.08758420440912229
BIIB,2026-03-25,s02_consolidation,18,2026-03-26,189.0,90,exit_out_of_range,,,,,,,,,,
AMD,2026-03-24,s02_consolidation,15,2026-03-25,211.50999450683594,30,,2026-05-07,408.4599914550781,0.9311616569583752,0.9281616569583752,False,0.9281616569583752,False,0.9281616569583752,0.11069286052480432,0.8174687964335708
AMD,2026-03-24,s02_consolidation,15,2026-03-25,211.50999450683594,60,,2026-06-22,551.6300048828125,1.6080564474932366,1.6050564474932367,False,1.6050564474932367,False,1.6050564474932367,0.1330526553003606,1.4720037921928761
AMD,2026-03-24,s02_consolidation,15,2026-03-25,211.50999450683594,90,exit_out_of_range,,,,,,,,,,
AVB,2026-03-10,s02_consolidation,22,2026-03-11,171.91482072311103,30,,2026-04-23,173.35000610351562,0.008348235331706144,0.005348235331706144,False,0.005348235331706144,True,-0.04963805430947965,0.04841461429818561,-0.04306637896647947
AVB,2026-03-10,s02_consolidation,22,2026-03-11,171.91482072311103,60,,2026-06-05,189.72000122070312,0.10356978195771394,0.10056978195771393,False,0.10056978195771393,True,-0.04963805430947965,0.09147883451988514,0.009090947437828789
AVB,2026-03-10,s02_consolidation,22,2026-03-11,171.91482072311103,90,exit_out_of_range,,,,,,,,,,
BLK,2026-03-04,s02_consolidation,17,2026-03-05,1028.1402221035555,30,,2026-04-17,1046.2442626953125,0.017608532574201252,0.014608532574201253,True,-0.10299999999999998,True,-0.07330753279780677,0.04398229792262387,-0.029373765348422617
BLK,2026-03-04,s02_consolidation,17,2026-03-05,1028.1402221035555,60,,2026-06-01,1015.0101928710938,-0.01277066002300542,-0.01577066002300542,True,-0.10299999999999998,True,-0.07330753279780677,0.11513542449990277,-0.1309060845229082
BLK,2026-03-04,s02_consolidation,17,2026-03-05,1028.1402221035555,90,exit_out_of_range,,,,,,,,,,
AVGO,2026-03-02,s02_consolidation,16,2026-03-03,311.85125792147716,30,,2026-04-15,396.0931091308594,0.27013471669430933,0.2671347166943093,False,0.2671347166943093,False,0.2671347166943093,0.0396875830768566,0.22744713361745272
AVGO,2026-03-02,s02_consolidation,16,2026-03-03,311.85125792147716,60,,2026-05-28,425.9059143066406,0.36573415526796427,0.36273415526796426,False,0.36273415526796426,False,0.36273415526796426,0.12087927028698076,0.2418548849809835
AVGO,2026-03-02,s02_consolidation,16,2026-03-03,311.85125792147716,90,exit_out_of_range,,,,,,,,,,
BRO,2026-01-26,s02_consolidation,15,2026-01-27,73.9129569897076,30,,2026-03-11,68.18012237548828,-0.07756197083303829,-0.08056197083303829,True,-0.10299999999999987,True,-0.05728992970997748,-0.02571370693565478,-0.05484826389738351
BRO,2026-01-26,s02_consolidation,15,2026-01-27,73.9129569897076,60,,2026-04-23,67.35255432128906,-0.08875849290310589,-0.09175849290310589,True,-0.10299999999999987,True,-0.05728992970997748,0.023343853480631838,-0.11510234638373773
BRO,2026-01-26,s02_consolidation,15,2026-01-27,73.9129569897076,90,,2026-06-05,58.86000061035156,-0.20365788344054703,-0.20665788344054703,True,-0.10299999999999987,True,-0.05728992970997748,0.0653782780945169,-0.27203616153506394
BRK-B,2026-01-16,s02_consolidation,22,2026-01-20,490.79998779296875,30,,2026-03-04,487.4800109863281,-0.006764419089678286,-0.009764419089678286,False,-0.009764419089678286,True,-0.028626806265314438,0.005341340381251003,-0.015105759470929288
BRK-B,2026-01-16,s02_consolidation,22,2026-01-20,490.79998779296875,60,,2026-04-16,475.1199951171875,-0.03194782613237446,-0.03494782613237446,False,-0.03494782613237446,True,-0.028626806265314438,0.03240880301655791,-0.06735662914893237
BRK-B,2026-01-16,s02_consolidation,22,2026-01-20,490.79998779296875,90,,2026-05-29,474.4800109863281,-0.03325178731162637,-0.03625178731162637,False,-0.03625178731162637,True,-0.028626806265314438,0.11306988668842122,-0.1493216740000476
ATO,2026-01-14,s02_consolidation,16,2026-01-15,167.4571526718734,30,,2026-03-02,186.01792907714844,0.11083895855821857,0.10783895855821857,False,0.10783895855821857,True,-0.030696421080746213,-0.011791517931418194,0.11963047648963676
ATO,2026-01-14,s02_consolidation,16,2026-01-15,167.4571526718734,60,,2026-04-14,187.10179138183594,0.11731143397890897,0.11431143397890897,False,0.11431143397890897,True,-0.030696421080746213,0.002572228348260097,0.11173920563064887
ATO,2026-01-14,s02_consolidation,16,2026-01-15,167.4571526718734,90,,2026-05-27,176.24000549316406,0.05244835876613996,0.049448358766139955,False,0.049448358766139955,True,-0.030696421080746213,0.08341780566624135,-0.0339694469001014
LNT,2026-01-13,s02_consolidation,15,2026-01-14,65.14857530943752,30,,2026-02-27,71.8024673461914,0.102134114294131,0.09913411429413099,False,0.09913411429413099,False,0.09913411429413099,-0.007250418412676596,0.10638453270680759
LNT,2026-01-13,s02_consolidation,15,2026-01-14,65.14857530943752,60,,2026-04-13,71.9712142944336,0.10472430060965188,0.10172430060965187,False,0.10172430060965187,False,0.10172430060965187,-0.004379574654911567,0.10610387526456344
LNT,2026-01-13,s02_consolidation,15,2026-01-14,65.14857530943752,90,,2026-05-26,73.68000030517578,0.1309533624521546,0.1279533624521546,False,0.1279533624521546,False,0.1279533624521546,0.08920389357493663,0.038749468877217974
AEE,2026-01-12,s02_consolidation,16,2026-01-13,98.93581451530466,30,,2026-02-26,110.4952621459961,0.1168378477230132,0.1138378477230132,False,0.1138378477230132,False,0.1138378477230132,-0.008900216439972408,0.1227380641629856
AEE,2026-01-12,s02_consolidation,16,2026-01-13,98.93581451530466,60,,2026-04-10,112.65589904785156,0.13867662180538787,0.13567662180538786,False,0.13567662180538786,False,0.13567662180538786,-0.02038038980584378,0.15605701161123164
AEE,2026-01-12,s02_consolidation,16,2026-01-13,98.93581451530466,90,,2026-05-22,110.51102447509766,0.11699716646091196,0.11399716646091196,False,0.11399716646091196,False,0.11399716646091196,0.07503542784811246,0.0389617386127995
ALLE,2026-01-07,s02_consolidation,19,2026-01-08,156.6587621932157,30,,2026-02-23,157.42271423339844,0.004876535659336545,0.001876535659336545,False,0.001876535659336545,False,0.001876535659336545,-0.009334763251480416,0.011211298910816962
ALLE,2026-01-07,s02_consolidation,19,2026-01-08,156.6587621932157,60,,2026-04-07,138.82769775390625,-0.11382104766867385,-0.11682104766867385,True,-0.10300000000000009,True,-0.04619753732466536,-0.04035845549805139,-0.07646259217062246
ALLE,2026-01-07,s02_consolidation,19,2026-01-08,156.6587621932157,90,,2026-05-19,125.6420669555664,-0.19798889512094275,-0.20098889512094276,True,-0.10300000000000009,True,-0.04619753732466536,0.06810755095194221,-0.26909644607288496
APD,2026-01-02,s02_consolidation,15,2026-01-05,246.2560027172759,30,,2026-02-18,280.6304931640625,0.13958843669793342,0.1365884366979334,False,0.1365884366979334,False,0.1365884366979334,-0.0003641315172323578,0.13695256821516577
APD,2026-01-02,s02_consolidation,15,2026-01-05,246.2560027172759,60,,2026-04-01,289.42999267578125,0.17532157381793034,0.17232157381793034,False,0.17232157381793034,False,0.17232157381793034,-0.04298439153976452,0.21530596535769486
APD,2026-01-02,s02_consolidation,15,2026-01-05,246.2560027172759,90,,2026-05-14,299.8699951171875,0.2177164893781911,0.2147164893781911,False,0.2147164893781911,False,0.2147164893781911,0.09274523234934295,0.12197125702884815
MO,2026-01-02,s02_consolidation,26,2026-01-05,55.30244186807807,30,,2026-02-18,64.70201110839844,0.16996662213836222,0.16696662213836222,False,0.16696662213836222,True,-0.02849837310842229,-0.0003641315172323578,0.16733075365559458
MO,2026-01-02,s02_consolidation,26,2026-01-05,55.30244186807807,60,,2026-04-01,64.51519012451172,0.16658845333467043,0.16358845333467043,False,0.16358845333467043,True,-0.02849837310842229,-0.04298439153976452,0.20657284487443495
MO,2026-01-02,s02_consolidation,26,2026-01-05,55.30244186807807,90,,2026-05-14,71.34307861328125,0.29005295613288706,0.28705295613288706,False,0.28705295613288706,True,-0.02849837310842229,0.09274523234934295,0.1943077237835441
APTV,2026-01-02,s02_consolidation,26,2026-01-05,78.26000213623047,30,,2026-02-18,83.80999755859375,0.07091739420990772,0.06791739420990772,False,0.06791739420990772,True,-0.047153645425244806,-0.0003641315172323578,0.06828152572714008
APTV,2026-01-02,s02_consolidation,26,2026-01-05,78.26000213623047,60,,2026-04-01,62.09000015258789,-0.20661898213974972,-0.20961898213974972,True,-0.10299999999999998,True,-0.047153645425244806,-0.04298439153976452,-0.1666345905999852
APTV,2026-01-02,s02_consolidation,26,2026-01-05,78.26000213623047,90,,2026-05-14,57.560001373291016,-0.2645029414502966,-0.2675029414502966,True,-0.10299999999999998,True,-0.047153645425244806,0.09274523234934295,-0.3602481737996396
BXP,2025-12-30,s02_consolidation,15,2025-12-31,67.89035372974394,30,,2026-02-13,60.65937423706055,-0.10650967472445749,-0.1095096747244575,True,-0.10299999999999998,True,-0.04097534933225555,-0.00784419307844475,-0.10166548164601275
BXP,2025-12-30,s02_consolidation,15,2025-12-31,67.89035372974394,60,,2026-03-30,51.119998931884766,-0.24702117276657798,-0.250021172766578,True,-0.10299999999999998,True,-0.04097534933225555,-0.07777764067282389,-0.1722435320937541
BXP,2025-12-30,s02_consolidation,15,2025-12-31,67.89035372974394,90,,2026-05-12,59.0099983215332,-0.1308043767684789,-0.1338043767684789,True,-0.10299999999999998,True,-0.04097534933225555,0.07721267643702245,-0.21101705320550135
AES,2025-12-24,s02_consolidation,30,2025-12-26,13.677409694200383,30,,2026-02-10,16.05207633972168,0.17361961794039282,0.17061961794039282,False,0.17061961794039282,False,0.17061961794039282,0.0021428904048290676,0.16847672753556375
AES,2025-12-24,s02_consolidation,30,2025-12-26,13.677409694200383,60,,2026-03-25,13.888751029968262,0.015451853859250297,0.012451853859250298,False,0.012451853859250298,False,0.012451853859250298,-0.04637185108376973,0.05882370494302003
AES,2025-12-24,s02_consolidation,30,2025-12-26,13.677409694200383,90,,2026-05-07,14.289999961853027,0.044788471015268394,0.04178847101526839,False,0.04178847101526839,False,0.04178847101526839,0.062171247318967726,-0.020382776303699335
ABBV,2025-12-23,s02_consolidation,19,2025-12-24,225.75565995929747,30,,2026-02-09,221.42303466796875,-0.01919165744110196,-0.02219165744110196,True,-0.10299999999999998,True,-0.04201538534196836,0.008721492035769884,-0.030913149476871845
ABBV,2025-12-23,s02_consolidation,19,2025-12-24,225.75565995929747,60,,2026-03-24,203.5116424560547,-0.09853138347562695,-0.10153138347562696,True,-0.10299999999999998,True,-0.04201538534196836,-0.04794849322077044,-0.05358289025485652
ABBV,2025-12-23,s02_consolidation,19,2025-12-24,225.75565995929747,90,,2026-05-06,205.02999877929688,-0.09180572121087605,-0.09480572121087605,True,-0.10299999999999998,True,-0.04201538534196836,0.06960400696573976,-0.1644097281766158
AMZN,2025-12-16,s02_consolidation,17,2025-12-17,224.66000366210938,30,,2026-02-02,242.9600067138672,0.08145643529535929,0.07845643529535928,False,0.07845643529535928,False,0.07845643529535928,0.02584951494973864,0.052606920345620645
AMZN,2025-12-16,s02_consolidation,17,2025-12-17,224.66000366210938,60,,2026-03-17,215.1999969482422,-0.04210810362175155,-0.04510810362175155,True,-0.10299999999999998,True,-0.048667714780923355,-0.01046924846440822,-0.03463885515734333
AMZN,2025-12-16,s02_consolidation,17,2025-12-17,224.66000366210938,90,,2026-04-29,263.0400085449219,0.17083594879904118,0.16783594879904118,True,-0.10299999999999998,True,-0.048667714780923355,0.052569886392956455,0.11526606240608472
AWK,2025-12-12,s02_consolidation,16,2025-12-15,130.2389930081379,30,,2026-01-29,127.22119903564453,-0.023171201671566943,-0.026171201671566943,False,-0.026171201671566943,True,-0.04591817248951369,0.015094389939446673,-0.04126559161101362
AWK,2025-12-12,s02_consolidation,16,2025-12-15,130.2389930081379,60,,2026-03-13,138.69784545898438,0.0649486935937682,0.0619486935937682,False,0.0619486935937682,True,-0.04591817248951369,-0.03134275685535737,0.09329145044912557
AWK,2025-12-12,s02_consolidation,16,2025-12-15,130.2389930081379,90,,2026-04-27,131.0227508544922,0.006017843260699429,0.003017843260699429,False,0.003017843260699429,True,-0.04591817248951369,0.048855511840010024,-0.0458376685793106
AFL,2025-12-09,s02_consolidation,15,2025-12-10,106.91536924937024,30,,2026-01-26,107.8060073852539,0.008330309684535075,0.005330309684535075,False,0.005330309684535075,False,0.005330309684535075,0.017898603630821075,-0.012568293946285999
AFL,2025-12-09,s02_consolidation,15,2025-12-10,106.91536924937024,60,,2026-03-10,109.7317886352539,0.02634251189194914,0.02334251189194914,False,0.02334251189194914,False,0.02334251189194914,-0.004950554572582089,0.028293066464531228
AFL,2025-12-09,s02_consolidation,15,2025-12-10,106.91536924937024,90,,2026-04-22,114.15885925292969,0.06774975435631392,0.06474975435631392,False,0.06474975435631392,False,0.06474975435631392,0.04790732823131316,0.016842426125000753
BR,2025-12-02,s02_consolidation,16,2025-12-03,223.55065891526218,30,,2026-01-16,215.9810028076172,-0.0338610324137506,-0.036861032413750605,False,-0.036861032413750605,True,-0.03782275829856707,0.019298144008766505,-0.05615917642251711
BR,2025-12-02,s02_consolidation,16,2025-12-03,223.55065891526218,60,,2026-03-03,185.22958374023438,-0.17142009493943633,-0.17442009493943633,True,-0.10299999999999998,True,-0.03782275829856707,0.00260127216824535,-0.17702136710768168
BR,2025-12-02,s02_consolidation,16,2025-12-03,223.55065891526218,90,,2026-04-15,159.7475128173828,-0.2854079983815401,-0.2884079983815401,True,-0.10299999999999998,True,-0.03782275829856707,0.03431744356913646,-0.32272544195067654
ACN,2025-11-20,s02_consolidation,17,2025-11-21,239.84602976644038,30,,2026-01-07,271.6761169433594,0.13271050268338747,0.12971050268338746,False,0.12971050268338746,False,0.12971050268338746,0.055824281821388766,0.0738862208619987
ACN,2025-11-20,s02_consolidation,17,2025-11-21,239.84602976644038,60,,2026-02-20,213.53912353515625,-0.10968247528175279,-0.11268247528175279,True,-0.10299999999999998,True,-0.054417583968057404,0.055594672190373284,-0.16827714747212608
ACN,2025-11-20,s02_consolidation,17,2025-11-21,239.84602976644038,90,,2026-04-06,197.2770233154297,-0.17748472423105754,-0.18048472423105755,True,-0.10299999999999998,True,-0.054417583968057404,0.011651015218157923,-0.19213573944921547
ARES,2025-11-13,s02_consolidation,18,2025-11-14,141.9639005248768,30,,2025-12-30,159.4314727783203,0.12304235223786764,0.12004235223786763,False,0.12004235223786763,False,0.12004235223786763,0.03555862611048832,0.08448372612737931
ARES,2025-11-13,s02_consolidation,18,2025-11-14,141.9639005248768,60,,2026-02-12,130.82308959960938,-0.07847636535821434,-0.08147636535821434,True,-0.10299999999999998,True,-0.07493756075796543,0.026906580667761082,-0.10838294602597542
ARES,2025-11-13,s02_consolidation,18,2025-11-14,141.9639005248768,90,,2026-03-27,105.22002410888672,-0.25882549211552086,-0.26182549211552086,True,-0.10299999999999998,True,-0.07493756075796543,-0.04159955414215233,-0.22022593797336854
AMP,2025-10-09,s02_consolidation,16,2025-10-10,488.2881231651289,30,,2025-11-21,444.6174011230469,-0.08943637981404173,-0.09243637981404174,True,-0.10299999999999998,True,-0.040737069934486336,-0.0194901400679226,-0.07294623974611913
AMP,2025-10-09,s02_consolidation,16,2025-10-10,488.2881231651289,60,,2026-01-07,494.7655334472656,0.01326554952872816,0.01026554952872816,True,-0.10299999999999998,True,-0.040737069934486336,0.028993921268591016,-0.018728371739862856
AMP,2025-10-09,s02_consolidation,16,2025-10-10,488.2881231651289,90,,2026-02-20,469.9736022949219,-0.03750761077597098,-0.04050761077597098,True,-0.10299999999999998,True,-0.040737069934486336,0.02877014642400022,-0.0692777571999712
AVB,2025-10-07,s02_consolidation,18,2025-10-08,182.6514884502441,30,,2025-11-19,173.3646240234375,-0.05084472349830549,-0.05384472349830549,True,-0.10299999999999998,True,-0.03299569328988372,-0.011368872124360774,-0.04247585137394472
AVB,2025-10-07,s02_consolidation,18,2025-10-08,182.6514884502441,60,,2026-01-05,178.2937469482422,-0.02385823153688127,-0.02685823153688127,True,-0.10299999999999998,True,-0.03299569328988372,0.02909675747719742,-0.05595498901407869
AVB,2025-10-07,s02_consolidation,18,2025-10-08,182.6514884502441,90,,2026-02-18,176.09820556640625,-0.0358786174667447,-0.0388786174667447,True,-0.10299999999999998,True,-0.03299569328988372,0.026956945539232002,-0.0658355630059767
AMD,2025-09-30,s02_consolidation,16,2025-10-01,160.92999267578125,30,,2025-11-12,258.8900146484375,0.6087120265394661,0.6057120265394661,False,0.6057120265394661,False,0.6057120265394661,0.03047477479888827,0.5752372517405778
AMD,2025-09-30,s02_consolidation,16,2025-10-01,160.92999267578125,60,,2025-12-26,214.99000549316406,0.33592254568913815,0.33292254568913815,False,0.33292254568913815,False,0.33292254568913815,0.04400044883890675,0.2889220968502314
AMD,2025-09-30,s02_consolidation,16,2025-10-01,160.92999267578125,90,,2026-02-10,213.57000732421875,0.32709884449251847,0.32409884449251847,False,0.32409884449251847,False,0.32409884449251847,0.04673780309904685,0.2773610413934716
BKNG,2025-09-30,s02_consolidation,24,2025-10-01,212.65028059196533,30,,2025-11-12,205.64059448242188,-0.03296344632149195,-0.035963446321491954,False,-0.035963446321491954,True,-0.04764715508119999,0.03047477479888827,-0.06643822112038023
BKNG,2025-09-30,s02_consolidation,24,2025-10-01,212.65028059196533,60,,2025-12-26,216.56588745117188,0.01841336323801923,0.015413363238019232,True,-0.10299999999999998,True,-0.04764715508119999,0.04400044883890675,-0.028587085600887515
BKNG,2025-09-30,s02_consolidation,24,2025-10-01,212.65028059196533,90,,2026-02-10,170.42739868164062,-0.19855549587231547,-0.20155549587231547,True,-0.10299999999999998,True,-0.04764715508119999,0.04673780309904685,-0.24829329897136232
BDX,2025-09-24,s02_consolidation,19,2025-09-25,142.85219264543457,30,,2025-11-06,136.85757446289062,-0.041963781385021215,-0.04496378138502122,True,-0.10299999999999998,True,-0.04119599245220762,0.018801050874640568,-0.06376483225966179
BDX,2025-09-24,s02_consolidation,19,2025-09-25,142.85219264543457,60,,2025-12-19,151.7203369140625,0.06207916101532329,0.05907916101532329,True,-0.10299999999999998,True,-0.04119599245220762,0.03748226453782544,0.02159689647749785
BDX,2025-09-24,s02_consolidation,19,2025-09-25,142.85219264543457,90,,2026-02-04,161.2460174560547,0.1287612354419676,0.1257612354419676,True,-0.10299999999999998,True,-0.04119599245220762,0.046018792453841995,0.0797424429881256
AES,2025-09-23,s02_consolidation,15,2025-09-24,12.686305704688811,30,,2025-11-05,13.882425308227539,0.09428431186997543,0.09128431186997543,False,0.09128431186997543,False,0.09128431186997543,0.019668790251468726,0.0716155216185067
AES,2025-09-23,s02_consolidation,15,2025-09-24,12.686305704688811,60,,2025-12-18,13.355244636535645,0.052729214273907754,0.04972921427390775,False,0.04972921427390775,False,0.04972921427390775,0.017998183290180325,0.031731030983727426
AES,2025-09-23,s02_consolidation,15,2025-09-24,12.686305704688811,90,,2026-02-03,15.894025802612305,0.2528490304894617,0.24984903048946172,False,0.24984903048946172,False,0.24984903048946172,0.040718030476001754,0.20913100001345997
LNT,2025-09-23,s02_consolidation,18,2025-09-24,63.509216333019715,30,,2025-11-05,65.81806945800781,0.03635461525585981,0.03335461525585981,False,0.03335461525585981,False,0.03335461525585981,0.019668790251468726,0.013685825004391083
LNT,2025-09-23,s02_consolidation,18,2025-09-24,63.509216333019715,60,,2025-12-18,64.67598724365234,0.01837167860038602,0.015371678600386022,False,0.015371678600386022,False,0.015371678600386022,0.017998183290180325,-0.0026265046897943033
LNT,2025-09-23,s02_consolidation,18,2025-09-24,63.509216333019715,90,,2026-02-03,66.03564453125,0.039780497132614556,0.036780497132614554,False,0.036780497132614554,False,0.036780497132614554,0.040718030476001754,-0.003937533343387201
BMY,2025-09-17,s02_consolidation,18,2025-09-18,44.485163437106664,30,,2025-10-30,44.62702560424805,0.0031889770921478267,0.0001889770921478266,False,0.0001889770921478266,True,-0.044625452825473255,0.02995185933782496,-0.029762882245677132
BMY,2025-09-17,s02_consolidation,18,2025-09-18,44.485163437106664,60,,2025-12-12,51.26923370361328,0.1525018622466785,0.1495018622466785,False,0.1495018622466785,True,-0.044625452825473255,0.03287580829366821,0.11662605395301029
BMY,2025-09-17,s02_consolidation,18,2025-09-18,44.485163437106664,90,,2026-01-28,54.06256103515625,0.2152941982913057,0.2122941982913057,False,0.2122941982913057,True,-0.044625452825473255,0.05668397479244969,0.155610223498856
ADBE,2025-09-16,s02_consolidation,24,2025-09-17,353.17999267578125,30,,2025-10-29,337.8599853515625,-0.04337733632120688,-0.046377336321206886,False,-0.046377336321206886,True,-0.06228361268891214,0.04437163092172569,-0.09074896724293258
ADBE,2025-09-16,s02_consolidation,24,2025-09-17,353.17999267578125,60,,2025-12-11,350.42999267578125,-0.007786398032247788,-0.010786398032247787,True,-0.10299999999999998,True,-0.06228361268891214,0.04707595346918647,-0.05786235150143426
ADBE,2025-09-16,s02_consolidation,24,2025-09-17,353.17999267578125,90,,2026-01-27,297.4200134277344,-0.15787977916188034,-0.16087977916188034,True,-0.10299999999999998,True,-0.06228361268891214,0.05980047220804319,-0.22068025136992353
BR,2025-09-15,s02_consolidation,15,2025-09-16,245.4079950110062,30,,2025-10-28,226.04922485351562,-0.07888402395619731,-0.08188402395619732,False,-0.08188402395619732,True,-0.037511791733390254,0.04156638445586136,-0.12345040841205868
BR,2025-09-15,s02_consolidation,15,2025-09-16,245.4079950110062,60,,2025-12-10,223.2063751220703,-0.09046820128227762,-0.09346820128227762,True,-0.10299999999999998,True,-0.037511791733390254,0.04233960850817686,-0.13580780979045448
BR,2025-09-15,s02_consolidation,15,2025-09-16,245.4079950110062,90,,2026-01-26,206.32981872558594,-0.159237584267243,-0.162237584267243,True,-0.10299999999999998,True,-0.037511791733390254,0.05326503672904037,-0.21550262099628337
ABNB,2025-09-10,s02_consolidation,20,2025-09-11,123.69499969482422,30,,2025-10-23,127.3499984741211,0.02954847640013214,0.02654847640013214,False,0.02654847640013214,True,-0.050061669409054654,0.029720274043040673,-0.0031717976429085325
ABNB,2025-09-10,s02_consolidation,20,2025-09-11,123.69499969482422,60,,2025-12-05,124.31999969482422,0.005052750729956479,0.002052750729956479,True,-0.10299999999999998,True,-0.050061669409054654,0.051073066708057446,-0.04902031597810097
ABNB,2025-09-10,s02_consolidation,20,2025-09-11,123.69499969482422,90,,2026-01-21,133.58999633789062,0.07999512241787454,0.07699512241787454,True,-0.10299999999999998,True,-0.050061669409054654,0.053733097931713214,0.023262024486161326
ACN,2025-09-09,s02_consolidation,15,2025-09-10,249.92058947161112,30,,2025-10-22,247.04498291015625,-0.01150608106172668,-0.01450608106172668,False,-0.01450608106172668,True,-0.054123585277938036,0.0245271079636471,-0.03903318902537378
ACN,2025-09-09,s02_consolidation,15,2025-09-10,249.92058947161112,60,,2025-12-04,267.0751037597656,0.06863986006284262,0.06563986006284261,False,0.06563986006284261,True,-0.054123585277938036,0.04997927763815846,0.015660582424684155
ACN,2025-09-09,s02_consolidation,15,2025-09-10,249.92058947161112,90,,2026-01-20,270.4167785644531,0.08201080645726555,0.07901080645726555,False,0.07901080645726555,True,-0.054123585277938036,0.04260311654258975,0.0364076899146758
AMP,2025-09-04,s02_consolidation,19,2025-09-05,506.375054724003,30,,2025-10-17,465.5383605957031,-0.08064515372021575,-0.08364515372021575,False,-0.08364515372021575,True,-0.04518746855074729,0.022643850307897395,-0.10628900402811314
AMP,2025-09-04,s02_consolidation,19,2025-09-05,506.375054724003,60,,2025-12-01,451.9190673828125,-0.1075408174892648,-0.11054081748926481,True,-0.10299999999999998,True,-0.04518746855074729,0.04708659563774087,-0.15762741312700568
AMP,2025-09-04,s02_consolidation,19,2025-09-05,506.375054724003,90,,2026-01-14,504.1235656738281,-0.004446287448740982,-0.007446287448740982,True,-0.10299999999999998,True,-0.04518746855074729,0.06575736756849082,-0.0732036550172318
AMGN,2025-09-03,s02_consolidation,18,2025-09-04,278.6931370623147,30,,2025-10-16,289.5077209472656,0.038804629345906116,0.035804629345906114,False,0.035804629345906114,True,-0.04112477126761305,0.02801225234708049,0.007792376998825623
AMGN,2025-09-03,s02_consolidation,18,2025-09-04,278.6931370623147,60,,2025-11-28,340.5113525390625,0.22181463141995317,0.21881463141995317,False,0.21881463141995317,True,-0.04112477126761305,0.06341326413909787,0.1554013672808553
AMGN,2025-09-03,s02_consolidation,18,2025-09-04,278.6931370623147,90,,2026-01-13,319.65447998046875,0.14697650379885485,0.14397650379885485,False,0.14397650379885485,True,-0.04112477126761305,0.08275543145882192,0.061221072340032934
AXON,2025-09-02,s02_consolidation,15,2025-09-03,737.260009765625,30,,2025-10-15,644.989990234375,-0.12515261686386958,-0.12815261686386958,True,-0.10299999999999987,True,-0.07906851861312747,0.03787963878014544,-0.16603225564401503
AXON,2025-09-02,s02_consolidation,15,2025-09-03,737.260009765625,60,,2025-11-26,533.1699829101562,-0.27682232069029344,-0.27982232069029345,True,-0.10299999999999987,True,-0.07906851861312747,0.06051997067076398,-0.3403422913610574
AXON,2025-09-02,s02_consolidation,15,2025-09-03,737.260009765625,90,,2026-01-12,631.72998046875,-0.14313814380142897,-0.14613814380142898,True,-0.10299999999999987,True,-0.07906851861312747,0.08787880280429272,-0.2340169466057217
ALL,2025-07-30,s02_consolidation,24,2025-07-31,193.20132767549072,30,,2025-09-12,197.40504455566406,0.02175821942193945,0.01875821942193945,False,0.01875821942193945,False,0.01875821942193945,0.02807047785498784,-0.00931225843304839
ALL,2025-07-30,s02_consolidation,24,2025-07-31,193.20132767549072,60,,2025-10-24,190.3123016357422,-0.01495344816988553,-0.01795344816988553,False,-0.01795344816988553,False,-0.01795344816988553,0.062032902102172605,-0.07998635027205814
ALL,2025-07-30,s02_consolidation,24,2025-07-31,193.20132767549072,90,,2025-12-08,198.81137084960938,0.029037291004239574,0.026037291004239575,False,0.026037291004239575,False,0.026037291004239575,0.07203772841064393,-0.04600043740640436
AFL,2025-07-29,s02_consolidation,19,2025-07-30,98.61627750574598,30,,2025-09-11,107.00040435791016,0.08501767724578402,0.08201767724578402,False,0.08201767724578402,True,-0.03698885369778282,0.03413956536114471,0.04787811188463931
AFL,2025-07-29,s02_consolidation,19,2025-07-30,98.61627750574598,60,,2025-10-23,105.87812805175781,0.07363744332763633,0.07063744332763633,False,0.07063744332763633,True,-0.03698885369778282,0.0592880071746511,0.011349436152985226
AFL,2025-07-29,s02_consolidation,19,2025-07-30,98.61627750574598,90,,2025-12-05,108.14246368408203,0.0965985171949022,0.0935985171949022,False,0.0935985171949022,True,-0.03698885369778282,0.08125393108613244,0.012344586108769762
AVB,2025-07-29,s02_consolidation,31,2025-07-30,196.16356106488945,30,,2025-09-11,191.07672119140625,-0.025931624843415824,-0.028931624843415823,True,-0.10299999999999998,True,-0.03897724309468542,0.03413956536114471,-0.06307119020456053
AVB,2025-07-29,s02_consolidation,31,2025-07-30,196.16356106488945,60,,2025-10-23,185.188720703125,-0.05594739564364892,-0.058947395643648925,True,-0.10299999999999998,True,-0.03897724309468542,0.0592880071746511,-0.11823540281830003
AVB,2025-07-29,s02_consolidation,31,2025-07-30,196.16356106488945,90,,2025-12-05,174.3932342529297,-0.1109804832955612,-0.11398048329556121,True,-0.10299999999999998,True,-0.03897724309468542,0.08125393108613244,-0.19523441438169364
AON,2025-07-24,s02_consolidation,29,2025-07-25,366.7706430985863,30,,2025-09-08,369.0364685058594,0.006177771994319681,0.0031777719943196807,False,0.0031777719943196807,True,-0.043239580245188036,0.02163462746725342,-0.01845685547293374
AON,2025-07-24,s02_consolidation,29,2025-07-25,366.7706430985863,60,,2025-10-20,343.20458984375,-0.06425283402112925,-0.06725283402112925,False,-0.06725283402112925,True,-0.043239580245188036,0.05994597579669381,-0.12719880981782306
AON,2025-07-24,s02_consolidation,29,2025-07-25,366.7706430985863,90,,2025-12-02,344.7904357910156,-0.05992902573083658,-0.06292902573083659,True,-0.10299999999999998,True,-0.043239580245188036,0.07609867216570576,-0.13902769789654235
APP,2025-07-16,s02_consolidation,17,2025-07-17,356.5899963378906,30,,2025-08-28,483.75,0.356600030758063,0.353600030758063,False,0.353600030758063,False,0.353600030758063,0.039269530654856055,0.31433050010320696
APP,2025-07-16,s02_consolidation,17,2025-07-17,356.5899963378906,60,,2025-10-10,569.8900146484375,0.5981660183995521,0.5951660183995521,False,0.5951660183995521,False,0.5951660183995521,0.048735377295080706,0.5464306411044714
APP,2025-07-16,s02_consolidation,17,2025-07-17,356.5899963378906,90,,2025-11-21,520.260009765625,0.4589865534888622,0.4559865534888622,False,0.4559865534888622,False,0.4559865534888622,0.05838732681309877,0.3975992266757634
AEE,2025-07-15,s02_consolidation,21,2025-07-16,93.17518426229282,30,,2025-08-27,98.11445617675781,0.053010594543722034,0.05001059454372203,False,0.05001059454372203,False,0.05001059454372203,0.03669798073350705,0.01331261381021498
AEE,2025-07-15,s02_consolidation,21,2025-07-16,93.17518426229282,60,,2025-10-09,100.86275482177734,0.08250663114165291,0.0795066311416529,False,0.0795066311416529,False,0.0795066311416529,0.07900852131202751,0.0004981098296253927
AEE,2025-07-15,s02_consolidation,21,2025-07-16,93.17518426229282,90,,2025-11-20,101.31320190429688,0.08734104157063038,0.08434104157063038,False,0.08434104157063038,False,0.08434104157063038,0.04905758410050631,0.03528345747012407
BRO,2025-07-15,s02_consolidation,20,2025-07-16,105.77462058618197,30,,2025-08-27,95.39971160888672,-0.09808505026819814,-0.10108505026819814,True,-0.10299999999999998,True,-0.03953419834914518,0.03669798073350705,-0.1377830310017052
BRO,2025-07-15,s02_consolidation,20,2025-07-16,105.77462058618197,60,,2025-10-09,94.80406951904297,-0.10371628852311054,-0.10671628852311055,True,-0.10299999999999998,True,-0.03953419834914518,0.07900852131202751,-0.18572480983513806
BRO,2025-07-15,s02_consolidation,20,2025-07-16,105.77462058618197,90,,2025-11-20,79.20524597167969,-0.2511885598573653,-0.2541885598573653,True,-0.10299999999999998,True,-0.03953419834914518,0.04905758410050631,-0.30324614395787164
