ticker,event_date,setup_type,spike_return,vol_x_sma50
ADBE,2017-10-19,s03_catalyst_rerating,0.1224,5.3
AMD,2020-07-24,s03_catalyst_rerating,0.165,3.52
AMD,2025-10-06,s03_catalyst_rerating,0.2371,4.26
AES,2025-07-09,s03_catalyst_rerating,0.1978,3.77
AES,2025-10-01,s03_catalyst_rerating,0.1679,5.86
AFL,2020-03-25,s03_catalyst_rerating,0.2618,3.05
AKAM,2017-12-18,s03_catalyst_rerating,0.1369,5.86
AKAM,2026-02-12,s03_catalyst_rerating,0.1035,3.59
ALB,2025-04-09,s03_catalyst_rerating,0.1913,3.05
AXP,2020-11-09,s03_catalyst_rerating,0.2139,3.88
AMP,2016-11-09,s03_catalyst_rerating,0.1242,3.47
APA,2019-09-16,s03_catalyst_rerating,0.1689,3.15
APA,2019-12-23,s03_catalyst_rerating,0.1729,3.42
APA,2020-03-10,s03_catalyst_rerating,0.1298,3.54
AAPL,2025-04-09,s03_catalyst_rerating,0.1533,3.13
APP,2021-10-07,s03_catalyst_rerating,0.1031,4.19
APTV,2020-03-19,s03_catalyst_rerating,0.2095,3.53
ARES,2017-01-19,s03_catalyst_rerating,0.1056,4.17
BBY,2025-04-09,s03_catalyst_rerating,0.1332,3.15
BIIB,2018-07-06,s03_catalyst_rerating,0.1963,7.2
BIIB,2020-11-04,s03_catalyst_rerating,0.4397,10.18
BIIB,2021-06-07,s03_catalyst_rerating,0.3834,13.2
BIIB,2022-09-28,s03_catalyst_rerating,0.3985,13.55
XYZ,2024-11-11,s03_catalyst_rerating,0.1186,3.3
BA,2020-03-23,s03_catalyst_rerating,0.1117,3.34
BKNG,2020-11-09,s03_catalyst_rerating,0.1875,4.29
AVGO,2023-05-26,s03_catalyst_rerating,0.1152,3.73
BLDR,2020-08-12,s03_catalyst_rerating,0.122,6.29
BG,2017-02-15,s03_catalyst_rerating,0.1003,5.4
BG,2017-05-23,s03_catalyst_rerating,0.166,5.6
BG,2018-01-19,s03_catalyst_rerating,0.1137,3.55
BG,2023-03-14,s03_catalyst_rerating,0.1448,22.03
COF,2024-11-06,s03_catalyst_rerating,0.1501,4.59
CCL,2020-03-10,s03_catalyst_rerating,0.1049,4.2
CCL,2020-04-07,s03_catalyst_rerating,0.1068,3.96
CCL,2020-11-09,s03_catalyst_rerating,0.3929,4.59
CCL,2023-06-12,s03_catalyst_rerating,0.1245,3.69
CVNA,2018-04-17,s03_catalyst_rerating,0.1136,3.87
CVNA,2020-09-22,s03_catalyst_rerating,0.3061,5.86
CVNA,2022-12-08,s03_catalyst_rerating,0.295,3.35
CVNA,2023-01-12,s03_catalyst_rerating,0.46,3.53
CVNA,2023-06-08,s03_catalyst_rerating,0.5602,8.5
CVNA,2025-12-08,s03_catalyst_rerating,0.1206,4.04
CNC,2020-03-04,s03_catalyst_rerating,0.156,3.04
CF,2026-03-12,s03_catalyst_rerating,0.1321,4.21
CMG,2018-02-14,s03_catalyst_rerating,0.1535,4.01
CI,2023-12-11,s03_catalyst_rerating,0.1668,4.48
CLX,2020-03-17,s03_catalyst_rerating,0.1327,4.0
COHR,2023-05-26,s03_catalyst_rerating,0.1402,3.97
COHR,2024-06-03,s03_catalyst_rerating,0.2285,5.32
COIN,2022-08-04,s03_catalyst_rerating,0.1001,3.61
COIN,2023-07-13,s03_catalyst_rerating,0.2449,3.95
COIN,2024-11-06,s03_catalyst_rerating,0.3111,3.69
COIN,2025-05-13,s03_catalyst_rerating,0.2397,4.14
COIN,2025-06-18,s03_catalyst_rerating,0.1632,3.25
FIX,2016-09-16,s03_catalyst_rerating,0.1319,5.1
CEG,2022-07-28,s03_catalyst_rerating,0.1632,3.1
CEG,2024-09-20,s03_catalyst_rerating,0.2229,4.28
CEG,2025-01-10,s03_catalyst_rerating,0.2516,4.36
CRWD,2025-09-18,s03_catalyst_rerating,0.1282,3.19
DHR,2016-07-05,s03_catalyst_rerating,0.6122,4.26
DDOG,2020-09-30,s03_catalyst_rerating,0.1236,5.88
DDOG,2025-07-03,s03_catalyst_rerating,0.1492,5.74
DVA,2017-12-06,s03_catalyst_rerating,0.1357,3.9
DELL,2020-07-16,s03_catalyst_rerating,0.1219,7.57
DAL,2020-03-24,s03_catalyst_rerating,0.2102,3.66
DVN,2020-09-28,s03_catalyst_rerating,0.1111,4.7
DVN,2021-06-01,s03_catalyst_rerating,0.137,3.39
FANG,2016-10-10,s03_catalyst_rerating,0.111,3.26
FANG,2016-11-30,s03_catalyst_rerating,0.1305,5.17
FANG,2020-03-10,s03_catalyst_rerating,0.1042,3.77
FANG,2020-11-09,s03_catalyst_rerating,0.3096,3.2
DLR,2020-03-10,s03_catalyst_rerating,0.1142,4.23
DLTR,2021-09-29,s03_catalyst_rerating,0.1649,7.42
DLTR,2021-11-15,s03_catalyst_rerating,0.1428,4.26
DPZ,2023-07-12,s03_catalyst_rerating,0.1109,4.22
DOW,2020-03-17,s03_catalyst_rerating,0.2091,3.06
EIX,2018-11-16,s03_catalyst_rerating,0.1538,3.04
EW,2016-04-04,s03_catalyst_rerating,0.1686,4.36
EA,2025-09-26,s03_catalyst_rerating,0.1487,4.52
ELV,2020-11-04,s03_catalyst_rerating,0.1172,3.06
EOG,2016-11-30,s03_catalyst_rerating,0.109,3.06
EQR,2020-11-09,s03_catalyst_rerating,0.1506,3.58
ERIE,2023-08-02,s03_catalyst_rerating,0.1699,3.96
EXPE,2020-11-09,s03_catalyst_rerating,0.2457,7.1
FFIV,2016-06-07,s03_catalyst_rerating,0.1263,3.48
FICO,2025-10-02,s03_catalyst_rerating,0.1798,4.95
FRT,2020-11-09,s03_catalyst_rerating,0.329,4.1
FDX,2022-06-14,s03_catalyst_rerating,0.1441,5.42
FSLR,2023-05-12,s03_catalyst_rerating,0.2648,8.51
FSLR,2024-05-22,s03_catalyst_rerating,0.1869,6.4
FSLR,2025-05-12,s03_catalyst_rerating,0.1104,3.06
FE,2018-01-22,s03_catalyst_rerating,0.1037,6.39
FLEX,2020-10-16,s03_catalyst_rerating,0.1241,6.78
F,2022-01-04,s03_catalyst_rerating,0.1167,3.06
F,2026-05-13,s03_catalyst_rerating,0.1318,4.34
BEN,2016-11-09,s03_catalyst_rerating,0.1238,4.6
GE,2020-09-16,s03_catalyst_rerating,0.1066,3.07
GEV,2025-12-10,s03_catalyst_rerating,0.1562,3.51
GEN,2018-11-06,s03_catalyst_rerating,0.1259,3.59
GEN,2019-07-03,s03_catalyst_rerating,0.1357,5.04
GM,2018-05-31,s03_catalyst_rerating,0.1287,5.39
GL,2024-04-12,s03_catalyst_rerating,0.2017,12.12
HAL,2016-11-30,s03_catalyst_rerating,0.1109,3.65
HIG,2021-03-18,s03_catalyst_rerating,0.1871,9.39
HSY,2016-06-30,s03_catalyst_rerating,0.1683,11.28
HSY,2024-12-09,s03_catalyst_rerating,0.1085,7.32
HPE,2025-06-30,s03_catalyst_rerating,0.1108,3.29
HLT,2020-11-09,s03_catalyst_rerating,0.1223,3.44
HWM,2018-07-16,s03_catalyst_rerating,0.1047,4.05
HPQ,2022-04-07,s03_catalyst_rerating,0.1475,5.78
HII,2016-11-09,s03_catalyst_rerating,0.1141,3.46
IBM,2026-05-21,s03_catalyst_rerating,0.1243,4.12
INCY,2016-11-09,s03_catalyst_rerating,0.1299,3.26
PODD,2022-01-28,s03_catalyst_rerating,0.1837,4.15
INTC,2025-02-18,s03_catalyst_rerating,0.1606,3.29
INTC,2025-09-18,s03_catalyst_rerating,0.2277,4.9
IFF,2021-02-01,s03_catalyst_rerating,0.1581,6.92
IP,2024-03-19,s03_catalyst_rerating,0.1096,3.02
IVZ,2025-07-18,s03_catalyst_rerating,0.1528,6.49
IRM,2021-01-27,s03_catalyst_rerating,0.1081,5.43
KDP,2018-01-29,s03_catalyst_rerating,0.2239,15.39
KDP,2018-07-10,s03_catalyst_rerating,0.1145,6.9
KIM,2020-11-09,s03_catalyst_rerating,0.3226,3.83
KKR,2024-06-10,s03_catalyst_rerating,0.1118,5.14
KR,2019-11-05,s03_catalyst_rerating,0.1136,3.05
LVS,2022-01-14,s03_catalyst_rerating,0.1415,5.49
LVS,2022-09-26,s03_catalyst_rerating,0.1181,4.41
LLY,2020-06-16,s03_catalyst_rerating,0.1568,3.89
LLY,2020-11-04,s03_catalyst_rerating,0.1344,3.06
LLY,2021-06-07,s03_catalyst_rerating,0.1015,5.24
LYV,2020-03-13,s03_catalyst_rerating,0.1837,3.08
LYV,2020-11-09,s03_catalyst_rerating,0.1485,6.54
LULU,2023-10-16,s03_catalyst_rerating,0.1031,7.69
LITE,2023-05-26,s03_catalyst_rerating,0.1175,3.21
LYB,2025-04-09,s03_catalyst_rerating,0.124,3.21
MTB,2020-11-09,s03_catalyst_rerating,0.251,3.0
MAR,2020-03-20,s03_catalyst_rerating,0.1165,3.92
MLM,2016-11-09,s03_catalyst_rerating,0.1157,4.48
MRVL,2016-04-05,s03_catalyst_rerating,0.131,4.1
MRVL,2016-07-20,s03_catalyst_rerating,0.1411,5.17
MRVL,2016-11-18,s03_catalyst_rerating,0.1078,5.07
MRVL,2026-06-02,s03_catalyst_rerating,0.3252,3.78
MGM,2020-03-10,s03_catalyst_rerating,0.1628,4.7
MGM,2026-06-01,s03_catalyst_rerating,0.1608,5.27
MRNA,2020-02-07,s03_catalyst_rerating,0.169,3.62
MRNA,2020-03-16,s03_catalyst_rerating,0.2437,3.32
MRNA,2020-05-18,s03_catalyst_rerating,0.1996,4.45
MRNA,2020-07-17,s03_catalyst_rerating,0.1594,3.8
MRNA,2020-11-27,s03_catalyst_rerating,0.1635,3.77
MRNA,2021-07-16,s03_catalyst_rerating,0.103,4.5
MRNA,2022-12-13,s03_catalyst_rerating,0.1963,5.3
MRNA,2025-10-30,s03_catalyst_rerating,0.1393,4.23
MPWR,2023-05-25,s03_catalyst_rerating,0.1746,3.86
NFLX,2022-01-31,s03_catalyst_rerating,0.1113,3.09
NFLX,2026-02-27,s03_catalyst_rerating,0.1377,4.08
NOC,2023-10-09,s03_catalyst_rerating,0.1143,3.82
NCLH,2020-03-13,s03_catalyst_rerating,0.1503,7.7
NCLH,2026-02-17,s03_catalyst_rerating,0.1215,3.04
NRG,2017-07-12,s03_catalyst_rerating,0.2939,8.88
NVDA,2021-11-04,s03_catalyst_rerating,0.1204,4.44
NXPI,2016-09-29,s03_catalyst_rerating,0.1688,6.73
NXPI,2018-05-14,s03_catalyst_rerating,0.1185,3.76
OXY,2020-03-10,s03_catalyst_rerating,0.1463,6.83
OXY,2022-03-04,s03_catalyst_rerating,0.1759,4.46
ON,2020-10-08,s03_catalyst_rerating,0.1152,3.53
OKE,2020-03-19,s03_catalyst_rerating,0.3331,3.43
PCAR,2021-01-21,s03_catalyst_rerating,0.1046,5.33
PSKY,2023-12-08,s03_catalyst_rerating,0.1211,3.58
PSKY,2024-04-03,s03_catalyst_rerating,0.1497,3.35
PSKY,2025-08-13,s03_catalyst_rerating,0.3674,8.36
PCG,2018-11-16,s03_catalyst_rerating,0.3754,5.29
PCG,2019-04-12,s03_catalyst_rerating,0.2065,3.1
PCG,2019-10-29,s03_catalyst_rerating,0.3237,4.07
PTC,2025-07-09,s03_catalyst_rerating,0.1765,4.4
PWR,2021-09-02,s03_catalyst_rerating,0.1206,3.93
QCOM,2019-04-16,s03_catalyst_rerating,0.2321,6.27
QCOM,2025-10-27,s03_catalyst_rerating,0.1109,9.15
REGN,2016-04-01,s03_catalyst_rerating,0.1243,3.11
REGN,2016-11-09,s03_catalyst_rerating,0.1377,3.78
REGN,2020-03-17,s03_catalyst_rerating,0.1154,3.19
REGN,2022-09-08,s03_catalyst_rerating,0.1885,6.2
HOOD,2022-03-29,s03_catalyst_rerating,0.242,4.21
HOOD,2022-06-27,s03_catalyst_rerating,0.14,3.31
HOOD,2023-12-05,s03_catalyst_rerating,0.1026,4.54
HOOD,2024-05-17,s03_catalyst_rerating,0.1223,3.29
HOOD,2024-11-06,s03_catalyst_rerating,0.1963,3.44
ROST,2020-11-09,s03_catalyst_rerating,0.1556,3.25
RCL,2020-03-24,s03_catalyst_rerating,0.2228,3.01
RCL,2020-11-09,s03_catalyst_rerating,0.2879,3.62
SNDK,2025-09-04,s03_catalyst_rerating,0.179,4.02
SBAC,2026-04-02,s03_catalyst_rerating,0.1893,6.03
SRE,2018-06-11,s03_catalyst_rerating,0.1554,5.4
SW,2016-09-06,s03_catalyst_rerating,0.1355,5.56
SW,2020-03-27,s03_catalyst_rerating,0.1168,4.79
SW,2022-10-10,s03_catalyst_rerating,0.1295,5.44
SWK,2025-04-09,s03_catalyst_rerating,0.1497,3.3
SBUX,2024-08-13,s03_catalyst_rerating,0.245,10.57
SMCI,2024-11-19,s03_catalyst_rerating,0.3124,3.23
SYF,2024-11-06,s03_catalyst_rerating,0.1881,3.1
TMUS,2020-02-11,s03_catalyst_rerating,0.1178,8.05
TTWO,2018-10-30,s03_catalyst_rerating,0.11,3.7
TPR,2024-10-25,s03_catalyst_rerating,0.1354,5.94
TRGP,2020-03-19,s03_catalyst_rerating,0.351,3.49
TRGP,2021-06-04,s03_catalyst_rerating,0.1228,6.1
TSLA,2020-02-03,s03_catalyst_rerating,0.1989,3.27
TXN,2025-04-09,s03_catalyst_rerating,0.1609,3.02
TPL,2016-09-08,s03_catalyst_rerating,0.1926,20.86
TPL,2020-03-10,s03_catalyst_rerating,0.128,3.74
TPL,2020-11-09,s03_catalyst_rerating,0.1556,4.16
TPL,2024-06-10,s03_catalyst_rerating,0.2426,7.36
TPL,2024-11-22,s03_catalyst_rerating,0.1415,6.26
TKO,2017-10-26,s03_catalyst_rerating,0.1323,4.98
TKO,2018-05-17,s03_catalyst_rerating,0.1542,11.01
TKO,2020-04-24,s03_catalyst_rerating,0.1464,3.18
TKO,2021-06-09,s03_catalyst_rerating,0.1089,8.6
TKO,2023-01-06,s03_catalyst_rerating,0.1698,10.99
TKO,2024-01-23,s03_catalyst_rerating,0.1579,7.51
TTD,2017-02-28,s03_catalyst_rerating,0.1461,11.97
TTD,2021-06-24,s03_catalyst_rerating,0.1604,3.29
TTD,2026-03-05,s03_catalyst_rerating,0.1836,5.13
TRMB,2020-03-19,s03_catalyst_rerating,0.1881,4.18
TFC,2024-11-06,s03_catalyst_rerating,0.1106,4.26
UBER,2021-09-21,s03_catalyst_rerating,0.1149,4.27
UBER,2024-10-11,s03_catalyst_rerating,0.1081,3.62
ULTA,2016-10-13,s03_catalyst_rerating,0.1137,4.75
ULTA,2020-11-09,s03_catalyst_rerating,0.1497,3.98
ULTA,2024-08-15,s03_catalyst_rerating,0.1117,4.8
UNP,2023-02-27,s03_catalyst_rerating,0.1009,3.91
UAL,2020-03-13,s03_catalyst_rerating,0.123,3.51
UAL,2025-04-09,s03_catalyst_rerating,0.2614,3.6
URI,2016-11-09,s03_catalyst_rerating,0.1712,4.6
URI,2024-11-06,s03_catalyst_rerating,0.1032,3.38
URI,2025-04-09,s03_catalyst_rerating,0.1072,3.12
UNH,2020-03-04,s03_catalyst_rerating,0.1072,3.2
UNH,2025-08-15,s03_catalyst_rerating,0.1198,4.21
VLO,2020-11-09,s03_catalyst_rerating,0.312,3.65
VEEV,2026-05-01,s03_catalyst_rerating,0.1002,3.41
VTR,2020-03-13,s03_catalyst_rerating,0.2178,3.23
VRSN,2018-11-02,s03_catalyst_rerating,0.172,4.82
VRTX,2017-03-29,s03_catalyst_rerating,0.2045,7.67
VRTX,2017-07-19,s03_catalyst_rerating,0.2083,8.29
VRTX,2018-06-29,s03_catalyst_rerating,0.1516,3.94
VRTX,2023-12-13,s03_catalyst_rerating,0.1323,4.34
VRT,2023-05-25,s03_catalyst_rerating,0.1398,6.99
VTRS,2017-10-04,s03_catalyst_rerating,0.162,4.66
VTRS,2018-11-06,s03_catalyst_rerating,0.1613,5.34
VTRS,2019-07-29,s03_catalyst_rerating,0.1257,7.91
VTRS,2020-11-19,s03_catalyst_rerating,0.1186,4.2
VST,2021-10-13,s03_catalyst_rerating,0.1104,4.01
VST,2023-03-06,s03_catalyst_rerating,0.1387,4.92
VST,2024-09-20,s03_catalyst_rerating,0.166,3.58
VST,2026-01-09,s03_catalyst_rerating,0.1047,3.07
WAB,2020-11-09,s03_catalyst_rerating,0.1224,3.78
DIS,2019-04-12,s03_catalyst_rerating,0.1154,4.85
DIS,2020-12-11,s03_catalyst_rerating,0.1359,7.48
WBD,2022-01-07,s03_catalyst_rerating,0.1687,5.71
WBD,2025-09-11,s03_catalyst_rerating,0.2895,4.52
WEC,2020-03-17,s03_catalyst_rerating,0.1055,3.03
WFC,2024-11-06,s03_catalyst_rerating,0.1311,3.34
WDC,2016-09-07,s03_catalyst_rerating,0.1209,3.66
WDC,2020-12-31,s03_catalyst_rerating,0.1183,3.35
WSM,2023-09-25,s03_catalyst_rerating,0.1162,4.62
WYNN,2022-09-26,s03_catalyst_rerating,0.1199,5.12
