ticker,event_date,setup_type,pct_of_52wk_high,entry_date,entry_price,horizon,exit_date,exit_price,raw_return,net_return,sl_hit_pct10,sl_return_pct10,sl_hit_atr2,sl_return_atr2,spy_return,edge_vs_spy
XLE,2016-02-22,s04_sector_rebound,0.7188,2016-02-23,18.95859101393369,30,2016-04-06,20.351442337036133,0.07346808220498868,0.07046808220498868,False,0.07046808220498868,False,0.07046808220498868,0.06950826549071487,0.000959816714273809
XLE,2016-02-22,s04_sector_rebound,0.7188,2016-02-23,18.95859101393369,60,2016-05-18,21.761146545410156,0.14782509572661362,0.14482509572661362,False,0.14482509572661362,False,0.14482509572661362,0.061684690081083904,0.08314040564552971
XLE,2016-02-22,s04_sector_rebound,0.7188,2016-02-23,18.95859101393369,90,2016-06-30,22.73052406311035,0.1989564016864156,0.1959564016864156,False,0.1959564016864156,False,0.1959564016864156,0.09100737757269561,0.10494902411371998
XLE,2020-04-28,s04_sector_rebound,0.5926,2020-04-29,14.624608483503721,30,2020-06-11,15.199882507324219,0.03933602902733413,0.03633602902733413,False,0.03633602902733413,False,0.03633602902733413,0.03114567271725255,0.005190356310081579
XLE,2020-04-28,s04_sector_rebound,0.5926,2020-04-29,14.624608483503721,60,2020-07-24,14.867630004882812,0.016617301013782004,0.013617301013782005,False,0.013617301013782005,False,0.013617301013782005,0.10551931130236003,-0.09190201028857803
XLE,2020-04-28,s04_sector_rebound,0.5926,2020-04-29,14.624608483503721,90,2020-09-04,13.821227073669434,-0.054933532801270335,-0.05793353280127034,False,-0.05793353280127034,False,-0.05793353280127034,0.18024722152354178,-0.23818075432481212
XLE,2020-06-25,s04_sector_rebound,0.6378,2020-06-26,14.883490098999903,30,2020-08-10,15.192651748657227,0.020772120490616386,0.017772120490616387,False,0.017772120490616387,False,0.017772120490616387,0.09606106641004697,-0.07828894591943059
XLE,2020-06-25,s04_sector_rebound,0.6378,2020-06-26,14.883490098999903,60,2020-09-22,12.747292518615723,-0.14352800090401663,-0.14652800090401663,True,-0.10299999999999998,True,-0.09703073707964749,0.08316626853651932,-0.22969426944053595
XLE,2020-06-25,s04_sector_rebound,0.6378,2020-06-26,14.883490098999903,90,2020-11-03,11.897208213806152,-0.20064392594277425,-0.20364392594277425,True,-0.10299999999999998,True,-0.09703073707964749,0.10195704342537248,-0.30560096936814674
XLE,2020-08-10,s04_sector_rebound,0.652,2020-08-11,15.489923969463943,30,2020-09-23,12.17116928100586,-0.21425248406644926,-0.21725248406644926,True,-0.10299999999999998,True,-0.06313328886370173,-0.038350909585894266,-0.178901574480555
XLE,2020-08-10,s04_sector_rebound,0.652,2020-08-11,15.489923969463943,60,2020-11-04,11.913322448730469,-0.2308985846401962,-0.2338985846401962,True,-0.10299999999999998,True,-0.06313328886370173,0.02394279691730583,-0.257841381557502
XLE,2020-08-10,s04_sector_rebound,0.652,2020-08-11,15.489923969463943,90,2020-12-17,16.14362335205078,0.0422015875530124,0.039201587553012396,True,-0.10299999999999998,True,-0.06313328886370173,0.10948539107073141,-0.07028380351771901
XLE,2020-11-09,s04_sector_rebound,0.5717,2020-11-10,13.569181894443481,30,2020-12-23,15.645052909851074,0.1529842426430772,0.1499842426430772,False,0.1499842426430772,False,0.1499842426430772,0.04426416376667808,0.10572007887639912
XLE,2020-11-09,s04_sector_rebound,0.5717,2020-11-10,13.569181894443481,60,2021-02-08,18.10286521911621,0.3341161876921446,0.33111618769214457,False,0.33111618769214457,False,0.33111618769214457,0.10943647284315494,0.22167971484898963
XLE,2020-11-09,s04_sector_rebound,0.5717,2020-11-10,13.569181894443481,90,2021-03-23,19.73493194580078,0.454393647260499,0.451393647260499,False,0.451393647260499,False,0.451393647260499,0.11019138932937289,0.34120225793112613
XLE,2021-02-02,s04_sector_rebound,0.7757,2021-02-03,16.428936860931344,30,2021-03-18,20.21771812438965,0.2306163384478137,0.2276163384478137,False,0.2276163384478137,False,0.2276163384478137,0.02363789664541871,0.203978441802395
XLE,2021-02-02,s04_sector_rebound,0.7757,2021-02-03,16.428936860931344,60,2021-04-30,20.378591537475586,0.2404084153452848,0.23740841534528478,False,0.23740841534528478,False,0.23740841534528478,0.09472539544514413,0.14268301990014065
XLE,2021-02-02,s04_sector_rebound,0.7757,2021-02-03,16.428936860931344,90,2021-06-14,22.75107765197754,0.3848174014278729,0.3818174014278729,False,0.3818174014278729,False,0.3818174014278729,0.11560738850100938,0.2662100129268635
XLF,2020-04-29,s04_sector_rebound,0.7564,2020-04-30,20.47751246684357,30,2020-06-12,21.299837112426758,0.04015744817221645,0.037157448172216445,True,-0.10299999999999998,True,-0.09249585349022171,0.04285094548613122,-0.005693497313914775
XLF,2020-04-29,s04_sector_rebound,0.7564,2020-04-30,20.47751246684357,60,2020-07-27,21.651588439941406,0.05733489236052747,0.054334892360527465,True,-0.10299999999999998,True,-0.09249585349022171,0.1128947152248918,-0.05855982286436434
XLF,2020-04-29,s04_sector_rebound,0.7564,2020-04-30,20.47751246684357,90,2020-09-08,22.16431999206543,0.08237365392662199,0.07937365392662199,True,-0.10299999999999998,True,-0.09249585349022171,0.14729172987559003,-0.06791807594896804
XLF,2020-05-18,s04_sector_rebound,0.716,2020-05-19,19.66413437204765,30,2020-07-01,20.635129928588867,0.04937901349583318,0.04637901349583318,False,0.04637901349583318,False,0.04637901349583318,0.059576630004453124,-0.013197616508619947
XLF,2020-05-18,s04_sector_rebound,0.716,2020-05-19,19.66413437204765,60,2020-08-13,22.560115814208984,0.14727225655444776,0.14427225655444775,False,0.14427225655444775,False,0.14427225655444775,0.1493533321906173,-0.005081075636169552
XLF,2020-05-18,s04_sector_rebound,0.716,2020-05-19,19.66413437204765,90,2020-09-25,21.24608039855957,0.08044829213334914,0.07744829213334914,False,0.07744829213334914,False,0.07744829213334914,0.1262043485156361,-0.04875605638228697
XLF,2020-06-30,s04_sector_rebound,0.7535,2020-07-01,20.904985149352683,30,2020-08-13,22.560110092163086,0.07917369617751935,0.07617369617751935,False,0.07617369617751935,False,0.07617369617751935,0.08805711906223346,-0.011883422884714112
XLF,2020-06-30,s04_sector_rebound,0.7535,2020-07-01,20.904985149352683,60,2020-09-25,21.246082305908203,0.016316546226586626,0.013316546226586626,False,0.013316546226586626,False,0.013316546226586626,0.06614279758850028,-0.052826251361913656
XLF,2020-06-30,s04_sector_rebound,0.7535,2020-07-01,20.904985149352683,90,2020-11-06,22.575658798217773,0.07991747599575905,0.07691747599575904,False,0.07691747599575904,False,0.07691747599575904,0.13564501689453912,-0.05872754089878007
XLF,2022-10-24,s04_sector_rebound,0.799,2022-10-25,30.465387938694807,30,2022-12-07,32.47451400756836,0.06594782488627748,0.06294782488627748,False,0.06294782488627748,False,0.06294782488627748,0.03793664343194658,0.0250111814543309
XLF,2022-10-24,s04_sector_rebound,0.799,2022-10-25,30.465387938694807,60,2023-01-23,33.783470153808594,0.10891317785910792,0.10591317785910792,False,0.10591317785910792,False,0.10591317785910792,0.06251391253501959,0.04339926532408833
XLF,2022-10-24,s04_sector_rebound,0.799,2022-10-25,30.465387938694807,90,2023-03-07,33.1505012512207,0.0881365212853722,0.08513652128537219,False,0.08513652128537219,False,0.08513652128537219,0.05625502864241616,0.02888149264295603
XLK,2022-07-19,s04_sector_rebound,0.7682,2022-07-20,65.59955292822774,30,2022-08-31,65.6675033569336,0.0010358367652323341,-0.001964163234767666,False,-0.001964163234767666,False,-0.001964163234767666,0.006904858219683119,-0.008869021454450784
XLK,2022-07-19,s04_sector_rebound,0.7682,2022-07-20,65.59955292822774,60,2022-10-13,58.4903678894043,-0.10837246172396298,-0.11137246172396298,True,-0.10299999999999998,True,-0.05597102725530356,-0.06369081606814175,-0.047681645655821225
XLK,2022-07-19,s04_sector_rebound,0.7682,2022-07-20,65.59955292822774,90,2022-11-25,65.02174377441406,-0.00880812639753592,-0.01180812639753592,True,-0.10299999999999998,True,-0.05597102725530356,0.02933396695294399,-0.041142093350479914
XLK,2022-09-12,s04_sector_rebound,0.7926,2022-09-13,65.74518658607056,30,2022-10-25,62.5250244140625,-0.048979436202411186,-0.05197943620241119,True,-0.10299999999999998,True,-0.053076774558064366,-0.03814765828833566,-0.013831777914075527
XLK,2022-09-12,s04_sector_rebound,0.7926,2022-09-13,65.74518658607056,60,2022-12-07,63.07499313354492,-0.04061428054554139,-0.043614280545541395,True,-0.10299999999999998,True,-0.053076774558064366,-0.01755703859658364,-0.026057241948957754
XLK,2022-09-12,s04_sector_rebound,0.7926,2022-09-13,65.74518658607056,90,2023-01-23,65.56476593017578,-0.0027442412937497274,-0.005744241293749727,True,-0.10299999999999998,True,-0.053076774558064366,0.005706275578814868,-0.011450516872564594
XLK,2022-10-28,s04_sector_rebound,0.7386,2022-10-31,62.43741439514343,30,2022-12-13,65.87344360351562,0.055031574283759266,0.05203157428375926,False,0.05203157428375926,True,-0.05855488611791093,0.040187164187020175,0.011844410096739089
XLK,2022-10-28,s04_sector_rebound,0.7386,2022-10-31,62.43741439514343,60,2023-01-27,66.72151184082031,0.06861426737763998,0.06561426737763998,False,0.06561426737763998,True,-0.05855488611791093,0.05460835059208047,0.01100591678555951
XLK,2022-10-28,s04_sector_rebound,0.7386,2022-10-31,62.43741439514343,90,2023-03-13,66.62877655029297,0.06712901544295136,0.06412901544295135,False,0.06412901544295135,True,-0.05855488611791093,0.0017841821587609719,0.06234483328419038
XLK,2022-12-21,s04_sector_rebound,0.7299,2022-12-22,61.54291524537365,30,2023-02-07,70.06002044677734,0.13839294364665222,0.13539294364665222,False,0.13539294364665222,False,0.13539294364665222,0.08390543465772105,0.051487508988931174
XLK,2022-12-21,s04_sector_rebound,0.7299,2022-12-22,61.54291524537365,60,2023-03-22,70.07283782958984,0.13860121104447365,0.13560121104447365,False,0.13560121104447365,False,0.13560121104447365,0.02755894621551458,0.10804226482895907
XLK,2022-12-21,s04_sector_rebound,0.7299,2022-12-22,61.54291524537365,90,2023-05-04,72.17134094238281,0.17269941884672302,0.16969941884672302,False,0.16969941884672302,False,0.16969941884672302,0.061679125441015614,0.1080202934057074
XLK,2023-01-11,s04_sector_rebound,0.773,2023-01-12,63.13895936982514,30,2023-02-27,66.78009796142578,0.05766865067055238,0.05466865067055238,False,0.05466865067055238,False,0.05466865067055238,0.002672366409689042,0.051996284260863335
XLK,2023-01-11,s04_sector_rebound,0.773,2023-01-12,63.13895936982514,60,2023-04-11,72.19580841064453,0.14344311549024003,0.14044311549024002,False,0.14044311549024002,False,0.14044311549024002,0.036840933875239346,0.10360218161500068
XLK,2023-01-11,s04_sector_rebound,0.773,2023-01-12,63.13895936982514,90,2023-05-23,76.04064178466797,0.2043379007765005,0.2013379007765005,False,0.2013379007765005,False,0.2013379007765005,0.047899739513794115,0.15343816126270637
XLI,2020-04-29,s04_sector_rebound,0.7746,2020-04-30,58.79304086715125,30,2020-06-12,62.63370132446289,0.06532508610993593,0.06232508610993592,True,-0.10299999999999998,True,-0.07965548212953322,0.04285094548613122,0.019474140623804703
XLI,2020-04-29,s04_sector_rebound,0.7746,2020-04-30,58.79304086715125,60,2020-07-27,65.94673156738281,0.12167580711458759,0.11867580711458758,True,-0.10299999999999998,True,-0.07965548212953322,0.1128947152248918,0.0057810918896957775
XLI,2020-04-29,s04_sector_rebound,0.7746,2020-04-30,58.79304086715125,90,2020-09-08,69.82273864746094,0.18760209741884926,0.18460209741884925,True,-0.10299999999999998,True,-0.07965548212953322,0.14729172987559003,0.037310367543259226
XLI,2020-05-18,s04_sector_rebound,0.7494,2020-05-19,57.573492438825646,30,2020-07-01,62.5186882019043,0.08589362141497903,0.08289362141497902,False,0.08289362141497902,False,0.08289362141497902,0.059576630004453124,0.0233169914105259
XLI,2020-05-18,s04_sector_rebound,0.7494,2020-05-19,57.573492438825646,60,2020-08-13,70.59976959228516,0.22625476763113683,0.22325476763113683,False,0.22325476763113683,False,0.22325476763113683,0.1493533321906173,0.07390143544051953
XLI,2020-05-18,s04_sector_rebound,0.7494,2020-05-19,57.573492438825646,90,2020-09-25,70.195068359375,0.21922546967183432,0.21622546967183431,False,0.21622546967183431,False,0.21622546967183431,0.1262043485156361,0.0900211211561982
XLRE,2020-05-18,s04_sector_rebound,0.7807,2020-05-19,26.193912712437886,30,2020-07-01,29.20493507385254,0.11495122528925972,0.11195122528925971,False,0.11195122528925971,False,0.11195122528925971,0.059576630004453124,0.05237459528480659
XLRE,2020-05-18,s04_sector_rebound,0.7807,2020-05-19,26.193912712437886,60,2020-08-13,29.21310043334961,0.11526295265838993,0.11226295265838993,False,0.11226295265838993,False,0.11226295265838993,0.1493533321906173,-0.03709037953222738
XLRE,2020-05-18,s04_sector_rebound,0.7807,2020-05-19,26.193912712437886,90,2020-09-25,28.48518180847168,0.08747334242073013,0.08447334242073012,False,0.08447334242073012,False,0.08447334242073012,0.1262043485156361,-0.04173100609490599
XLRE,2022-11-10,s04_sector_rebound,0.7654,2022-11-11,34.129037563119574,30,2022-12-27,32.89192581176758,-0.03624807025583521,-0.03924807025583521,False,-0.03924807025583521,True,-0.05391493662683655,-0.03144324229731954,-0.00780482795851567
XLRE,2022-11-10,s04_sector_rebound,0.7654,2022-11-11,34.129037563119574,60,2023-02-09,35.54636764526367,0.04152856873044941,0.03852856873044941,False,0.03852856873044941,True,-0.05391493662683655,0.033796097724598795,0.004732471005850614
XLRE,2022-11-10,s04_sector_rebound,0.7654,2022-11-11,34.129037563119574,90,2023-03-24,31.74909782409668,-0.06973357319617768,-0.07273357319617768,True,-0.10299999999999998,True,-0.05391493662683655,0.00883391092175767,-0.08156748411793535
XLRE,2022-12-21,s04_sector_rebound,0.7375,2022-12-22,32.492435642139554,30,2023-02-07,35.99024200439453,0.10764986659598574,0.10464986659598574,False,0.10464986659598574,False,0.10464986659598574,0.08390543465772105,0.020744431938264696
XLRE,2022-12-21,s04_sector_rebound,0.7375,2022-12-22,32.492435642139554,60,2023-03-22,31.141115188598633,-0.04158877064261657,-0.04458877064261657,False,-0.04458877064261657,False,-0.04458877064261657,0.02755894621551458,-0.07214771685813115
XLRE,2022-12-21,s04_sector_rebound,0.7375,2022-12-22,32.492435642139554,90,2023-05-04,32.965057373046875,0.01454559258384358,0.011545592583843581,False,0.011545592583843581,True,-0.047293103008795745,0.061679125441015614,-0.050133532857172036
XLRE,2023-01-06,s04_sector_rebound,0.7702,2023-01-09,33.788570222063086,30,2023-02-22,34.161441802978516,0.011035435310368769,0.00803543531036877,False,0.00803543531036877,False,0.00803543531036877,0.020929063543345672,-0.012893628232976902
XLRE,2023-01-06,s04_sector_rebound,0.7702,2023-01-09,33.788570222063086,60,2023-04-05,32.947174072265625,-0.02490179798279979,-0.02790179798279979,False,-0.02790179798279979,True,-0.04746099949499738,0.04812263412559137,-0.07602443210839116
XLRE,2023-01-06,s04_sector_rebound,0.7702,2023-01-09,33.788570222063086,90,2023-05-18,32.42860412597656,-0.0402492939816228,-0.043249293981622805,False,-0.043249293981622805,True,-0.04746099949499738,0.07802862048022008,-0.12127791446184288
XLRE,2023-04-19,s04_sector_rebound,0.7697,2023-04-20,33.40315584476882,30,2023-06-02,32.91141128540039,-0.01472150001795225,-0.01772150001795225,False,-0.01772150001795225,True,-0.0398523192732978,0.040636198247008704,-0.058357698264960955
XLRE,2023-04-19,s04_sector_rebound,0.7697,2023-04-20,33.40315584476882,60,2023-07-18,34.42848587036133,0.030695603444100383,0.027695603444100384,False,0.027695603444100384,True,-0.0398523192732978,0.10862371955469685,-0.08092811611059647
XLRE,2023-04-19,s04_sector_rebound,0.7697,2023-04-20,33.40315584476882,90,2023-08-29,33.543846130371094,0.004211886034244605,0.001211886034244605,False,0.001211886034244605,True,-0.0398523192732978,0.09634603314174339,-0.09513414710749879
XLC,2022-07-19,s04_sector_rebound,0.6693,2022-07-20,54.96141983367474,30,2022-08-31,52.10602951049805,-0.05195263025987551,-0.05495263025987551,False,-0.05495263025987551,True,-0.0545210160504348,0.006904858219683119,-0.06185748847955863
XLC,2022-07-19,s04_sector_rebound,0.6693,2022-07-20,54.96141983367474,60,2022-10-13,46.839019775390625,-0.14778366503020246,-0.15078366503020246,True,-0.10299999999999998,True,-0.0545210160504348,-0.06369081606814175,-0.08709284896206071
XLC,2022-07-19,s04_sector_rebound,0.6693,2022-07-20,54.96141983367474,90,2022-11-25,48.2025146484375,-0.12297544724447007,-0.12597544724447007,True,-0.10299999999999998,True,-0.0545210160504348,0.02933396695294399,-0.15530941419741406
XLC,2022-08-03,s04_sector_rebound,0.6747,2022-08-04,54.99975477391288,30,2022-09-16,49.959693908691406,-0.09163787885854435,-0.09463787885854436,False,-0.09463787885854436,True,-0.051510774452436126,-0.06570483956273698,-0.028933039295807372
XLC,2022-08-03,s04_sector_rebound,0.6747,2022-08-04,54.99975477391288,60,2022-10-28,47.079071044921875,-0.14401307354097326,-0.14701307354097326,True,-0.10299999999999998,True,-0.051510774452436126,-0.05732074562148226,-0.089692327919491
XLC,2022-08-03,s04_sector_rebound,0.6747,2022-08-04,54.99975477391288,90,2022-12-12,47.84723663330078,-0.1300463642067844,-0.1330463642067844,True,-0.10299999999999998,True,-0.051510774452436126,-0.03325820721238437,-0.09978815699440002
XLC,2022-08-25,s04_sector_rebound,0.668,2022-08-26,54.44399349092915,30,2022-10-10,46.666175842285156,-0.1428590584549947,-0.1458590584549947,True,-0.10299999999999998,True,-0.047897374173450524,-0.13803631850831,-0.007822739946684698
XLC,2022-08-25,s04_sector_rebound,0.668,2022-08-26,54.44399349092915,60,2022-11-21,47.165489196777344,-0.13368792087899417,-0.13668792087899417,True,-0.10299999999999998,True,-0.047897374173450524,-0.05526872265052585,-0.08141919822846833
XLC,2022-08-25,s04_sector_rebound,0.668,2022-08-26,54.44399349092915,90,2023-01-05,47.734012603759766,-0.12324556772800521,-0.12624556772800521,True,-0.10299999999999998,True,-0.047897374173450524,-0.08751374135080348,-0.03873182637720174
XLC,2022-11-11,s04_sector_rebound,0.6197,2022-11-14,47.68400927797583,30,2022-12-28,44.93292236328125,-0.05769411918903489,-0.06069411918903489,False,-0.06069411918903489,True,-0.058047068080437025,-0.04606064983833291,-0.014633469350701978
XLC,2022-11-11,s04_sector_rebound,0.6197,2022-11-14,47.68400927797583,60,2023-02-10,52.90302658081055,0.10945005216340431,0.10645005216340431,False,0.10645005216340431,True,-0.058047068080437025,0.03341307103935076,0.07303698112405355
XLC,2022-11-11,s04_sector_rebound,0.6197,2022-11-14,47.68400927797583,90,2023-03-27,54.37001419067383,0.14021482282921438,0.13721482282921438,False,0.13721482282921438,True,-0.058047068080437025,0.007993789358674341,0.12922103347054004
XLC,2023-01-04,s04_sector_rebound,0.6405,2023-01-05,47.57999721214945,30,2023-02-17,53.27843475341797,0.11976540300875493,0.11676540300875493,False,0.11676540300875493,False,0.11676540300875493,0.06690780098147742,0.049857602027277514
XLC,2023-01-04,s04_sector_rebound,0.6405,2023-01-05,47.57999721214945,60,2023-04-03,56.18459701538086,0.1808448992728029,0.1778448992728029,False,0.1778448992728029,False,0.1778448992728029,0.08068322465530309,0.0971616746174998
XLC,2023-01-04,s04_sector_rebound,0.6405,2023-01-05,47.57999721214945,90,2023-05-16,57.83509826660156,0.21553387253737566,0.21253387253737566,False,0.21253387253737566,False,0.21253387253737566,0.07884261079750376,0.1336912617398719
XLC,2023-03-14,s04_sector_rebound,0.7601,2023-03-15,51.28589511100537,30,2023-04-27,57.32353973388672,0.11772524608985013,0.11472524608985013,False,0.11472524608985013,False,0.11472524608985013,0.07280296182449386,0.04192228426535627
XLC,2023-03-14,s04_sector_rebound,0.7601,2023-03-15,51.28589511100537,60,2023-06-09,61.0106201171875,0.18961792487258977,0.18661792487258977,False,0.18661792487258977,False,0.18661792487258977,0.1182998827720847,0.06831804210050507
XLC,2023-03-14,s04_sector_rebound,0.7601,2023-03-15,51.28589511100537,90,2023-07-25,63.70065689086914,0.24206971045338554,0.23906971045338554,False,0.23906971045338554,False,0.23906971045338554,0.1891378147103342,0.04993189574305135
XLY,2022-07-19,s04_sector_rebound,0.7119,2022-07-20,72.46816857327161,30,2022-08-31,75.13015747070312,0.03673321611184388,0.03373321611184388,False,0.03373321611184388,False,0.03373321611184388,0.006904858219683119,0.02682835789216076
XLY,2022-07-19,s04_sector_rebound,0.7119,2022-07-20,72.46816857327161,60,2022-10-13,68.03031921386719,-0.061238602365359496,-0.0642386023653595,True,-0.10299999999999998,True,-0.06206349619727258,-0.06369081606814175,-0.000547786297217745
XLY,2022-07-19,s04_sector_rebound,0.7119,2022-07-20,72.46816857327161,90,2022-11-25,69.05184173583984,-0.04714244756961905,-0.05014244756961905,True,-0.10299999999999998,True,-0.06206349619727258,0.02933396695294399,-0.07947641452256304
XLY,2022-09-07,s04_sector_rebound,0.7605,2022-09-08,76.4732410886259,30,2022-10-20,66.98942565917969,-0.1240148226286798,-0.1270148226286798,True,-0.10299999999999998,True,-0.052528431036024226,-0.07202773187684386,-0.05498709075183594
XLY,2022-09-07,s04_sector_rebound,0.7605,2022-09-08,76.4732410886259,60,2022-12-02,70.66400909423828,-0.07596424463892171,-0.07896424463892171,True,-0.10299999999999998,True,-0.052528431036024226,0.03336288654768471,-0.11232713118660642
XLY,2022-09-07,s04_sector_rebound,0.7605,2022-09-08,76.4732410886259,90,2023-01-18,66.98369598388672,-0.12408974655254401,-0.12708974655254401,True,-0.10299999999999998,True,-0.052528431036024226,-0.0012311962493661843,-0.12585855030317783
XLY,2022-11-30,s04_sector_rebound,0.6992,2022-12-01,71.02710192544019,30,2023-01-17,67.86725616455078,-0.04448788807695436,-0.047487888076954365,True,-0.10299999999999998,True,-0.050016938597897576,-0.022441544090582966,-0.0250463439863714
XLY,2022-11-30,s04_sector_rebound,0.6992,2022-12-01,71.02710192544019,60,2023-03-01,69.765380859375,-0.017763938438452254,-0.020763938438452253,True,-0.10299999999999998,True,-0.050016938597897576,-0.029888324843859282,0.009124386405407029
XLY,2022-11-30,s04_sector_rebound,0.6992,2022-12-01,71.02710192544019,90,2023-04-13,71.4391098022461,0.00580071360983303,0.0028007136098330302,True,-0.10299999999999998,True,-0.050016938597897576,0.020020871980755972,-0.01722015837092294
XLY,2023-01-11,s04_sector_rebound,0.6917,2023-01-12,67.49343340684814,30,2023-02-27,70.70231628417969,0.0475436307705448,0.044543630770544795,False,0.044543630770544795,False,0.044543630770544795,0.002672366409689042,0.04187126436085575
XLY,2023-01-11,s04_sector_rebound,0.6917,2023-01-12,67.49343340684814,60,2023-04-11,70.9959716796875,0.051894504339795144,0.04889450433979514,False,0.04889450433979514,False,0.04889450433979514,0.036840933875239346,0.012053570464555796
XLY,2023-01-11,s04_sector_rebound,0.6917,2023-01-12,67.49343340684814,90,2023-05-23,72.89505767822266,0.08003184900690563,0.07703184900690563,False,0.07703184900690563,False,0.07703184900690563,0.047899739513794115,0.029132109493111513
XLY,2023-03-21,s04_sector_rebound,0.7671,2023-03-22,70.84990187329292,30,2023-05-04,70.25096130371094,-0.008453654186467596,-0.011453654186467595,False,-0.011453654186467595,False,-0.011453654186467595,0.016051008113913134,-0.02750466230038073
XLY,2023-03-21,s04_sector_rebound,0.7671,2023-03-22,70.84990187329292,60,2023-06-16,81.0172119140625,0.14350492762788392,0.1405049276278839,False,0.1405049276278839,False,0.1405049276278839,0.10624331168706003,0.034261615940823886
XLY,2023-03-21,s04_sector_rebound,0.7671,2023-03-22,70.84990187329292,90,2023-08-01,83.81008911132812,0.1829245615782651,0.17992456157826509,False,0.17992456157826509,False,0.17992456157826509,0.14908761024556894,0.03083695133269615
XLY,2023-04-11,s04_sector_rebound,0.7999,2023-04-12,71.58517804784043,30,2023-05-24,72.62722778320312,0.014556780660184954,0.011556780660184954,False,0.011556780660184954,False,0.011556780660184954,-0.0018937821653143283,0.013450562825499283
XLY,2023-04-11,s04_sector_rebound,0.7999,2023-04-12,71.58517804784043,60,2023-07-10,82.89279174804688,0.15796026507958905,0.15496026507958904,False,0.15496026507958904,False,0.15496026507958904,0.07143798109213151,0.08352228398745754
XLY,2023-04-11,s04_sector_rebound,0.7999,2023-04-12,71.58517804784043,90,2023-08-21,80.27753448486328,0.12142676283089981,0.11842676283089981,False,0.11842676283089981,False,0.11842676283089981,0.07065814830996042,0.04776861452093939
