ticker,event_date,setup_type,reason,entry_date,entry_price,horizon,error,exit_date,exit_price,raw_return,net_return,sl_hit_pct10,sl_return_pct10,sl_hit_atr2,sl_return_atr2,spy_return,edge_vs_spy
MRVL,2026-06-22,s06_index_inclusion,Market capitalization change.[6],2026-06-23,278.82000732421875,30.0,exit_out_of_range,,,,,,,,,,
MRVL,2026-06-22,s06_index_inclusion,Market capitalization change.[6],2026-06-23,278.82000732421875,60.0,exit_out_of_range,,,,,,,,,,
MRVL,2026-06-22,s06_index_inclusion,Market capitalization change.[6],2026-06-23,278.82000732421875,90.0,exit_out_of_range,,,,,,,,,,
FLEX,2026-06-22,s06_index_inclusion,Market capitalization change.[6],2026-06-23,148.57000732421875,30.0,exit_out_of_range,,,,,,,,,,
FLEX,2026-06-22,s06_index_inclusion,Market capitalization change.[6],2026-06-23,148.57000732421875,60.0,exit_out_of_range,,,,,,,,,,
FLEX,2026-06-22,s06_index_inclusion,Market capitalization change.[6],2026-06-23,148.57000732421875,90.0,exit_out_of_range,,,,,,,,,,
FDXF,2026-06-01,s06_index_inclusion,S&P 500 & 100 constituent FedEx Corp. spun off FedEx Freight Holding.[7],2026-06-02,150.00999450683594,30.0,exit_out_of_range,,,,,,,,,,
FDXF,2026-06-01,s06_index_inclusion,S&P 500 & 100 constituent FedEx Corp. spun off FedEx Freight Holding.[7],2026-06-02,150.00999450683594,60.0,exit_out_of_range,,,,,,,,,,
FDXF,2026-06-01,s06_index_inclusion,S&P 500 & 100 constituent FedEx Corp. spun off FedEx Freight Holding.[7],2026-06-02,150.00999450683594,90.0,exit_out_of_range,,,,,,,,,,
VEEV,2026-05-07,s06_index_inclusion,S&P 500 constituent Devon Energy Corp. acquired Coterra Energy. [8][9],2026-05-08,165.0800018310547,30.0,,2026-06-23,159.7100067138672,-0.032529652638865536,-0.03552965263886554,False,-0.03552965263886554,True,-0.08721511300144325,0.0007346076878014252,-0.036264260326666964
VEEV,2026-05-07,s06_index_inclusion,S&P 500 constituent Devon Energy Corp. acquired Coterra Energy. [8][9],2026-05-08,165.0800018310547,60.0,exit_out_of_range,,,,,,,,,,
VEEV,2026-05-07,s06_index_inclusion,S&P 500 constituent Devon Energy Corp. acquired Coterra Energy. [8][9],2026-05-08,165.0800018310547,90.0,exit_out_of_range,,,,,,,,,,
CASY,2026-04-09,s06_index_inclusion,Blackstone Inc. and TPG Inc. acquired Hologic.[10],2026-04-10,759.4930909222369,30.0,,2026-05-22,825.02001953125,0.08627718855143907,0.08327718855143906,False,0.08327718855143906,False,0.08327718855143906,0.09440501067842133,-0.011127822126982267
CASY,2026-04-09,s06_index_inclusion,Blackstone Inc. and TPG Inc. acquired Hologic.[10],2026-04-10,759.4930909222369,60.0,exit_out_of_range,,,,,,,,,,
CASY,2026-04-09,s06_index_inclusion,Blackstone Inc. and TPG Inc. acquired Hologic.[10],2026-04-10,759.4930909222369,90.0,exit_out_of_range,,,,,,,,,,
VRT,2026-03-23,s06_index_inclusion,Market capitalization change.[11],2026-03-24,255.9467611420867,30.0,,2026-05-06,358.8453369140625,0.40203116973553943,0.3990311697355394,False,0.3990311697355394,False,0.3990311697355394,0.12668115667816426,0.27235001305737516
VRT,2026-03-23,s06_index_inclusion,Market capitalization change.[11],2026-03-24,255.9467611420867,60.0,,2026-06-18,333.04998779296875,0.30124712774966067,0.29824712774966067,False,0.29824712774966067,False,0.29824712774966067,0.1494560919820378,0.14879103576762287
VRT,2026-03-23,s06_index_inclusion,Market capitalization change.[11],2026-03-24,255.9467611420867,90.0,exit_out_of_range,,,,,,,,,,
LITE,2026-03-23,s06_index_inclusion,Market capitalization change.[11],2026-03-24,728.8499755859375,30.0,,2026-05-06,944.280029296875,0.2955753048324503,0.2925753048324503,True,-0.10299999999999987,False,0.2925753048324503,0.12668115667816426,0.16589414815428605
LITE,2026-03-23,s06_index_inclusion,Market capitalization change.[11],2026-03-24,728.8499755859375,60.0,,2026-06-18,850.0,0.16622079779404197,0.16322079779404197,True,-0.10299999999999987,False,0.16322079779404197,0.1494560919820378,0.013764705812004174
LITE,2026-03-23,s06_index_inclusion,Market capitalization change.[11],2026-03-24,728.8499755859375,90.0,exit_out_of_range,,,,,,,,,,
COHR,2026-03-23,s06_index_inclusion,Market capitalization change.[11],2026-03-24,255.25,30.0,,2026-05-06,344.6700134277344,0.35032326514293577,0.34732326514293577,True,-0.10299999999999998,False,0.34732326514293577,0.12668115667816426,0.2206421084647715
COHR,2026-03-23,s06_index_inclusion,Market capitalization change.[11],2026-03-24,255.25,60.0,,2026-06-18,389.57000732421875,0.5262292157657933,0.5232292157657933,True,-0.10299999999999998,False,0.5232292157657933,0.1494560919820378,0.3737731237837555
COHR,2026-03-23,s06_index_inclusion,Market capitalization change.[11],2026-03-24,255.25,90.0,exit_out_of_range,,,,,,,,,,
SATS,2026-03-23,s06_index_inclusion,Market capitalization change.[11],2026-03-24,109.58000183105469,30.0,,2026-05-06,125.75,0.14756340480697805,0.14456340480697805,False,0.14456340480697805,False,0.14456340480697805,0.12668115667816426,0.017882248128813782
SATS,2026-03-23,s06_index_inclusion,Market capitalization change.[11],2026-03-24,109.58000183105469,60.0,,2026-06-18,109.16999816894531,-0.003741592035575114,-0.006741592035575114,False,-0.006741592035575114,False,-0.006741592035575114,0.1494560919820378,-0.15619768401761291
SATS,2026-03-23,s06_index_inclusion,Market capitalization change.[11],2026-03-24,109.58000183105469,90.0,exit_out_of_range,,,,,,,,,,
CIEN,2026-02-09,s06_index_inclusion,Thoma Bravo L.P. acquired Dayforce.[12],2026-02-10,288.0799865722656,30.0,,2026-03-25,437.70001220703125,0.5193697327434199,0.5163697327434199,False,0.5163697327434199,False,0.5163697327434199,-0.05228611976564157,0.5686558525090615
CIEN,2026-02-09,s06_index_inclusion,Thoma Bravo L.P. acquired Dayforce.[12],2026-02-10,288.0799865722656,60.0,,2026-05-07,538.760009765625,0.8701750724723656,0.8671750724723656,False,0.8671750724723656,False,0.8671750724723656,0.05558380949014263,0.811591262982223
CIEN,2026-02-09,s06_index_inclusion,Thoma Bravo L.P. acquired Dayforce.[12],2026-02-10,288.0799865722656,90.0,,2026-06-22,460.3299865722656,0.5979242155955553,0.5949242155955553,False,0.5949242155955553,False,0.5949242155955553,0.07683418228667538,0.5180900333088799
CRH,2025-12-22,s06_index_inclusion,Market capitalization change.[13],2025-12-23,125.41052004668599,30.0,,2026-02-06,126.22467803955078,0.0064919433597891985,0.0034919433597891984,False,0.0034919433597891984,True,-0.04908565744569471,0.009796519558256556,-0.006304576198467357
CRH,2025-12-22,s06_index_inclusion,Market capitalization change.[13],2025-12-23,125.41052004668599,60.0,,2026-03-23,104.0416259765625,-0.17039155935378136,-0.17339155935378137,True,-0.10299999999999998,True,-0.04908565744569471,-0.039112916618428084,-0.13427864273535328
CRH,2025-12-22,s06_index_inclusion,Market capitalization change.[13],2025-12-23,125.41052004668599,90.0,,2026-05-05,112.09235382080078,-0.10619656326221527,-0.10919656326221527,True,-0.10299999999999998,True,-0.04908565744569471,0.06115730403294273,-0.170353867295158
CVNA,2025-12-22,s06_index_inclusion,Market capitalization change.[13],2025-12-23,86.64199829101562,30.0,,2026-02-06,80.73400115966797,-0.06818860654048753,-0.07118860654048753,True,-0.10299999999999998,True,-0.1022610618572326,0.009796519558256556,-0.08098512609874409
CVNA,2025-12-22,s06_index_inclusion,Market capitalization change.[13],2025-12-23,86.64199829101562,60.0,,2026-03-23,59.91999816894531,-0.30841855738732726,-0.31141855738732727,True,-0.10299999999999998,True,-0.1022610618572326,-0.039112916618428084,-0.2723056407688992
CVNA,2025-12-22,s06_index_inclusion,Market capitalization change.[13],2025-12-23,86.64199829101562,90.0,,2026-05-05,75.81800079345703,-0.12492783766600857,-0.12792783766600857,True,-0.10299999999999998,True,-0.1022610618572326,0.06115730403294273,-0.1890851416989513
FIX,2025-12-22,s06_index_inclusion,Market capitalization change.[13],2025-12-23,947.466324836455,30.0,,2026-02-06,1229.1395263671875,0.2972909898189289,0.29429098981892887,False,0.29429098981892887,False,0.29429098981892887,0.009796519558256556,0.2844944702606723
FIX,2025-12-22,s06_index_inclusion,Market capitalization change.[13],2025-12-23,947.466324836455,60.0,,2026-03-23,1407.6983642578125,0.48575028722081437,0.48275028722081437,False,0.48275028722081437,False,0.48275028722081437,-0.039112916618428084,0.5218632038392425
FIX,2025-12-22,s06_index_inclusion,Market capitalization change.[13],2025-12-23,947.466324836455,90.0,,2026-05-05,1966.4693603515625,1.0755031696677988,1.072503169667799,False,1.072503169667799,False,1.072503169667799,0.06115730403294273,1.0113458656348562
ARES,2025-12-11,s06_index_inclusion,Mars Inc. acquired Kellanova.[14],2025-12-12,172.93994837861678,30.0,,2026-01-28,146.3140106201172,-0.1539605973525997,-0.1569605973525997,True,-0.10299999999999998,True,-0.0658502223177071,0.013521143833664873,-0.17048174118626458
ARES,2025-12-11,s06_index_inclusion,Mars Inc. acquired Kellanova.[14],2025-12-12,172.93994837861678,60.0,,2026-03-12,94.25435638427734,-0.45498794657942976,-0.45798794657942976,True,-0.10299999999999998,True,-0.0658502223177071,-0.02926876388654287,-0.4287191826928869
ARES,2025-12-11,s06_index_inclusion,Mars Inc. acquired Kellanova.[14],2025-12-12,172.93994837861678,90.0,,2026-04-24,114.08076477050781,-0.3403446350015601,-0.3433446350015601,True,-0.10299999999999998,True,-0.0658502223177071,0.043354363612093216,-0.3866989986136533
SNDK,2025-11-28,s06_index_inclusion,S&P 500 constituent Omnicom Group Inc. acquired (The) Interpublic Group.[15][16],2025-12-01,211.83999633789062,30.0,,2026-01-14,387.80999755859375,0.8306741137779579,0.8276741137779579,True,-0.10299999999999998,False,0.8276741137779579,0.02002027827420849,0.8076538355037494
SNDK,2025-11-28,s06_index_inclusion,S&P 500 constituent Omnicom Group Inc. acquired (The) Interpublic Group.[15][16],2025-12-01,211.83999633789062,60.0,,2026-02-27,635.3599853515625,1.9992446956907317,1.9962446956907318,True,-0.10299999999999998,False,1.9962446956907318,0.013563482290441797,1.98268121340029
SNDK,2025-11-28,s06_index_inclusion,S&P 500 constituent Omnicom Group Inc. acquired (The) Interpublic Group.[15][16],2025-12-01,211.83999633789062,90.0,,2026-04-13,952.5,3.49631805355933,3.49331805355933,True,-0.10299999999999998,False,3.49331805355933,0.016494515906773977,3.476823537652556
Q,2025-11-03,s06_index_inclusion,"S&P 500 constituent Dupont de Nemours, Inc. spun off Qnity Electronics.[17]",2025-11-04,99.31090715319787,30.0,,2025-12-17,76.17276000976562,-0.23298696796454732,-0.23598696796454732,True,-0.10299999999999998,False,-0.23598696796454732,-0.0069662602689660735,-0.22902070769558125
Q,2025-11-03,s06_index_inclusion,"S&P 500 constituent Dupont de Nemours, Inc. spun off Qnity Electronics.[17]",2025-11-04,99.31090715319787,60.0,,2026-02-02,100.5548324584961,0.012525565831146057,0.009525565831146058,True,-0.10299999999999998,False,0.009525565831146058,0.03158488970067719,-0.02205932386953113
Q,2025-11-03,s06_index_inclusion,"S&P 500 constituent Dupont de Nemours, Inc. spun off Qnity Electronics.[17]",2025-11-04,99.31090715319787,90.0,,2026-03-17,113.51284790039062,0.14300484361989274,0.14000484361989274,True,-0.10299999999999998,False,0.14000484361989274,-0.00493692661317402,0.14494177023306676
SOLS,2025-10-30,s06_index_inclusion,S&P 500 and S&P 100 constituent Honeywell International Inc. spun off Solstice Advanced Materials.[17],2025-10-31,48.785067051324475,30.0,,2025-12-15,48.68026351928711,-0.002148270738812519,-0.005148270738812519,True,-0.10299999999999998,False,-0.005148270738812519,-0.006291604801370032,0.0011433340625575132
SOLS,2025-10-30,s06_index_inclusion,S&P 500 and S&P 100 constituent Honeywell International Inc. spun off Solstice Advanced Materials.[17],2025-10-31,48.785067051324475,60.0,,2026-01-29,63.472991943359375,0.3010741970813,0.2980741970813,True,-0.10299999999999998,False,0.2980741970813,0.01613166536462729,0.2819425317166727
SOLS,2025-10-30,s06_index_inclusion,S&P 500 and S&P 100 constituent Honeywell International Inc. spun off Solstice Advanced Materials.[17],2025-10-31,48.785067051324475,90.0,,2026-03-13,73.15512084960938,0.4995392088453279,0.4965392088453279,True,-0.10299999999999998,False,0.4965392088453279,-0.030352933284569006,0.5268921421298969
EME,2025-09-22,s06_index_inclusion,Market capitalization change.[18],2025-09-23,659.0334405811358,30.0,,2025-11-04,653.7839965820312,-0.00796536818294924,-0.010965368182949239,False,-0.010965368182949239,True,-0.057065561846755486,0.012778963481333783,-0.02374433166428302
EME,2025-09-22,s06_index_inclusion,Market capitalization change.[18],2025-09-23,659.0334405811358,60.0,,2025-12-17,595.8174438476562,-0.09592228988825768,-0.09892228988825769,True,-0.10299999999999998,True,-0.057065561846755486,0.0070194797206659665,-0.10594176960892365
EME,2025-09-22,s06_index_inclusion,Market capitalization change.[18],2025-09-23,659.0334405811358,90.0,,2026-02-02,731.3057861328125,0.10966415526342188,0.10666415526342188,True,-0.10299999999999998,True,-0.057065561846755486,0.046113578371914654,0.060550576891507224
HOOD,2025-09-22,s06_index_inclusion,Market capitalization change.[18],2025-09-23,125.41000366210938,30.0,,2025-11-04,136.8000030517578,0.09082209598156443,0.08782209598156443,False,0.08782209598156443,False,0.08782209598156443,0.012778963481333783,0.07504313250023065
HOOD,2025-09-22,s06_index_inclusion,Market capitalization change.[18],2025-09-23,125.41000366210938,60.0,,2025-12-17,115.80000305175781,-0.07662866063096263,-0.07962866063096263,True,-0.10299999999999998,True,-0.0873407057756923,0.0070194797206659665,-0.0866481403516286
HOOD,2025-09-22,s06_index_inclusion,Market capitalization change.[18],2025-09-23,125.41000366210938,90.0,,2026-02-02,89.91000366210938,-0.28307151713070045,-0.28607151713070045,True,-0.10299999999999998,True,-0.0873407057756923,0.046113578371914654,-0.3321850955026151
APP,2025-09-22,s06_index_inclusion,Market capitalization change.[18],2025-09-23,641.0,30.0,,2025-11-04,608.6799926757812,-0.050421228274912244,-0.05342122827491225,True,-0.10300000000000009,True,-0.0789889267777405,0.012778963481333783,-0.06620019175624603
APP,2025-09-22,s06_index_inclusion,Market capitalization change.[18],2025-09-23,641.0,60.0,,2025-12-17,657.1300048828125,0.02516381416975433,0.02216381416975433,True,-0.10300000000000009,True,-0.0789889267777405,0.0070194797206659665,0.015144334449088363
APP,2025-09-22,s06_index_inclusion,Market capitalization change.[18],2025-09-23,641.0,90.0,,2026-02-02,483.0,-0.24648985959438374,-0.24948985959438374,True,-0.10300000000000009,True,-0.0789889267777405,0.046113578371914654,-0.2956034379662984
IBKR,2025-08-28,s06_index_inclusion,Sycamore Partners acquired Walgreen Boots Alliance.[19],2025-08-29,62.27309669478511,30.0,,2025-10-13,70.28646850585938,0.1286811197193174,0.1256811197193174,False,0.1256811197193174,False,0.1256811197193174,0.02688661320441388,0.09879450651490351
IBKR,2025-08-28,s06_index_inclusion,Sycamore Partners acquired Walgreen Boots Alliance.[19],2025-08-29,62.27309669478511,60.0,,2025-11-24,62.2232551574707,-0.0008003703037073873,-0.0038003703037073873,False,-0.0038003703037073873,False,-0.0038003703037073873,0.03569893971789306,-0.03949931002160045
IBKR,2025-08-28,s06_index_inclusion,Sycamore Partners acquired Walgreen Boots Alliance.[19],2025-08-29,62.27309669478511,90.0,,2026-01-08,70.01380920410156,0.12430267515449689,0.12130267515449689,False,0.12130267515449689,False,0.12130267515449689,0.07103764811957469,0.050265027034922194
XYZ,2025-07-23,s06_index_inclusion,S&P 500 and S&P 100 constituent Chevron Corp. acquired Hess Corporation[20],2025-07-24,79.44499969482422,30.0,,2025-09-05,74.94000244140625,-0.05670586280726575,-0.05970586280726575,True,-0.10299999999999998,True,-0.06694182898774503,0.01991796870564122,-0.07962383151290697
XYZ,2025-07-23,s06_index_inclusion,S&P 500 and S&P 100 constituent Chevron Corp. acquired Hess Corporation[20],2025-07-24,79.44499969482422,60.0,,2025-10-17,75.19999694824219,-0.05343322755225066,-0.056433227552250664,True,-0.10299999999999998,True,-0.06694182898774503,0.04984558850583842,-0.10627881605808909
XYZ,2025-07-23,s06_index_inclusion,S&P 500 and S&P 100 constituent Chevron Corp. acquired Hess Corporation[20],2025-07-24,79.44499969482422,90.0,,2025-12-01,64.3499984741211,-0.19000568039131793,-0.19300568039131794,True,-0.10299999999999998,True,-0.06694182898774503,0.07493849680209586,-0.2679441771934138
TTD,2025-07-18,s06_index_inclusion,S&P 500 constituent Synopsys Inc. acquired Ansys.[21],2025-07-21,80.0,30.0,,2025-09-02,54.18000030517578,-0.32274999618530276,-0.32574999618530276,True,-0.10299999999999998,True,-0.07658072060613041,0.01828965954229278,-0.34403965572759554
TTD,2025-07-18,s06_index_inclusion,S&P 500 constituent Synopsys Inc. acquired Ansys.[21],2025-07-21,80.0,60.0,,2025-10-14,50.72999954223633,-0.3658750057220459,-0.3688750057220459,True,-0.10299999999999998,True,-0.07658072060613041,0.05613496763920489,-0.4250099733612508
TTD,2025-07-18,s06_index_inclusion,S&P 500 constituent Synopsys Inc. acquired Ansys.[21],2025-07-21,80.0,90.0,,2025-11-25,39.09000015258789,-0.5113749980926514,-0.5143749980926514,True,-0.10299999999999998,True,-0.07658072060613041,0.07653261322745042,-0.5909076113201018
DDOG,2025-07-09,s06_index_inclusion,S&P 500 constituent Hewlett Packard Enterprise Co. acquired Juniper Networks.[22],2025-07-10,142.8509979248047,30.0,,2025-08-21,129.14999389648438,-0.09591115377109494,-0.09891115377109494,True,-0.10299999999999987,True,-0.07625098900396188,0.018183236929391722,-0.11709439070048666
DDOG,2025-07-09,s06_index_inclusion,S&P 500 constituent Hewlett Packard Enterprise Co. acquired Juniper Networks.[22],2025-07-10,142.8509979248047,60.0,,2025-10-03,151.82000732421875,0.06278576649590684,0.059785766495906834,True,-0.10299999999999987,True,-0.07625098900396188,0.07508065291720722,-0.015294886421300391
DDOG,2025-07-09,s06_index_inclusion,S&P 500 constituent Hewlett Packard Enterprise Co. acquired Juniper Networks.[22],2025-07-10,142.8509979248047,90.0,,2025-11-14,185.00999450683594,0.2951256707651655,0.2921256707651655,True,-0.10299999999999987,True,-0.07625098900396188,0.07945028176938362,0.21267538899578187
COIN,2025-05-19,s06_index_inclusion,S&P 500 constituent Capital One Financial Corp. acquired Discover Financial Services.[23],2025-05-20,265.1199951171875,30.0,,2025-07-03,355.79998779296875,0.34203377469020846,0.33903377469020846,True,-0.10299999999999998,True,-0.11032883385271697,0.05749325058114385,0.2815405241090646
COIN,2025-05-19,s06_index_inclusion,S&P 500 constituent Capital One Financial Corp. acquired Discover Financial Services.[23],2025-05-20,265.1199951171875,60.0,,2025-08-15,317.54998779296875,0.19775948114591024,0.19475948114591024,True,-0.10299999999999998,True,-0.11032883385271697,0.08810165094078037,0.10665783020512987
COIN,2025-05-19,s06_index_inclusion,S&P 500 constituent Capital One Financial Corp. acquired Discover Financial Services.[23],2025-05-20,265.1199951171875,90.0,,2025-09-29,333.989990234375,0.25976914750147695,0.25676914750147695,True,-0.10299999999999998,True,-0.11032883385271697,0.12544043259606186,0.1313287149054151
DASH,2025-03-24,s06_index_inclusion,Market capitalization change.[24],2025-03-25,199.0,30.0,,2025-05-07,176.99000549316406,-0.1106029874715374,-0.11360298747153741,True,-0.10299999999999998,True,-0.08929829840331871,-0.024595784812370902,-0.0890072026591665
DASH,2025-03-24,s06_index_inclusion,Market capitalization change.[24],2025-03-25,199.0,60.0,,2025-06-20,220.4600067138672,0.10783922971792559,0.10483922971792559,True,-0.10299999999999998,True,-0.08929829840331871,0.03604537225135651,0.06879385746656907
DASH,2025-03-24,s06_index_inclusion,Market capitalization change.[24],2025-03-25,199.0,90.0,,2025-08-04,258.0199890136719,0.29658285936518536,0.29358285936518536,True,-0.10299999999999998,True,-0.08929829840331871,0.10035788114101973,0.19322497822416562
TKO,2025-03-24,s06_index_inclusion,Market capitalization change.[24],2025-03-25,150.06400980332742,30.0,,2025-05-07,166.6962890625,0.11083456506973732,0.10783456506973732,True,-0.10299999999999987,True,-0.08158276033775247,-0.024595784812370902,0.13243034988210822
TKO,2025-03-24,s06_index_inclusion,Market capitalization change.[24],2025-03-25,150.06400980332742,60.0,,2025-06-20,172.28282165527344,0.14806222945172398,0.14506222945172398,True,-0.10299999999999987,True,-0.08158276033775247,0.03604537225135651,0.10901685720036747
TKO,2025-03-24,s06_index_inclusion,Market capitalization change.[24],2025-03-25,150.06400980332742,90.0,,2025-08-04,163.22360229492188,0.08769319511614615,0.08469319511614615,True,-0.10299999999999987,True,-0.08158276033775247,0.10035788114101973,-0.015664686024873586
WSM,2025-03-24,s06_index_inclusion,Market capitalization change.[24],2025-03-25,166.74323932450747,30.0,,2025-05-07,155.36512756347656,-0.06823731988849868,-0.07123731988849868,True,-0.10299999999999987,True,-0.10377910591502437,-0.024595784812370902,-0.04664153507612778
WSM,2025-03-24,s06_index_inclusion,Market capitalization change.[24],2025-03-25,166.74323932450747,60.0,,2025-06-20,156.54782104492188,-0.06114441773404544,-0.06414441773404544,True,-0.10299999999999987,True,-0.10377910591502437,0.03604537225135651,-0.10018978998540196
WSM,2025-03-24,s06_index_inclusion,Market capitalization change.[24],2025-03-25,166.74323932450747,90.0,,2025-08-04,198.39569091796875,0.18982749598537452,0.18682749598537451,True,-0.10299999999999987,True,-0.10377910591502437,0.10035788114101973,0.08646961484435478
EXE,2025-03-24,s06_index_inclusion,Market capitalization change.[24],2025-03-25,105.26588042828814,30.0,,2025-05-07,106.33589172363281,0.010164844401540085,0.007164844401540085,True,-0.10299999999999987,True,-0.05119592484460578,-0.024595784812370902,0.031760629213910985
EXE,2025-03-24,s06_index_inclusion,Market capitalization change.[24],2025-03-25,105.26588042828814,60.0,,2025-06-20,118.25302124023438,0.12337464674314536,0.12037464674314535,True,-0.10299999999999987,True,-0.05119592484460578,0.03604537225135651,0.08432927449178884
EXE,2025-03-24,s06_index_inclusion,Market capitalization change.[24],2025-03-25,105.26588042828814,90.0,,2025-08-04,98.08073425292969,-0.06825712325897748,-0.07125712325897748,True,-0.10299999999999987,True,-0.05119592484460578,0.10035788114101973,-0.17161500439999722
APO,2024-12-23,s06_index_inclusion,Market capitalization change.[25],2024-12-24,168.7125215590609,30.0,,2025-02-10,158.6001434326172,-0.05993851572483122,-0.06293851572483122,True,-0.10299999999999998,True,-0.06547299482477742,0.014746799003735322,-0.07768531472856655
APO,2024-12-23,s06_index_inclusion,Market capitalization change.[25],2024-12-24,168.7125215590609,60.0,,2025-03-25,145.0567626953125,-0.1402134153715867,-0.14321341537158672,True,-0.10299999999999998,True,-0.06547299482477742,-0.03165609054381424,-0.11155732482777247
APO,2024-12-23,s06_index_inclusion,Market capitalization change.[25],2024-12-24,168.7125215590609,90.0,,2025-05-07,126.85356140136719,-0.248108200688828,-0.251108200688828,True,-0.10299999999999998,True,-0.06547299482477742,-0.0557358382326274,-0.1953723624562006
WDAY,2024-12-23,s06_index_inclusion,Market capitalization change.[25],2024-12-24,266.29998779296875,30.0,,2025-02-10,269.8800048828125,0.013443549582987435,0.010443549582987436,False,0.010443549582987436,True,-0.07303587838768055,0.014746799003735322,-0.0043032494207478865
WDAY,2024-12-23,s06_index_inclusion,Market capitalization change.[25],2024-12-24,266.29998779296875,60.0,,2025-03-25,252.8300018310547,-0.05058199992253143,-0.05358199992253143,True,-0.10299999999999998,True,-0.07303587838768055,-0.03165609054381424,-0.02192590937871719
WDAY,2024-12-23,s06_index_inclusion,Market capitalization change.[25],2024-12-24,266.29998779296875,90.0,,2025-05-07,250.5800018310547,-0.05903111784644677,-0.06203111784644677,True,-0.10299999999999998,True,-0.07303587838768055,-0.0557358382326274,-0.006295279613819371
LII,2024-12-23,s06_index_inclusion,Novo Holdings A/S acquired Catalent.[26],2024-12-24,617.954691476165,30.0,,2025-02-10,575.8787231445312,-0.06808908308653339,-0.07108908308653339,False,-0.07108908308653339,True,-0.06239996387417168,0.014746799003735322,-0.08583588209026871
LII,2024-12-23,s06_index_inclusion,Novo Holdings A/S acquired Catalent.[26],2024-12-24,617.954691476165,60.0,,2025-03-25,580.5993041992188,-0.060450042361054,-0.063450042361054,True,-0.10299999999999998,True,-0.06239996387417168,-0.03165609054381424,-0.03179395181723976
LII,2024-12-23,s06_index_inclusion,Novo Holdings A/S acquired Catalent.[26],2024-12-24,617.954691476165,90.0,,2025-05-07,562.11572265625,-0.0903609432700111,-0.0933609432700111,True,-0.10299999999999998,True,-0.06239996387417168,-0.0557358382326274,-0.0376251050373837
TPL,2024-11-26,s06_index_inclusion,S&P 500 & 100 constituent ConocoPhillips acquired Marathon Oil.[27],2024-11-27,519.2033589437059,30.0,,2025-01-14,438.8908386230469,-0.15468413086550703,-0.15768413086550703,True,-0.10299999999999998,True,-0.09776024055271082,-0.027163489916383954,-0.13052064094912308
TPL,2024-11-26,s06_index_inclusion,S&P 500 & 100 constituent ConocoPhillips acquired Marathon Oil.[27],2024-11-27,519.2033589437059,60.0,,2025-02-27,448.04656982421875,-0.13704993986220004,-0.14004993986220005,True,-0.10299999999999998,True,-0.09776024055271082,-0.022384396392724715,-0.11766554346947533
TPL,2024-11-26,s06_index_inclusion,S&P 500 & 100 constituent ConocoPhillips acquired Marathon Oil.[27],2024-11-27,519.2033589437059,90.0,,2025-04-10,392.5309753417969,-0.24397450713650592,-0.24697450713650593,True,-0.10299999999999998,True,-0.09776024055271082,-0.12079253999488848,-0.12618196714161745
AMTM,2024-09-30,s06_index_inclusion,"S&P 500 constituent Jacobs Solutions spun off its Critical Mission Solutions and Cyber Intelligence business, which merged with private Amentum to create newly publicly traded Amentum Holdings.[28]",2024-10-01,28.25,30.0,,2024-11-12,31.239999771118164,0.10584069986258982,0.10284069986258981,True,-0.10299999999999998,False,0.10284069986258981,0.04098370357021652,0.06185699629237329
AMTM,2024-09-30,s06_index_inclusion,"S&P 500 constituent Jacobs Solutions spun off its Critical Mission Solutions and Cyber Intelligence business, which merged with private Amentum to create newly publicly traded Amentum Holdings.[28]",2024-10-01,28.25,60.0,,2024-12-26,20.59000015258789,-0.27115043707653486,-0.27415043707653486,True,-0.10299999999999998,True,-0.3509298703831719,0.05225666820673447,-0.3264071052832693
AMTM,2024-09-30,s06_index_inclusion,"S&P 500 constituent Jacobs Solutions spun off its Critical Mission Solutions and Cyber Intelligence business, which merged with private Amentum to create newly publicly traded Amentum Holdings.[28]",2024-10-01,28.25,90.0,,2025-02-11,20.729999542236328,-0.2661947064695105,-0.2691947064695105,True,-0.10299999999999998,True,-0.3509298703831719,0.05920351194779139,-0.3283982184173019
PLTR,2024-09-23,s06_index_inclusion,Market capitalization change.[29],2024-09-24,37.970001220703125,30.0,,2024-11-05,51.130001068115234,0.3465893975330352,0.3435893975330352,False,0.3435893975330352,False,0.3435893975330352,0.010903257787953091,0.3326861397450821
PLTR,2024-09-23,s06_index_inclusion,Market capitalization change.[29],2024-09-24,37.970001220703125,60.0,,2024-12-18,71.51000213623047,0.8833289396166697,0.8803289396166697,False,0.8803289396166697,False,0.8803289396166697,0.027696001896530875,0.8526329377201388
PLTR,2024-09-23,s06_index_inclusion,Market capitalization change.[29],2024-09-24,37.970001220703125,90.0,,2025-02-04,103.83000183105469,1.7345272186728673,1.7315272186728674,False,1.7315272186728674,False,1.7315272186728674,0.058416313725481395,1.673110904947386
DELL,2024-09-23,s06_index_inclusion,Market capitalization change.[29],2024-09-24,114.78905432128512,30.0,,2024-11-05,130.1023712158203,0.13340398163464684,0.13040398163464684,False,0.13040398163464684,False,0.13040398163464684,0.010903257787953091,0.11950072384669375
DELL,2024-09-23,s06_index_inclusion,Market capitalization change.[29],2024-09-24,114.78905432128512,60.0,,2024-12-18,109.83537292480469,-0.043154649419930635,-0.04615464941993064,False,-0.04615464941993064,False,-0.04615464941993064,0.027696001896530875,-0.07385065131646151
DELL,2024-09-23,s06_index_inclusion,Market capitalization change.[29],2024-09-24,114.78905432128512,90.0,,2025-02-04,99.50908660888672,-0.13311345583204326,-0.13611345583204326,True,-0.10299999999999998,True,-0.07300908874879153,0.058416313725481395,-0.19452976955752466
ERIE,2024-09-23,s06_index_inclusion,Market capitalization change.[29],2024-09-24,524.451191877929,30.0,,2024-11-05,398.16619873046875,-0.24079455839401398,-0.24379455839401398,True,-0.10299999999999998,True,-0.05162606939620307,0.010903257787953091,-0.2546978161819671
ERIE,2024-09-23,s06_index_inclusion,Market capitalization change.[29],2024-09-24,524.451191877929,60.0,,2024-12-18,392.64215087890625,-0.2513275649675757,-0.2543275649675757,True,-0.10299999999999998,True,-0.05162606939620307,0.027696001896530875,-0.28202356686410657
ERIE,2024-09-23,s06_index_inclusion,Market capitalization change.[29],2024-09-24,524.451191877929,90.0,,2025-02-04,394.25286865234375,-0.24825632059177416,-0.25125632059177416,True,-0.10299999999999998,True,-0.05162606939620307,0.058416313725481395,-0.30967263431725556
KKR,2024-06-24,s06_index_inclusion,Market capitalization change.[30],2024-06-25,105.6865360068675,30.0,,2024-08-07,107.46461486816406,0.01682408117890266,0.013824081178902662,False,0.013824081178902662,True,-0.06238567983167509,-0.0465634664190161,0.060387547597918756
KKR,2024-06-24,s06_index_inclusion,Market capitalization change.[30],2024-06-25,105.6865360068675,60.0,,2024-09-19,131.38401794433594,0.24314811430472671,0.2401481143047267,False,0.2401481143047267,True,-0.06238567983167509,0.04961475905419266,0.19053335525053405
KKR,2024-06-24,s06_index_inclusion,Market capitalization change.[30],2024-06-25,105.6865360068675,90.0,,2024-10-31,136.76602172851562,0.29407232837708475,0.29107232837708474,False,0.29107232837708474,True,-0.06238567983167509,0.048519615016982875,0.24255271336010187
CRWD,2024-06-24,s06_index_inclusion,Market capitalization change.[30],2024-06-25,379.75,30.0,,2024-08-07,230.6699981689453,-0.39257406670455486,-0.39557406670455486,True,-0.10299999999999987,True,-0.07362291555157519,-0.0465634664190161,-0.34901060028553876
CRWD,2024-06-24,s06_index_inclusion,Market capitalization change.[30],2024-06-25,379.75,60.0,,2024-09-19,277.3800048828125,-0.2695720740413101,-0.2725720740413101,True,-0.10299999999999987,True,-0.07362291555157519,0.04961475905419266,-0.3221868330955028
CRWD,2024-06-24,s06_index_inclusion,Market capitalization change.[30],2024-06-25,379.75,90.0,,2024-10-31,296.8699951171875,-0.218248860784233,-0.221248860784233,True,-0.10299999999999987,True,-0.07362291555157519,0.048519615016982875,-0.2697684758012159
GDDY,2024-06-24,s06_index_inclusion,Market capitalization change.[30],2024-06-25,138.97999572753906,30.0,,2024-08-07,152.75999450683594,0.0991509512369797,0.0961509512369797,False,0.0961509512369797,False,0.0961509512369797,-0.0465634664190161,0.1427144176559958
GDDY,2024-06-24,s06_index_inclusion,Market capitalization change.[30],2024-06-25,138.97999572753906,60.0,,2024-09-19,160.13999938964844,0.15225215363793887,0.14925215363793887,False,0.14925215363793887,False,0.14925215363793887,0.04961475905419266,0.09963739458374621
GDDY,2024-06-24,s06_index_inclusion,Market capitalization change.[30],2024-06-25,138.97999572753906,90.0,,2024-10-31,166.8000030517578,0.20017274557093812,0.1971727455709381,False,0.1971727455709381,False,0.1971727455709381,0.048519615016982875,0.14865313055395524
VST,2024-05-08,s06_index_inclusion,S&P 500 and S&P 100 constituent ExxonMobil acquired Pioneer Natural Resources.[31],2024-05-09,88.24276944685816,30.0,,2024-06-24,87.15843963623047,-0.0122880301403131,-0.015288030140313099,False,-0.015288030140313099,False,-0.015288030140313099,0.05240040730424833,-0.06768843744456143
VST,2024-05-08,s06_index_inclusion,S&P 500 and S&P 100 constituent ExxonMobil acquired Pioneer Natural Resources.[31],2024-05-09,88.24276944685816,60.0,,2024-08-06,73.48651885986328,-0.1672233394247835,-0.17022333942478352,True,-0.10300000000000009,True,-0.09412466277736764,0.012475483792697473,-0.182698823217481
VST,2024-05-08,s06_index_inclusion,S&P 500 and S&P 100 constituent ExxonMobil acquired Pioneer Natural Resources.[31],2024-05-09,88.24276944685816,90.0,,2024-09-18,90.08248138427734,0.020848302347617365,0.017848302347617365,True,-0.10300000000000009,True,-0.09412466277736764,0.08858318701277179,-0.07073488466515443
GEV,2024-04-02,s06_index_inclusion,S&P 500 and 100 constituent General Electric Corp. spun off GE Vernova.[32],2024-04-03,141.7012047102501,30.0,,2024-05-15,167.16358947753906,0.17969067249184167,0.17669067249184167,True,-0.10299999999999998,False,0.17669067249184167,0.02329473150105965,0.15339594099078202
GEV,2024-04-02,s06_index_inclusion,S&P 500 and 100 constituent General Electric Corp. spun off GE Vernova.[32],2024-04-03,141.7012047102501,60.0,,2024-06-28,170.78826904296875,0.20527040960728415,0.20227040960728415,True,-0.10299999999999998,False,0.20227040960728415,0.054577198526388315,0.14769321108089584
GEV,2024-04-02,s06_index_inclusion,S&P 500 and 100 constituent General Electric Corp. spun off GE Vernova.[32],2024-04-03,141.7012047102501,90.0,,2024-08-12,175.69752502441406,0.2399155348303459,0.2369155348303459,True,-0.10299999999999998,False,0.2369155348303459,0.033358881976256693,0.2035566528540892
SOLV,2024-04-01,s06_index_inclusion,S&P 500 and 100 constituent 3M Co. spun off Solventum.[32],2024-04-02,67.66999816894531,30.0,,2024-05-14,65.0999984741211,-0.03797842122602013,-0.040978421226020134,True,-0.10299999999999998,False,-0.040978421226020134,0.009763800100226261,-0.050742221326246395
SOLV,2024-04-01,s06_index_inclusion,S&P 500 and 100 constituent 3M Co. spun off Solventum.[32],2024-04-02,67.66999816894531,60.0,,2024-06-27,51.33000183105469,-0.241465890055089,-0.244465890055089,True,-0.10299999999999998,False,-0.244465890055089,0.057681252599566024,-0.30214714265465503
SOLV,2024-04-01,s06_index_inclusion,S&P 500 and 100 constituent 3M Co. spun off Solventum.[32],2024-04-02,67.66999816894531,90.0,,2024-08-09,60.59000015258789,-0.10462536142946921,-0.10762536142946921,True,-0.10299999999999998,False,-0.10762536142946921,0.031779720980685155,-0.13940508241015437
SMCI,2024-03-18,s06_index_inclusion,Market capitalization change.[33],2024-03-19,88.86100006103516,30.0,,2024-05-01,73.83000183105469,-0.16915180134880614,-0.17215180134880614,True,-0.10299999999999998,True,-0.23576771201717261,-0.02304020821062791,-0.14911159313817823
SMCI,2024-03-18,s06_index_inclusion,Market capitalization change.[33],2024-03-19,88.86100006103516,60.0,,2024-06-13,87.11000061035156,-0.01970492622726394,-0.02270492622726394,True,-0.10299999999999998,True,-0.23576771201717261,0.05916231927632509,-0.08186724550358904
SMCI,2024-03-18,s06_index_inclusion,Market capitalization change.[33],2024-03-19,88.86100006103516,90.0,,2024-07-29,69.77300262451172,-0.21480736682473345,-0.21780736682473345,True,-0.10299999999999998,True,-0.23576771201717261,0.06710415493683541,-0.28491152176156886
DECK,2024-03-18,s06_index_inclusion,Market capitalization change.[33],2024-03-19,151.82000732421875,30.0,,2024-05-01,136.5800018310547,-0.10038206269229266,-0.10338206269229266,True,-0.10299999999999998,True,-0.05338048061745493,-0.02304020821062791,-0.08034185448166475
DECK,2024-03-18,s06_index_inclusion,Market capitalization change.[33],2024-03-19,151.82000732421875,60.0,,2024-06-13,171.69332885742188,0.1309005438971078,0.1279005438971078,True,-0.10299999999999998,True,-0.05338048061745493,0.05916231927632509,0.06873822462078272
DECK,2024-03-18,s06_index_inclusion,Market capitalization change.[33],2024-03-19,151.82000732421875,90.0,,2024-07-29,153.5366668701172,0.011307202365182567,0.008307202365182568,True,-0.10299999999999998,True,-0.05338048061745493,0.06710415493683541,-0.05879695257165285
UBER,2023-12-18,s06_index_inclusion,Market capitalization change.[34],2023-12-19,61.880001068115234,30.0,,2024-02-02,68.06999969482422,0.10003229670108227,0.09703229670108227,False,0.09703229670108227,True,-0.05260764914671934,0.046177044845262305,0.05085525185581996
UBER,2023-12-18,s06_index_inclusion,Market capitalization change.[34],2023-12-19,61.880001068115234,60.0,,2024-03-18,75.69999694824219,0.22333541760793452,0.22033541760793451,False,0.22033541760793451,True,-0.05260764914671934,0.08872130105326148,0.13161411655467303
UBER,2023-12-18,s06_index_inclusion,Market capitalization change.[34],2023-12-19,61.880001068115234,90.0,,2024-04-30,66.2699966430664,0.07094368938550644,0.06794368938550643,False,0.06794368938550643,True,-0.05260764914671934,0.06562484210498343,0.0023188472805230065
JBL,2023-12-18,s06_index_inclusion,Market capitalization change.[34],2023-12-19,131.43343051733615,30.0,,2024-02-02,130.57763671875,-0.006511233825501228,-0.009511233825501227,False,-0.009511233825501227,True,-0.07108666532247587,0.046177044845262305,-0.055688278670763536
JBL,2023-12-18,s06_index_inclusion,Market capitalization change.[34],2023-12-19,131.43343051733615,60.0,,2024-03-18,123.6434555053711,-0.059269357737242956,-0.06226935773724296,False,-0.06226935773724296,True,-0.07108666532247587,0.08872130105326148,-0.15099065879050444
JBL,2023-12-18,s06_index_inclusion,Market capitalization change.[34],2023-12-19,131.43343051733615,90.0,,2024-04-30,116.85293579101562,-0.11093444543697994,-0.11393444543697995,True,-0.10299999999999998,True,-0.07108666532247587,0.06562484210498343,-0.17955928754196337
BLDR,2023-12-18,s06_index_inclusion,Market capitalization change.[34],2023-12-19,162.17999267578125,30.0,,2024-02-02,180.75,0.11450245506757795,0.11150245506757794,False,0.11150245506757794,False,0.11150245506757794,0.046177044845262305,0.06532541022231564
BLDR,2023-12-18,s06_index_inclusion,Market capitalization change.[34],2023-12-19,162.17999267578125,60.0,,2024-03-18,195.3000030517578,0.2042176092718646,0.2012176092718646,False,0.2012176092718646,False,0.2012176092718646,0.08872130105326148,0.11249630821860312
BLDR,2023-12-18,s06_index_inclusion,Market capitalization change.[34],2023-12-19,162.17999267578125,90.0,,2024-04-30,182.82000732421875,0.12726609680948475,0.12426609680948475,False,0.12426609680948475,False,0.12426609680948475,0.06562484210498343,0.05864125470450132
HUBB,2023-10-18,s06_index_inclusion,Market capitalization change.[35],2023-10-19,280.54780188461666,30.0,,2023-12-01,294.1182861328125,0.04837137969727201,0.04537137969727201,True,-0.10299999999999998,True,-0.06647840834421681,0.06532070147702651,-0.019949321779754503
HUBB,2023-10-18,s06_index_inclusion,Market capitalization change.[35],2023-10-19,280.54780188461666,60.0,,2024-01-17,311.6986999511719,0.11103597268378151,0.10803597268378151,True,-0.10299999999999998,True,-0.06647840834421681,0.10037084333766955,0.007665129346111965
HUBB,2023-10-18,s06_index_inclusion,Market capitalization change.[35],2023-10-19,280.54780188461666,90.0,,2024-02-29,370.15606689453125,0.319404623411623,0.316404623411623,True,-0.10299999999999998,True,-0.06647840834421681,0.1837565343767833,0.1326480890348397
LULU,2023-10-18,s06_index_inclusion,S&P 500 and S&P 100 constituent Microsoft acquired Activision Blizzard.[35],2023-10-19,407.010009765625,30.0,,2023-12-01,466.6099853515625,0.14643368505914123,0.14343368505914122,False,0.14343368505914122,False,0.14343368505914122,0.06532070147702651,0.07811298358211471
LULU,2023-10-18,s06_index_inclusion,S&P 500 and S&P 100 constituent Microsoft acquired Activision Blizzard.[35],2023-10-19,407.010009765625,60.0,,2024-01-17,468.3999938964844,0.15083163228887297,0.14783163228887297,False,0.14783163228887297,False,0.14783163228887297,0.10037084333766955,0.047460788951203425
LULU,2023-10-18,s06_index_inclusion,S&P 500 and S&P 100 constituent Microsoft acquired Activision Blizzard.[35],2023-10-19,407.010009765625,90.0,,2024-02-29,467.0899963378906,0.14761304422675603,0.14461304422675603,False,0.14461304422675603,False,0.14461304422675603,0.1837565343767833,-0.03914349015002727
VLTO,2023-10-02,s06_index_inclusion,S&P 500 and S&P 100 constituent Danaher Corporation spun off Veralto.[36],2023-10-05,75.17011695672714,30.0,,2023-11-16,70.10601043701172,-0.0673686130172001,-0.0703686130172001,True,-0.10299999999999987,True,-0.11702270517957658,0.06096247618557582,-0.13133108920277592
VLTO,2023-10-02,s06_index_inclusion,S&P 500 and S&P 100 constituent Danaher Corporation spun off Veralto.[36],2023-10-05,75.17011695672714,60.0,,2024-01-02,80.22205352783203,0.06720671425871427,0.06420671425871427,True,-0.10299999999999987,True,-0.11702270517957658,0.11831072567834333,-0.05410401141962906
VLTO,2023-10-02,s06_index_inclusion,S&P 500 and S&P 100 constituent Danaher Corporation spun off Veralto.[36],2023-10-05,75.17011695672714,90.0,,2024-02-14,83.39054107666016,0.10935760715478504,0.10635760715478504,True,-0.10299999999999987,True,-0.11702270517957658,0.17963867623024132,-0.07328106907545628
BX,2023-09-18,s06_index_inclusion,Market capitalization change.[37],2023-09-19,104.80159465337839,30.0,,2023-10-31,85.55071258544922,-0.18368882774732276,-0.18668882774732276,True,-0.10299999999999998,True,-0.0457920907821473,-0.05529942052977288,-0.13138940721754988
BX,2023-09-18,s06_index_inclusion,Market capitalization change.[37],2023-09-19,104.80159465337839,60.0,,2023-12-13,110.93338012695312,0.05850851309901395,0.055508513099013945,True,-0.10299999999999998,True,-0.0457920907821473,0.06284448350204141,-0.00733597040302747
BX,2023-09-18,s06_index_inclusion,Market capitalization change.[37],2023-09-19,104.80159465337839,90.0,,2024-01-29,118.41849517822266,0.12993027987676053,0.12693027987676053,True,-0.10299999999999998,True,-0.0457920907821473,0.1142627539903629,0.012667525886397635
ABNB,2023-09-18,s06_index_inclusion,Market capitalization change.[37],2023-09-19,141.86000061035156,30.0,,2023-10-31,118.29000091552734,-0.16614972221496171,-0.16914972221496172,True,-0.10299999999999998,True,-0.05727601306863184,-0.05529942052977288,-0.11385030168518884
ABNB,2023-09-18,s06_index_inclusion,Market capitalization change.[37],2023-09-19,141.86000061035156,60.0,,2023-12-13,144.50999450683594,0.01868034601073454,0.01568034601073454,True,-0.10299999999999998,True,-0.05727601306863184,0.06284448350204141,-0.04716413749130688
ABNB,2023-09-18,s06_index_inclusion,Market capitalization change.[37],2023-09-19,141.86000061035156,90.0,,2024-01-29,152.6999969482422,0.07641333914600046,0.07341333914600046,True,-0.10299999999999998,True,-0.05727601306863184,0.1142627539903629,-0.04084941484436244
KVUE,2023-08-25,s06_index_inclusion,S&P 500 and S&P 100 constituent Johnson & Johnson offered to exchange the shares of Kenvue held for shares of Johnson & Johnson in a split-off exchange offer.[38],2023-08-28,20.45955858123546,30.0,,2023-10-10,17.5762996673584,-0.14092478595904068,-0.14392478595904068,True,-0.10299999999999998,True,-0.06486719649801209,-0.013945335963993166,-0.1299794499950475
KVUE,2023-08-25,s06_index_inclusion,S&P 500 and S&P 100 constituent Johnson & Johnson offered to exchange the shares of Kenvue held for shares of Johnson & Johnson in a split-off exchange offer.[38],2023-08-28,20.45955858123546,60.0,,2023-11-21,17.94927406311035,-0.12269495004781883,-0.12569495004781883,True,-0.10299999999999998,True,-0.06486719649801209,0.028556526254599035,-0.15425147630241787
KVUE,2023-08-25,s06_index_inclusion,S&P 500 and S&P 100 constituent Johnson & Johnson offered to exchange the shares of Kenvue held for shares of Johnson & Johnson in a split-off exchange offer.[38],2023-08-28,20.45955858123546,90.0,,2024-01-05,19.257137298583984,-0.05877063661355231,-0.06177063661355231,True,-0.10299999999999998,True,-0.06486719649801209,0.06610520405166675,-0.12787584066521906
PANW,2023-06-20,s06_index_inclusion,Market capitalization change.[39],2023-06-21,120.61000061035156,30.0,,2023-08-03,118.7249984741211,-0.01562890412645168,-0.01862890412645168,False,-0.01862890412645168,False,-0.01862890412645168,0.02907188407442063,-0.04770078820087231
PANW,2023-06-20,s06_index_inclusion,Market capitalization change.[39],2023-06-21,120.61000061035156,60.0,,2023-09-15,120.0999984741211,-0.0042285227895662025,-0.007228522789566203,True,-0.10299999999999998,True,-0.05801594137598309,0.020116173996103992,-0.027344696785670194
PANW,2023-06-20,s06_index_inclusion,Market capitalization change.[39],2023-06-21,120.61000061035156,90.0,,2023-10-27,119.3949966430664,-0.010073824402094256,-0.013073824402094255,True,-0.10299999999999998,True,-0.05801594137598309,-0.055097744596692255,0.042023920194598
AXON,2023-05-04,s06_index_inclusion,The Federal Deposit Insurance Corporation (FDIC) placed First Republic Bank into FDIC Receivership.[40],2023-05-05,218.4600067138672,30.0,,2023-06-20,204.77000427246094,-0.06266594351677846,-0.06566594351677846,True,-0.10299999999999998,True,-0.05623411094815767,0.07310626082085014,-0.1387722043376286
AXON,2023-05-04,s06_index_inclusion,The Federal Deposit Insurance Corporation (FDIC) placed First Republic Bank into FDIC Receivership.[40],2023-05-05,218.4600067138672,60.0,,2023-08-02,178.02000427246094,-0.1851139851623892,-0.1881139851623892,True,-0.10299999999999998,True,-0.05623411094815767,0.10489369825771222,-0.2930076834201014
AXON,2023-05-04,s06_index_inclusion,The Federal Deposit Insurance Corporation (FDIC) placed First Republic Bank into FDIC Receivership.[40],2023-05-05,218.4600067138672,90.0,,2023-09-14,212.50999450683594,-0.027236162337138436,-0.030236162337138436,True,-0.10299999999999998,True,-0.05623411094815767,0.1054582750322326,-0.13569443736937103
FICO,2023-03-20,s06_index_inclusion,Market capitalization change.[41],2023-03-21,686.1400146484375,30.0,,2023-05-03,752.3900146484375,0.09655463693360744,0.09355463693360744,False,0.09355463693360744,False,0.09355463693360744,0.027137116131133565,0.06641752080247387
FICO,2023-03-20,s06_index_inclusion,Market capitalization change.[41],2023-03-21,686.1400146484375,60.0,,2023-06-15,802.1099853515625,0.16901793836137857,0.16601793836137857,False,0.16601793836137857,False,0.16601793836137857,0.11418777728777507,0.0518301610736035
FICO,2023-03-20,s06_index_inclusion,Market capitalization change.[41],2023-03-21,686.1400146484375,90.0,,2023-07-31,837.969970703125,0.22128130237744803,0.21828130237744803,False,0.21828130237744803,False,0.21828130237744803,0.15670749874110923,0.0615738036363388
BG,2023-03-15,s06_index_inclusion,The FDIC placed Signature Bank into FDIC Receivership.[42],2023-03-16,86.57972610608726,30.0,,2023-04-28,85.214111328125,-0.015772916355602185,-0.018772916355602184,False,-0.018772916355602184,False,-0.018772916355602184,0.07935807403719153,-0.09813099039279372
BG,2023-03-15,s06_index_inclusion,The FDIC placed Signature Bank into FDIC Receivership.[42],2023-03-16,86.57972610608726,60.0,,2023-06-12,85.98628234863281,-0.0068543039363199165,-0.009854303936319916,False,-0.009854303936319916,True,-0.07880590536456489,0.12573175047242602,-0.13558605440874594
BG,2023-03-15,s06_index_inclusion,The FDIC placed Signature Bank into FDIC Receivership.[42],2023-03-16,86.57972610608726,90.0,,2023-07-26,99.70155334472656,0.1515577356130806,0.1485577356130806,False,0.1485577356130806,True,-0.07880590536456489,0.18646127804852708,-0.03790354243544647
PODD,2023-03-15,s06_index_inclusion,"The FDIC placed SVB's main subsidiary, Silicon Valley Bank, into receivership.[43]",2023-03-16,306.0,30.0,,2023-04-28,318.0400085449219,0.03934643315333952,0.03634643315333952,False,0.03634643315333952,False,0.03634643315333952,0.07935807403719153,-0.04301164088385201
PODD,2023-03-15,s06_index_inclusion,"The FDIC placed SVB's main subsidiary, Silicon Valley Bank, into receivership.[43]",2023-03-16,306.0,60.0,,2023-06-12,284.0899963378906,-0.07160131915722023,-0.07460131915722024,True,-0.10299999999999987,True,-0.07923300513757203,0.12573175047242602,-0.20033306962964625
PODD,2023-03-15,s06_index_inclusion,"The FDIC placed SVB's main subsidiary, Silicon Valley Bank, into receivership.[43]",2023-03-16,306.0,90.0,,2023-07-26,280.8699951171875,-0.08212419896343959,-0.08512419896343959,True,-0.10299999999999987,True,-0.07923300513757203,0.18646127804852708,-0.27158547701196667
GEHC,2023-01-04,s06_index_inclusion,S&P 500 constituent General Electric spun off GE HealthCare.[44],2023-01-05,60.31483732906399,30.0,,2023-02-17,72.77765655517578,0.20662940957823506,0.20362940957823505,False,0.20362940957823505,False,0.20362940957823505,0.06690780098147742,0.13672160859675764
GEHC,2023-01-04,s06_index_inclusion,S&P 500 constituent General Electric spun off GE HealthCare.[44],2023-01-05,60.31483732906399,60.0,,2023-04-03,81.371337890625,0.34910979609679704,0.34610979609679704,False,0.34610979609679704,False,0.34610979609679704,0.08068322465530309,0.26542657144149395
GEHC,2023-01-04,s06_index_inclusion,S&P 500 constituent General Electric spun off GE HealthCare.[44],2023-01-05,60.31483732906399,90.0,,2023-05-16,77.36294555664062,0.2826519805494301,0.2796519805494301,False,0.2796519805494301,False,0.2796519805494301,0.07884261079750376,0.20080936975192631
STLD,2022-12-22,s06_index_inclusion,S&P 500 constituent Johnson & Johnson acquired Abiomed.[45],2022-12-23,98.46592357091114,30.0,,2023-02-08,118.2861099243164,0.20128980295535004,0.19828980295535004,False,0.19828980295535004,True,-0.0834494702567774,0.08165417287894194,0.11663563007640809
STLD,2022-12-22,s06_index_inclusion,S&P 500 constituent Johnson & Johnson acquired Abiomed.[45],2022-12-23,98.46592357091114,60.0,,2023-03-23,102.52162170410156,0.04118884976760184,0.03818884976760184,False,0.03818884976760184,True,-0.0834494702567774,0.03956437491821707,-0.001375525150615231
STLD,2022-12-22,s06_index_inclusion,S&P 500 constituent Johnson & Johnson acquired Abiomed.[45],2022-12-23,98.46592357091114,90.0,,2023-05-05,94.0140151977539,-0.045212680810850836,-0.04821268081085084,False,-0.04821268081085084,True,-0.0834494702567774,0.09101771748209653,-0.13923039829294737
FSLR,2022-12-19,s06_index_inclusion,Market capitalization change.[46],2022-12-20,156.80999755859375,30.0,,2023-02-03,168.19000244140625,0.07257193457043609,0.06957193457043609,False,0.06957193457043609,True,-0.09136976674578101,0.08733465200908563,-0.017762717438649545
FSLR,2022-12-19,s06_index_inclusion,Market capitalization change.[46],2022-12-20,156.80999755859375,60.0,,2023-03-20,204.67999267578125,0.30527387196278966,0.30227387196278965,False,0.30227387196278965,True,-0.09136976674578101,0.04222411395783654,0.2600497580049531
FSLR,2022-12-19,s06_index_inclusion,Market capitalization change.[46],2022-12-20,156.80999755859375,90.0,,2023-05-02,176.39999389648438,0.12492823571769152,0.12192823571769151,False,0.12192823571769151,True,-0.09136976674578101,0.08748765495899335,0.03444058075869816
MBC,2022-12-15,s06_index_inclusion,S&P 500 constituent Fortune Brands Home & Security spun off MasterBrand.[46],2022-12-16,7.75,30.0,,2023-02-01,9.489999771118164,0.224516099499118,0.221516099499118,False,0.221516099499118,False,0.221516099499118,0.06651432120831724,0.15500177829080075
MBC,2022-12-15,s06_index_inclusion,S&P 500 constituent Fortune Brands Home & Security spun off MasterBrand.[46],2022-12-16,7.75,60.0,,2023-03-16,8.350000381469727,0.07741940406060999,0.07441940406060998,False,0.07441940406060998,False,0.07441940406060998,0.028376595428162732,0.04604280863244725
MBC,2022-12-15,s06_index_inclusion,S&P 500 constituent Fortune Brands Home & Security spun off MasterBrand.[46],2022-12-16,7.75,90.0,,2023-04-28,8.069999694824219,0.041290283203125,0.038290283203125,False,0.038290283203125,False,0.038290283203125,0.0839541149761227,-0.04566383177299771
ACGL,2022-11-01,s06_index_inclusion,Elon Musk acquired Twitter.[47],2022-11-02,52.461068294983235,30.0,,2022-12-15,57.767086029052734,0.10114200694950215,0.09814200694950215,False,0.09814200694950215,False,0.09814200694950215,0.014925696353841111,0.08321631059566104
ACGL,2022-11-01,s06_index_inclusion,Elon Musk acquired Twitter.[47],2022-11-02,52.461068294983235,60.0,,2023-01-31,61.1903190612793,0.16639483430288493,0.16339483430288493,False,0.16339483430288493,False,0.16339483430288493,0.06367959997829908,0.09971523432458584
ACGL,2022-11-01,s06_index_inclusion,Elon Musk acquired Twitter.[47],2022-11-02,52.461068294983235,90.0,,2023-03-15,59.65937423706055,0.13721234004618377,0.13421234004618376,False,0.13421234004618376,False,0.13421234004618376,0.01867039449982033,0.11554194554636343
TRGP,2022-10-12,s06_index_inclusion,Elliot Management Corp acquired Nielsen Holdings.[48],2022-10-13,58.77464023127573,30.0,,2022-11-25,67.82170104980469,0.1539279659208317,0.15092796592083169,False,0.15092796592083169,False,0.15092796592083169,0.15211504367337025,-0.0011870777525385678
TRGP,2022-10-12,s06_index_inclusion,Elliot Management Corp acquired Nielsen Holdings.[48],2022-10-13,58.77464023127573,60.0,,2023-01-10,68.82085418701172,0.17092769800384233,0.16792769800384233,False,0.16792769800384233,False,0.16792769800384233,0.12360348842382751,0.04432420958001482
TRGP,2022-10-12,s06_index_inclusion,Elliot Management Corp acquired Nielsen Holdings.[48],2022-10-13,58.77464023127573,90.0,,2023-02-23,71.07527160644531,0.2092846732326581,0.2062846732326581,False,0.2062846732326581,False,0.2062846732326581,0.15260120198468652,0.05368347124797157
PCG,2022-10-03,s06_index_inclusion,Vista Equity Partners acquired Citrix Systems.[49],2022-10-04,13.060667381844016,30.0,,2022-11-15,14.233660697937012,0.08981113152943498,0.08681113152943498,False,0.08681113152943498,False,0.08681113152943498,0.07005922351439109,0.016751908015043893
PCG,2022-10-03,s06_index_inclusion,Vista Equity Partners acquired Citrix Systems.[49],2022-10-04,13.060667381844016,60.0,,2022-12-29,16.10651397705078,0.23320757708299644,0.23020757708299644,False,0.23020757708299644,False,0.23020757708299644,0.034373767959576806,0.19583380912341963
PCG,2022-10-03,s06_index_inclusion,Vista Equity Partners acquired Citrix Systems.[49],2022-10-04,13.060667381844016,90.0,,2023-02-13,15.43622875213623,0.18188667553042093,0.17888667553042092,False,0.17888667553042092,False,0.17888667553042092,0.11365691993070115,0.06522975559971977
EQT,2022-10-03,s06_index_inclusion,S&P 500 constituent Prologis Inc. acquired Duke Realty.[49],2022-10-04,40.55762223178356,30.0,,2022-11-15,41.54065704345703,0.024237979387832453,0.021237979387832454,True,-0.10299999999999998,True,-0.12127648284143366,0.07005922351439109,-0.04882124412655864
EQT,2022-10-03,s06_index_inclusion,S&P 500 constituent Prologis Inc. acquired Duke Realty.[49],2022-10-04,40.55762223178356,60.0,,2022-12-29,32.15224075317383,-0.20724542061597329,-0.2102454206159733,True,-0.10299999999999998,True,-0.12127648284143366,0.034373767959576806,-0.2446191885755501
EQT,2022-10-03,s06_index_inclusion,S&P 500 constituent Prologis Inc. acquired Duke Realty.[49],2022-10-04,40.55762223178356,90.0,,2023-02-13,29.294897079467773,-0.2776968799588452,-0.2806968799588452,True,-0.10299999999999998,True,-0.12127648284143366,0.11365691993070115,-0.39435379988954633
CSGP,2022-09-19,s06_index_inclusion,Market capitalization change.[50],2022-09-20,71.54000091552734,30.0,,2022-11-01,81.19000244140625,0.1348895918700559,0.1318895918700559,False,0.1318895918700559,False,0.1318895918700559,-0.0014023217204193195,0.1332919135904752
CSGP,2022-09-19,s06_index_inclusion,Market capitalization change.[50],2022-09-20,71.54000091552734,60.0,,2022-12-14,81.26000213623047,0.13586806117294103,0.13286806117294103,False,0.13286806117294103,False,0.13286806117294103,0.03724104699295916,0.09562701417998187
CSGP,2022-09-19,s06_index_inclusion,Market capitalization change.[50],2022-09-20,71.54000091552734,90.0,,2023-01-30,77.9000015258789,0.08890132134414275,0.08590132134414274,False,0.08590132134414274,False,0.08590132134414274,0.0451086424525351,0.04079267889160765
INVH,2022-09-19,s06_index_inclusion,Market capitalization change.[50],2022-09-20,32.012981745449075,30.0,,2022-11-01,27.789657592773438,-0.13192536035091518,-0.13492536035091518,True,-0.10299999999999998,True,-0.05532973024164156,-0.0014023217204193195,-0.13352303863049586
INVH,2022-09-19,s06_index_inclusion,Market capitalization change.[50],2022-09-20,32.012981745449075,60.0,,2022-12-14,28.306440353393555,-0.11578244793090653,-0.11878244793090653,True,-0.10299999999999998,True,-0.05532973024164156,0.03724104699295916,-0.1560234949238657
INVH,2022-09-19,s06_index_inclusion,Market capitalization change.[50],2022-09-20,32.012981745449075,90.0,,2023-01-30,28.120738983154297,-0.12158326247907525,-0.12458326247907525,True,-0.10299999999999998,True,-0.05532973024164156,0.0451086424525351,-0.16969190493161035
KDP,2022-06-21,s06_index_inclusion,Market capitalization change.[51],2022-06-22,31.366590380296696,30.0,,2022-08-04,34.8880500793457,0.11226785112292781,0.1092678511229278,False,0.1092678511229278,False,0.1092678511229278,0.11750572954037541,-0.008237878417447608
KDP,2022-06-21,s06_index_inclusion,Market capitalization change.[51],2022-06-22,31.366590380296696,60.0,,2022-09-16,33.52607727050781,0.06884672079524545,0.06584672079524545,False,0.06584672079524545,False,0.06584672079524545,0.044584160168793074,0.021262560626452376
KDP,2022-06-21,s06_index_inclusion,Market capitalization change.[51],2022-06-22,31.366590380296696,90.0,,2022-10-28,35.868927001953125,0.14353924245730654,0.14053924245730653,False,0.14053924245730653,False,0.14053924245730653,0.05395813013514772,0.08658111232215882
ON,2022-06-21,s06_index_inclusion,Market capitalization change.[51],2022-06-22,50.90999984741211,30.0,,2022-08-04,68.05000305175781,0.3366726233690409,0.3336726233690409,True,-0.10299999999999998,True,-0.12098202958587811,0.11750572954037541,0.2161668938286655
ON,2022-06-21,s06_index_inclusion,Market capitalization change.[51],2022-06-22,50.90999984741211,60.0,,2022-09-16,68.94000244140625,0.354154442114198,0.351154442114198,True,-0.10299999999999998,True,-0.12098202958587811,0.044584160168793074,0.3065702819454049
ON,2022-06-21,s06_index_inclusion,Market capitalization change.[51],2022-06-22,50.90999984741211,90.0,,2022-10-28,67.4800033569336,0.3254764006911264,0.3224764006911264,True,-0.10299999999999998,True,-0.12098202958587811,0.05395813013514772,0.26851827055597866
VICI,2022-06-08,s06_index_inclusion,S&P 500 constituent Oracle Corp. acquired Cerner.[51],2022-06-09,24.773753636425983,30.0,,2022-07-25,26.55113983154297,0.07174472714960767,0.06874472714960767,True,-0.10299999999999998,True,-0.06587781094385348,-0.029465148145531916,0.09820987529513958
VICI,2022-06-08,s06_index_inclusion,S&P 500 constituent Oracle Corp. acquired Cerner.[51],2022-06-09,24.773753636425983,60.0,,2022-09-06,26.591224670410156,0.07336276369971895,0.07036276369971894,True,-0.10299999999999998,True,-0.06587781094385348,-0.041266496936003594,0.11162926063572254
VICI,2022-06-08,s06_index_inclusion,S&P 500 constituent Oracle Corp. acquired Cerner.[51],2022-06-09,24.773753636425983,90.0,,2022-10-18,24.83261489868164,0.002375952514886981,-0.0006240474851130192,True,-0.10299999999999998,True,-0.06587781094385348,-0.08568863634352386,0.08506458885841084
WBD,2022-04-11,s06_index_inclusion,WarnerMedia and Discovery merge to create Warner Bros. Discovery.[52],2022-04-12,24.3700008392334,30.0,,2022-05-25,17.229999542236328,-0.2929832191676556,-0.2959832191676556,True,-0.10299999999999998,True,-0.12044026357069648,-0.10316427456668142,-0.19281894460097415
WBD,2022-04-11,s06_index_inclusion,WarnerMedia and Discovery merge to create Warner Bros. Discovery.[52],2022-04-12,24.3700008392334,60.0,,2022-07-11,13.65999984741211,-0.4394747896183573,-0.4424747896183573,True,-0.10299999999999998,True,-0.12044026357069648,-0.1290742253457492,-0.3134005642726081
WBD,2022-04-11,s06_index_inclusion,WarnerMedia and Discovery merge to create Warner Bros. Discovery.[52],2022-04-12,24.3700008392334,90.0,,2022-08-22,12.710000038146973,-0.47845713580423543,-0.48145713580423544,True,-0.10299999999999998,True,-0.12044026357069648,-0.06306860439116158,-0.41838853141307386
CPT,2022-04-04,s06_index_inclusion,S&P 500 constituent M&T Bank Corp. acquired People's United Financial.[53],2022-04-05,145.63948216304857,30.0,,2022-05-18,119.12432861328125,-0.18206020205484297,-0.18506020205484297,True,-0.10299999999999998,True,-0.05321870258892647,-0.13918550415307873,-0.04587469790176424
CPT,2022-04-04,s06_index_inclusion,S&P 500 constituent M&T Bank Corp. acquired People's United Financial.[53],2022-04-05,145.63948216304857,60.0,,2022-07-01,118.0692367553711,-0.18930474757395532,-0.19230474757395533,True,-0.10299999999999998,True,-0.05321870258892647,-0.1588972533142512,-0.03340749425970413
CPT,2022-04-04,s06_index_inclusion,S&P 500 constituent M&T Bank Corp. acquired People's United Financial.[53],2022-04-05,145.63948216304857,90.0,,2022-08-15,126.89447784423828,-0.12870825987848944,-0.13170825987848944,True,-0.10299999999999998,True,-0.05321870258892647,-0.053836537459409306,-0.07787172241908014
MOH,2022-03-02,s06_index_inclusion,S&P 500 constituent S&P Global Inc. acquired IHS Markit.[54],2022-03-03,309.4200134277344,30.0,,2022-04-14,335.94000244140625,0.0857087061689552,0.0827087061689552,False,0.0827087061689552,False,0.0827087061689552,-0.002996835963592903,0.08570554213254811
MOH,2022-03-02,s06_index_inclusion,S&P 500 constituent S&P Global Inc. acquired IHS Markit.[54],2022-03-03,309.4200134277344,60.0,,2022-05-27,305.0799865722656,-0.014026328831772128,-0.017026328831772127,False,-0.017026328831772127,True,-0.08081188024964736,-0.05430544366431633,0.0372791148325442
MOH,2022-03-02,s06_index_inclusion,S&P 500 constituent S&P Global Inc. acquired IHS Markit.[54],2022-03-03,309.4200134277344,90.0,,2022-07-13,282.3399963378906,-0.08751863458944731,-0.09051863458944731,True,-0.10299999999999998,True,-0.08081188024964736,-0.13354274147540401,0.0430241068859567
NDSN,2022-02-15,s06_index_inclusion,S&P 500 constituent Advanced Micro Devices acquired Xilinx.[55],2022-02-16,216.72669656718028,30.0,,2022-03-31,215.6815185546875,-0.004822562374860895,-0.007822562374860894,False,-0.007822562374860894,True,-0.06494057062251923,0.02052834957792804,-0.028350911952788934
NDSN,2022-02-15,s06_index_inclusion,S&P 500 constituent Advanced Micro Devices acquired Xilinx.[55],2022-02-16,216.72669656718028,60.0,,2022-05-13,201.32998657226562,-0.07104205544950959,-0.07404205544950959,True,-0.10299999999999998,True,-0.06494057062251923,-0.09227111080988704,0.018229055360377444
NDSN,2022-02-15,s06_index_inclusion,S&P 500 constituent Advanced Micro Devices acquired Xilinx.[55],2022-02-16,216.72669656718028,90.0,,2022-06-28,193.14772033691406,-0.1087959010299282,-0.1117959010299282,True,-0.10299999999999998,True,-0.06494057062251923,-0.13616549301995362,0.02436959199002542
CEG,2022-02-02,s06_index_inclusion,S&P 500 and 100 constituent Exelon Corp. spun off Constellation Energy.[56],2022-02-03,50.31630037175968,30.0,,2022-03-18,47.40558624267578,-0.057848333593253476,-0.06084833359325348,True,-0.10299999999999998,True,-0.18744737760660735,-0.011196333855028717,-0.04965199973822476
CEG,2022-02-02,s06_index_inclusion,S&P 500 and 100 constituent Exelon Corp. spun off Constellation Energy.[56],2022-02-03,50.31630037175968,60.0,,2022-05-02,56.294742584228516,0.11881720572254695,0.11581720572254695,True,-0.10299999999999998,True,-0.18744737760660735,-0.0780182994446087,0.19383550516715564
CEG,2022-02-02,s06_index_inclusion,S&P 500 and 100 constituent Exelon Corp. spun off Constellation Energy.[56],2022-02-03,50.31630037175968,90.0,,2022-06-14,52.78757095336914,0.049114711601421224,0.04611471160142122,True,-0.10299999999999998,True,-0.18744737760660735,-0.16835248453146479,0.214467196132886
SBNY,2021-12-20,s06_index_inclusion,Market capitalization change.[57],,,,no_price_data,,,,,,,,,,
SEDG,2021-12-20,s06_index_inclusion,Market capitalization change.[57],2021-12-21,265.45001220703125,30.0,,2022-02-03,231.1999969482422,-0.12902623350447084,-0.13202623350447085,True,-0.10299999999999998,True,-0.15166422231122745,-0.02618763788882006,-0.10583859561565079
SEDG,2021-12-20,s06_index_inclusion,Market capitalization change.[57],2021-12-21,265.45001220703125,60.0,,2022-03-18,312.510009765625,0.17728384025045907,0.17428384025045907,True,-0.10299999999999998,True,-0.15166422231122745,-0.027712120409916774,0.20199596066037584
SEDG,2021-12-20,s06_index_inclusion,Market capitalization change.[57],2021-12-21,265.45001220703125,90.0,,2022-05-02,255.30999755859375,-0.0381993376610924,-0.041199337661092406,True,-0.10299999999999998,True,-0.15166422231122745,-0.09341798185558947,0.052218644194497066
FDS,2021-12-20,s06_index_inclusion,Market capitalization change.[57],2021-12-21,442.1440361220706,30.0,,2022-02-03,399.4026184082031,-0.09666853835401967,-0.09966853835401968,True,-0.10299999999999998,True,-0.05221417374633219,-0.02618763788882006,-0.07348090046519962
FDS,2021-12-20,s06_index_inclusion,Market capitalization change.[57],2021-12-21,442.1440361220706,60.0,,2022-03-18,419.2856750488281,-0.051698901728330804,-0.05469890172833081,True,-0.10299999999999998,True,-0.05221417374633219,-0.027712120409916774,-0.026986781318414033
FDS,2021-12-20,s06_index_inclusion,Market capitalization change.[57],2021-12-21,442.1440361220706,90.0,,2022-05-02,376.9513854980469,-0.14744663570679672,-0.15044663570679673,True,-0.10299999999999998,True,-0.05221417374633219,-0.09341798185558947,-0.057028653851207256
EPAM,2021-12-14,s06_index_inclusion,Canadian Pacific acquired Kansas City Southern.[58],2021-12-15,661.5,30.0,,2022-01-28,451.1000061035156,-0.3180649945525085,-0.3210649945525085,True,-0.10299999999999998,True,-0.10357649020341186,-0.042978949532021415,-0.27808604502048706
EPAM,2021-12-14,s06_index_inclusion,Canadian Pacific acquired Kansas City Southern.[58],2021-12-15,661.5,60.0,,2022-03-14,220.0,-0.6674225245653818,-0.6704225245653818,True,-0.10299999999999998,True,-0.10357649020341186,-0.09700713396799099,-0.5734153905973908
EPAM,2021-12-14,s06_index_inclusion,Canadian Pacific acquired Kansas City Southern.[58],2021-12-15,661.5,90.0,,2022-04-26,264.9800109863281,-0.5994255313887709,-0.6024255313887709,True,-0.10299999999999998,True,-0.10357649020341186,-0.09615681349334615,-0.5062687178954247
MTCH,2021-09-20,s06_index_inclusion,Market capitalization change.[59],2021-09-21,146.7199687753265,30.0,,2021-11-02,143.3898162841797,-0.022697336422190073,-0.025697336422190072,False,-0.025697336422190072,False,-0.025697336422190072,0.058117340975113674,-0.08381467739730375
MTCH,2021-09-20,s06_index_inclusion,Market capitalization change.[59],2021-09-21,146.7199687753265,60.0,,2021-12-15,119.50920104980469,-0.18546056104462427,-0.18846056104462428,True,-0.10299999999999998,True,-0.08074222196092395,0.07804711769140549,-0.26650767873602976
MTCH,2021-09-20,s06_index_inclusion,Market capitalization change.[59],2021-09-21,146.7199687753265,90.0,,2022-01-28,105.42601776123047,-0.2814473814217463,-0.2844473814217463,True,-0.10299999999999998,True,-0.08074222196092395,0.01597274288441697,-0.30042012430616327
CDAY,2021-09-20,s06_index_inclusion,Market capitalization change.[59],,,,no_price_data,,,,,,,,,,
BRO,2021-09-20,s06_index_inclusion,Market capitalization change.[59],2021-09-21,54.7915954709245,30.0,,2021-11-02,60.77330017089844,0.10917193866253028,0.10617193866253027,False,0.10617193866253027,False,0.10617193866253027,0.058117340975113674,0.0480545976874166
BRO,2021-09-20,s06_index_inclusion,Market capitalization change.[59],2021-09-21,54.7915954709245,60.0,,2021-12-15,65.93704986572266,0.2034154015593972,0.2004154015593972,False,0.2004154015593972,False,0.2004154015593972,0.07804711769140549,0.1223682838679917
BRO,2021-09-20,s06_index_inclusion,Market capitalization change.[59],2021-09-21,54.7915954709245,90.0,,2022-01-28,62.371849060058594,0.1383470133326672,0.1353470133326672,False,0.1353470133326672,False,0.1353470133326672,0.01597274288441697,0.11937427044825022
TECH,2021-08-30,s06_index_inclusion,S&P 500 constituent Analog Devices acquired Maxim Integrated Products.[60],2021-08-31,124.55183776275813,30.0,,2021-10-13,118.15240478515625,-0.05137967526253029,-0.05437967526253029,False,-0.05437967526253029,True,-0.05009689094027492,-0.03440569408957772,-0.01997398117295257
TECH,2021-08-30,s06_index_inclusion,S&P 500 constituent Analog Devices acquired Maxim Integrated Products.[60],2021-08-31,124.55183776275813,60.0,,2021-11-24,116.75415802001953,-0.0626058987390562,-0.0656058987390562,False,-0.0656058987390562,True,-0.05009689094027492,0.04161162192528112,-0.10721752066433732
TECH,2021-08-30,s06_index_inclusion,S&P 500 constituent Analog Devices acquired Maxim Integrated Products.[60],2021-08-31,124.55183776275813,90.0,,2022-01-07,101.65348815917969,-0.18384593928830173,-0.18684593928830173,True,-0.10300000000000009,True,-0.05009689094027492,0.0378120054994866,-0.22465794478778833
MRNA,2021-07-21,s06_index_inclusion,AstraZeneca acquired Alexion Pharmaceuticals.[61],2021-07-22,319.0,30.0,,2021-09-02,397.6600036621094,0.24658308358028025,0.24358308358028025,False,0.24358308358028025,False,0.24358308358028025,0.042439190900555035,0.2011438926797252
MRNA,2021-07-21,s06_index_inclusion,AstraZeneca acquired Alexion Pharmaceuticals.[61],2021-07-22,319.0,60.0,,2021-10-15,324.2099914550781,0.016332261614665056,0.013332261614665056,False,0.013332261614665056,False,0.013332261614665056,0.028887334509556162,-0.015555072894891105
MRNA,2021-07-21,s06_index_inclusion,AstraZeneca acquired Alexion Pharmaceuticals.[61],2021-07-22,319.0,90.0,,2021-11-29,368.510009765625,0.1552037923687304,0.15220379236873038,True,-0.10299999999999998,True,-0.1150158766114503,0.07210855879365408,0.08009523357507631
