ticker,event_date,n_insiders,drawdown_pct,setup_type,entry_date,entry_price,horizon,exit_date,exit_price,raw_return,net_return,sl_hit_pct10,sl_return_pct10,sl_hit_atr2,sl_return_atr2,spy_return,edge_vs_spy,error
ABR,2025-11-28,3,-0.2605,s07_insider_buying,2025-12-01,8.301432365534287,30,2026-01-14,7.5706071853637695,-0.08803603378192204,-0.09103603378192204,True,-0.10299999999999998,True,-0.07928057285625645,0.02002027827420849,-0.11105631205613054,
ABR,2025-11-28,3,-0.2605,s07_insider_buying,2025-12-01,8.301432365534287,60,2026-02-27,7.430063724517822,-0.10496605918686941,-0.10796605918686941,True,-0.10299999999999998,True,-0.07928057285625645,0.013563482290441797,-0.12152954147731121,
ABR,2025-11-28,3,-0.2605,s07_insider_buying,2025-12-01,8.301432365534287,90,2026-04-13,7.478510856628418,-0.09913006246036016,-0.10213006246036016,True,-0.10299999999999998,True,-0.07928057285625645,0.016494515906773977,-0.11862457836713414,
ACVA,2025-11-14,3,-0.4864,s07_insider_buying,2025-11-17,6.269999980926514,30,2025-12-31,8.020000457763672,0.27910693495385974,0.27610693495385974,False,0.27610693495385974,False,0.27610693495385974,0.021255755187791436,0.2548511797660683,
ACVA,2025-11-14,3,-0.4864,s07_insider_buying,2025-11-17,6.269999980926514,60,2026-02-13,6.610000133514404,0.054226499780251736,0.05122649978025173,False,0.05122649978025173,False,0.05122649978025173,0.021001119351302666,0.030225380428949067,
ACVA,2025-11-14,3,-0.4864,s07_insider_buying,2025-11-17,6.269999980926514,90,2026-03-30,4.230000019073486,-0.32535884658034364,-0.32835884658034364,True,-0.10299999999999987,True,-0.17701816273707482,-0.05096552920917097,-0.2773933173711727,
ADTN,2025-11-28,3,-0.2526,s07_insider_buying,2025-12-01,7.880000114440918,30,2026-01-14,8.760000228881836,0.11167513980465893,0.10867513980465893,False,0.10867513980465893,False,0.10867513980465893,0.02002027827420849,0.08865486153045044,
ADTN,2025-11-28,3,-0.2526,s07_insider_buying,2025-12-01,7.880000114440918,60,2026-02-27,10.199999809265137,0.29441620065113683,0.2914162006511368,False,0.2914162006511368,False,0.2914162006511368,0.013563482290441797,0.27785271836069503,
ADTN,2025-11-28,3,-0.2526,s07_insider_buying,2025-12-01,7.880000114440918,90,2026-04-13,14.970000267028809,0.8997461991903692,0.8967461991903692,False,0.8967461991903692,False,0.8967461991903692,0.016494515906773977,0.8802516832835953,
ADV,2026-03-09,3,-0.4456,s07_insider_buying,2026-03-10,16.649999618530273,30,2026-04-22,32.43000030517578,0.9477478107016579,0.9447478107016579,False,0.9447478107016579,False,0.9447478107016579,0.05228177926599176,0.8924660314356662,
ADV,2026-03-09,3,-0.4456,s07_insider_buying,2026-03-10,16.649999618530273,60,2026-06-04,38.2599983215332,1.2978978497364366,1.2948978497364367,False,1.2948978497364367,False,1.2948978497364367,0.120164208968488,1.1747336407679487,
ADV,2026-03-09,3,-0.4456,s07_insider_buying,2026-03-10,16.649999618530273,90,,,,,,,,,,,exit_out_of_range
AIRJ,2025-12-10,3,-0.5539,s07_insider_buying,2025-12-11,3.2899999618530273,30,2026-01-27,3.4000000953674316,0.033434691425482166,0.030434691425482167,False,0.030434691425482167,False,0.030434691425482167,0.018105874661434207,0.01232881676404796,
AIRJ,2025-12-10,3,-0.5539,s07_insider_buying,2025-12-11,3.2899999618530273,60,2026-03-11,3.4000000953674316,0.033434691425482166,0.030434691425482167,True,-0.10299999999999998,False,0.030434691425482167,-0.009941755310051148,0.04037644673553331,
AIRJ,2025-12-10,3,-0.5539,s07_insider_buying,2025-12-11,3.2899999618530273,90,2026-04-23,3.1700000762939453,-0.036474129772176234,-0.039474129772176236,True,-0.10299999999999998,True,-0.22036357793990213,0.03990995922219076,-0.079384088994367,
ALIT,2025-11-26,3,-0.4071,s07_insider_buying,2025-11-28,2.2994804727747655,30,2026-01-13,1.6100000143051147,-0.29984184107363177,-0.30284184107363177,True,-0.10299999999999998,True,-0.1202125077541778,0.02197227878223207,-0.32481411985586384,
ALIT,2025-11-26,3,-0.4071,s07_insider_buying,2025-11-28,2.2994804727747655,60,2026-02-26,0.8920000195503235,-0.6120862820487647,-0.6150862820487647,True,-0.10299999999999998,True,-0.1202125077541778,0.0153875927990752,-0.6304738748478399,
ALIT,2025-11-26,3,-0.4071,s07_insider_buying,2025-11-28,2.2994804727747655,90,2026-04-10,0.5789999961853027,-0.7482039951891273,-0.7512039951891273,True,-0.10299999999999998,True,-0.1202125077541778,0.0036260872551865386,-0.7548300824443138,
ALT,2026-04-06,3,-0.4612,s07_insider_buying,2026-04-07,3.3399999141693115,30,2026-05-19,2.740000009536743,-0.17964069462612364,-0.18264069462612365,True,-0.10299999999999998,True,-0.13314094192711134,0.11738370869886339,-0.30002440332498703,
ALT,2026-04-06,3,-0.4612,s07_insider_buying,2026-04-07,3.3399999141693115,60,,,,,,,,,,,exit_out_of_range
ALT,2026-04-06,3,-0.4612,s07_insider_buying,2026-04-07,3.3399999141693115,90,,,,,,,,,,,exit_out_of_range
ARQ,2025-11-11,3,-0.5511,s07_insider_buying,2025-11-12,3.7899999618530273,30,2025-12-26,3.4100000858306885,-0.10026382054013194,-0.10326382054013195,True,-0.10299999999999998,False,-0.10326382054013195,0.011039660315547373,-0.11430348085567932,
ARQ,2025-11-11,3,-0.5511,s07_insider_buying,2025-11-12,3.7899999618530273,60,2026-02-10,3.8499999046325684,0.015831119626240175,0.012831119626240176,True,-0.10299999999999998,False,0.012831119626240176,0.013690591859124135,-0.0008594722328839587,
ARQ,2025-11-11,3,-0.5511,s07_insider_buying,2025-11-12,3.7899999618530273,90,2026-03-25,2.5,-0.34036938650055115,-0.34336938650055115,True,-0.10299999999999998,True,-0.2193007062659259,-0.035383185427869,-0.30798620107268215,
ARX,2025-11-18,3,-0.5441,s07_insider_buying,2025-11-19,13.699999809265137,30,2026-01-05,15.699999809265137,0.1459854034922996,0.1429854034922996,False,0.1429854034922996,False,0.1429854034922996,0.04384533994923956,0.09914006354306004,
ARX,2025-11-18,3,-0.5441,s07_insider_buying,2025-11-19,13.699999809265137,60,2026-02-18,10.569999694824219,-0.2284671648188008,-0.2314671648188008,True,-0.10299999999999998,True,-0.11649662450124754,0.04167476818542415,-0.27314193300422496,
ARX,2025-11-18,3,-0.5441,s07_insider_buying,2025-11-19,13.699999809265137,90,2026-04-01,12.899999618530273,-0.0583941753191729,-0.061394175319172906,True,-0.10299999999999998,True,-0.11649662450124754,-0.002737853328805828,-0.05865632199036708,
AVTR,2026-03-10,3,-0.3532,s07_insider_buying,2026-03-11,8.130000114440918,30,2026-04-23,7.760000228881836,-0.04551044038755536,-0.048510440387555365,True,-0.10299999999999998,True,-0.10433082112161762,0.04841461429818561,-0.09692505468574097,
AVTR,2026-03-10,3,-0.3532,s07_insider_buying,2026-03-11,8.130000114440918,60,2026-06-05,9.15999984741211,0.126691232284444,0.12369123228444401,True,-0.10299999999999998,True,-0.10433082112161762,0.09147883451988514,0.032212397764558864,
AVTR,2026-03-10,3,-0.3532,s07_insider_buying,2026-03-11,8.130000114440918,90,,,,,,,,,,,exit_out_of_range
AZTA,2025-06-02,3,-0.3903,s07_insider_buying,2025-06-03,26.979999542236328,30,2025-07-17,32.11000061035156,0.19014088788564965,0.18714088788564964,False,0.18714088788564964,False,0.18714088788564964,0.06340382742050066,0.12373706046514898,
AZTA,2025-06-02,3,-0.3903,s07_insider_buying,2025-06-03,26.979999542236328,60,2025-08-28,29.920000076293945,0.1089696287598203,0.1059696287598203,False,0.1059696287598203,False,0.1059696287598203,0.0987580709820286,0.0072115577777916995,
AZTA,2025-06-02,3,-0.3903,s07_insider_buying,2025-06-03,26.979999542236328,90,2025-10-10,29.809999465942383,0.10489251192446392,0.10189251192446391,False,0.10189251192446391,False,0.10189251192446391,0.1087657495368608,-0.0068732376123968875,
BBWI,2025-11-21,4,-0.5281,s07_insider_buying,2025-11-24,14.72950021180928,30,2026-01-08,22.329608917236328,0.5159787227087116,0.5129787227087116,False,0.5129787227087116,False,0.5129787227087116,0.04354586267522942,0.46943286003348217,
BBWI,2025-11-21,4,-0.5281,s07_insider_buying,2025-11-24,14.72950021180928,60,2026-02-23,22.26894187927246,0.5118599788890654,0.5088599788890654,False,0.5088599788890654,False,0.5088599788890654,0.03277006617733913,0.4760899127117263,
BBWI,2025-11-21,4,-0.5281,s07_insider_buying,2025-11-24,14.72950021180928,90,2026-04-07,17.888328552246094,0.21445590787284452,0.21145590787284452,False,0.21145590787284452,False,0.21145590787284452,0.00042781825541071683,0.2110280896174338,
BEAT,2026-04-16,6,-0.6106,s07_insider_buying,2026-04-17,0.8999999761581421,30,2026-06-01,0.8840000033378601,-0.01777774804904053,-0.02077774804904053,True,-0.10299999999999998,False,-0.02077774804904053,0.07420616394455459,-0.09498391199359513,
BEAT,2026-04-16,6,-0.6106,s07_insider_buying,2026-04-17,0.8999999761581421,60,,,,,,,,,,,exit_out_of_range
BEAT,2026-04-16,6,-0.6106,s07_insider_buying,2026-04-17,0.8999999761581421,90,,,,,,,,,,,exit_out_of_range
BHVN,2025-11-13,3,-0.5538,s07_insider_buying,2025-11-14,8.0,30,2025-12-30,11.640000343322754,0.45500004291534424,0.45200004291534424,False,0.45200004291534424,False,0.45200004291534424,0.03555862611048832,0.4164414168048559,
BHVN,2025-11-13,3,-0.5538,s07_insider_buying,2025-11-14,8.0,60,2026-02-12,11.5,0.4375,0.4345,False,0.4345,False,0.4345,0.026906580667761082,0.4075934193322389,
BHVN,2025-11-13,3,-0.5538,s07_insider_buying,2025-11-14,8.0,90,2026-03-27,8.369999885559082,0.046249985694885254,0.04324998569488525,False,0.04324998569488525,False,0.04324998569488525,-0.04159955414215233,0.08484953983703758,
BJDX,2026-03-14,5,-0.5343,s07_insider_buying,2026-03-17,1.940000057220459,30,2026-04-29,1.7999999523162842,-0.07216500039941254,-0.07516500039941254,True,-0.10299999999999998,False,-0.07516500039941254,0.0611748672933663,-0.13633986769277884,
BJDX,2026-03-14,5,-0.5343,s07_insider_buying,2026-03-17,1.940000057220459,60,2026-06-11,4.739999771118164,1.4432987790265392,1.4402987790265394,True,-0.10299999999999998,False,1.4402987790265394,0.10021694587147745,1.340081833155062,
BJDX,2026-03-14,5,-0.5343,s07_insider_buying,2026-03-17,1.940000057220459,90,,,,,,,,,,,exit_out_of_range
BORR,2026-06-17,3,-0.354,s07_insider_buying,2026-06-18,4.269999980926514,30,,,,,,,,,,,exit_out_of_range
BORR,2026-06-17,3,-0.354,s07_insider_buying,2026-06-18,4.269999980926514,60,,,,,,,,,,,exit_out_of_range
BORR,2026-06-17,3,-0.354,s07_insider_buying,2026-06-18,4.269999980926514,90,,,,,,,,,,,exit_out_of_range
BRCB,2026-05-21,3,-0.6166,s07_insider_buying,2026-05-22,6.739999771118164,30,,,,,,,,,,,exit_out_of_range
BRCB,2026-05-21,3,-0.6166,s07_insider_buying,2026-05-22,6.739999771118164,60,,,,,,,,,,,exit_out_of_range
BRCB,2026-05-21,3,-0.6166,s07_insider_buying,2026-05-22,6.739999771118164,90,,,,,,,,,,,exit_out_of_range
BRR,2025-12-19,3,-0.7,s07_insider_buying,2025-12-22,3.1500000953674316,30,2026-02-05,1.8899999856948853,-0.4000000227065307,-0.4030000227065307,True,-0.10299999999999987,True,-0.3093311048706139,-0.009240627538483093,-0.3937593951680476,
BRR,2025-12-19,3,-0.7,s07_insider_buying,2025-12-22,3.1500000953674316,60,2026-03-20,2.690000057220459,-0.14603175372072996,-0.14903175372072996,True,-0.10299999999999987,True,-0.3093311048706139,-0.049125297125432565,-0.0999064565952974,
BRR,2025-12-19,3,-0.7,s07_insider_buying,2025-12-22,3.1500000953674316,90,2026-05-04,1.9900000095367432,-0.36825398435277834,-0.37125398435277834,True,-0.10299999999999987,True,-0.3093311048706139,0.05268130616615596,-0.4239352905189343,
BSX,2026-05-20,3,-0.2626,s07_insider_buying,2026-05-21,56.029998779296875,30,,,,,,,,,,,exit_out_of_range
BSX,2026-05-20,3,-0.2626,s07_insider_buying,2026-05-21,56.029998779296875,60,,,,,,,,,,,exit_out_of_range
BSX,2026-05-20,3,-0.2626,s07_insider_buying,2026-05-21,56.029998779296875,90,,,,,,,,,,,exit_out_of_range
BZFD,2026-06-17,3,-0.311,s07_insider_buying,2026-06-18,1.4700000286102295,30,,,,,,,,,,,exit_out_of_range
BZFD,2026-06-17,3,-0.311,s07_insider_buying,2026-06-18,1.4700000286102295,60,,,,,,,,,,,exit_out_of_range
BZFD,2026-06-17,3,-0.311,s07_insider_buying,2026-06-18,1.4700000286102295,90,,,,,,,,,,,exit_out_of_range
CABA,2026-01-21,4,-0.3518,s07_insider_buying,2026-01-22,2.7249999046325684,30,2026-03-06,3.1700000762939453,0.16330282100372395,0.16030282100372395,True,-0.10299999999999987,True,-0.15108203339368997,-0.025324365352110134,0.18562718635583408,
CABA,2026-01-21,4,-0.3518,s07_insider_buying,2026-01-22,2.7249999046325684,60,2026-04-20,3.305000066757202,0.21284410364147854,0.20984410364147854,True,-0.10299999999999987,True,-0.15108203339368997,0.030159362954868874,0.17968474068660967,
CABA,2026-01-21,4,-0.3518,s07_insider_buying,2026-01-22,2.7249999046325684,90,2026-06-02,3.680000066757202,0.3504587873566929,0.3474587873566929,True,-0.10299999999999987,True,-0.15108203339368997,0.10407246982518004,0.24338631753151285,
CELH,2026-05-22,3,-0.4435,s07_insider_buying,2026-05-26,30.309999465942383,30,,,,,,,,,,,exit_out_of_range
CELH,2026-05-22,3,-0.4435,s07_insider_buying,2026-05-26,30.309999465942383,60,,,,,,,,,,,exit_out_of_range
CELH,2026-05-22,3,-0.4435,s07_insider_buying,2026-05-26,30.309999465942383,90,,,,,,,,,,,exit_out_of_range
CHTR,2026-04-28,3,-0.3025,s07_insider_buying,2026-04-29,174.39999389648438,30,2026-06-11,139.13999938964844,-0.20217887466076756,-0.20517887466076756,True,-0.10299999999999987,True,-0.1523635072531122,0.037637161353775594,-0.24281603601454316,
CHTR,2026-04-28,3,-0.3025,s07_insider_buying,2026-04-29,174.39999389648438,60,,,,,,,,,,,exit_out_of_range
CHTR,2026-04-28,3,-0.3025,s07_insider_buying,2026-04-29,174.39999389648438,90,,,,,,,,,,,exit_out_of_range
CMTG,2026-03-02,3,-0.3511,s07_insider_buying,2026-03-03,2.2300000190734863,30,2026-04-15,2.6500000953674316,0.18834083977651517,0.18534083977651516,False,0.18534083977651516,False,0.18534083977651516,0.0396875830768566,0.14565325669965856,
CMTG,2026-03-02,3,-0.3511,s07_insider_buying,2026-03-03,2.2300000190734863,60,2026-05-28,2.3499999046325684,0.05381160741377,0.05081160741377,False,0.05081160741377,False,0.05081160741377,0.12087927028698076,-0.07006766287321076,
CMTG,2026-03-02,3,-0.3511,s07_insider_buying,2026-03-03,2.2300000190734863,90,,,,,,,,,,,exit_out_of_range
CNDT,2026-02-19,3,-0.3158,s07_insider_buying,2026-02-20,1.4199999570846558,30,2026-04-06,1.440000057220459,0.014084577986089863,0.011084577986089864,True,-0.10299999999999987,False,0.011084577986089864,-0.03164277124219583,0.042727349228285694,
CNDT,2026-02-19,3,-0.3158,s07_insider_buying,2026-02-20,1.4199999570846558,60,2026-05-18,1.5499999523162842,0.09154929518344934,0.08854929518344934,True,-0.10299999999999987,False,0.08854929518344934,0.08551295636645384,0.0030363388169954986,
CNDT,2026-02-19,3,-0.3158,s07_insider_buying,2026-02-20,1.4199999570846558,90,,,,,,,,,,,exit_out_of_range
COCH,2026-02-12,6,-0.3821,s07_insider_buying,2026-02-13,0.550000011920929,30,2026-03-30,0.6430000066757202,0.16909089588921944,0.16609089588921944,False,0.16609089588921944,False,0.16609089588921944,-0.07040454692949838,0.23649544281871782,
COCH,2026-02-12,6,-0.3821,s07_insider_buying,2026-02-13,0.550000011920929,60,2026-05-12,0.6800000071525574,0.23636362257082633,0.23336362257082632,False,0.23336362257082632,False,0.23336362257082632,0.08582490532579423,0.1475387172450321,
COCH,2026-02-12,6,-0.3821,s07_insider_buying,2026-02-13,0.550000011920929,90,2026-06-25,0.6890000104904175,0.25272726464862694,0.24972726464862693,False,0.24972726464862693,False,0.24972726464862693,0.07970749596145743,0.1700197686871695,
CRVO,2025-11-12,3,-0.3068,s07_insider_buying,2025-11-13,7.449999809265137,30,2025-12-29,7.820000171661377,0.049664479445501675,0.04666447944550167,False,0.04666447944550167,False,0.04666447944550167,0.013787577712713439,0.03287690173278823,
CRVO,2025-11-12,3,-0.3068,s07_insider_buying,2025-11-13,7.449999809265137,60,2026-02-11,4.800000190734863,-0.35570465588933586,-0.35870465588933587,True,-0.10299999999999998,True,-0.13256209171026379,0.019845165946773324,-0.3785498218361092,
CRVO,2025-11-12,3,-0.3068,s07_insider_buying,2025-11-13,7.449999809265137,90,2026-03-26,3.9200000762939453,-0.4738254796437892,-0.4768254796437892,True,-0.10299999999999998,True,-0.13256209171026379,-0.04663764039968088,-0.4301878392441083,
CSGP,2026-03-06,3,-0.2909,s07_insider_buying,2026-03-09,48.20000076293945,30,2026-04-21,38.90999984741211,-0.1927386051551755,-0.1957386051551755,True,-0.10299999999999998,True,-0.10317481901092418,0.05944393996547781,-0.2551825451206533,
CSGP,2026-03-06,3,-0.2909,s07_insider_buying,2026-03-09,48.20000076293945,60,2026-06-03,33.400001525878906,-0.30705392121985464,-0.31005392121985464,True,-0.10299999999999998,True,-0.10317481901092418,0.13492067864107904,-0.4449745998609337,
CSGP,2026-03-06,3,-0.2909,s07_insider_buying,2026-03-09,48.20000076293945,90,,,,,,,,,,,exit_out_of_range
CTEV,2025-11-20,3,-0.3768,s07_insider_buying,2025-11-21,45.040000915527344,30,2026-01-07,32.68000030517578,-0.27442274331949457,-0.27742274331949457,True,-0.10299999999999998,True,-0.24160992166424589,0.055824281821388766,-0.33324702514088334,
CTEV,2025-11-20,3,-0.3768,s07_insider_buying,2025-11-21,45.040000915527344,60,2026-02-20,23.270000457763672,-0.4833481353296012,-0.4863481353296012,True,-0.10299999999999998,True,-0.24160992166424589,0.055594672190373284,-0.5419428075199745,
CTEV,2025-11-20,3,-0.3768,s07_insider_buying,2025-11-21,45.040000915527344,90,2026-04-06,17.059999465942383,-0.6212255968214019,-0.6242255968214019,True,-0.10299999999999998,True,-0.24160992166424589,0.011651015218157923,-0.6358766120395598,
CVCO,2026-02-04,3,-0.2756,s07_insider_buying,2026-02-05,514.8900146484375,30,2026-03-20,460.1600036621094,-0.10629456666332382,-0.10929456666332382,True,-0.10299999999999998,False,-0.10929456666332382,-0.04493601394560842,-0.0643585527177154,
CVCO,2026-02-04,3,-0.2756,s07_insider_buying,2026-02-05,514.8900146484375,60,2026-05-04,479.45001220703125,-0.06883023836771118,-0.07183023836771119,True,-0.10299999999999998,False,-0.07183023836771119,0.05731912025070929,-0.12914935861842047,
CVCO,2026-02-04,3,-0.2756,s07_insider_buying,2026-02-05,514.8900146484375,90,2026-06-16,604.469970703125,0.1739788178177275,0.1709788178177275,True,-0.10299999999999998,True,-0.12798670210762075,0.10491261757186932,0.06606620024585819,
EFOR,2026-04-24,9,-0.644,s07_insider_buying,2026-04-27,20.149999618530273,30,2026-06-09,20.520000457763672,0.0183623248753384,0.015362324875338399,True,-0.10299999999999987,False,0.015362324875338399,0.03348432374832799,-0.018121998872989594,
EFOR,2026-04-24,9,-0.644,s07_insider_buying,2026-04-27,20.149999618530273,60,,,,,,,,,,,exit_out_of_range
EFOR,2026-04-24,9,-0.644,s07_insider_buying,2026-04-27,20.149999618530273,90,,,,,,,,,,,exit_out_of_range
EML,2025-12-16,3,-0.2626,s07_insider_buying,2025-12-17,19.43853557415982,30,2026-02-02,18.74641990661621,-0.035605339965200655,-0.03860533996520066,True,-0.10299999999999998,True,-0.07155367079080566,0.02584951494973864,-0.0644548549149393,
EML,2025-12-16,3,-0.2626,s07_insider_buying,2025-12-17,19.43853557415982,60,2026-03-17,20.0207576751709,0.029951952851069885,0.026951952851069886,True,-0.10299999999999998,True,-0.07155367079080566,-0.01046924846440822,0.0374212013154781,
EML,2025-12-16,3,-0.2626,s07_insider_buying,2025-12-17,19.43853557415982,90,2026-04-29,22.129255294799805,0.13842193566355032,0.13542193566355032,True,-0.10299999999999998,True,-0.07155367079080566,0.052569886392956455,0.08285204927059386,
EOSE,2026-03-09,3,-0.6614,s07_insider_buying,2026-03-10,6.26800012588501,30,2026-04-22,7.340000152587891,0.17102744179532392,0.16802744179532392,True,-0.10299999999999998,False,0.16802744179532392,0.05228177926599176,0.11574566252933216,
EOSE,2026-03-09,3,-0.6614,s07_insider_buying,2026-03-10,6.26800012588501,60,2026-06-04,8.079999923706055,0.28908739014506635,0.28608739014506634,True,-0.10299999999999998,False,0.28608739014506634,0.120164208968488,0.16592318117657834,
EOSE,2026-03-09,3,-0.6614,s07_insider_buying,2026-03-10,6.26800012588501,90,,,,,,,,,,,exit_out_of_range
EU,2026-06-11,3,-0.3568,s07_insider_buying,2026-06-12,1.4299999475479126,30,,,,,,,,,,,exit_out_of_range
EU,2026-06-11,3,-0.3568,s07_insider_buying,2026-06-12,1.4299999475479126,60,,,,,,,,,,,exit_out_of_range
EU,2026-06-11,3,-0.3568,s07_insider_buying,2026-06-12,1.4299999475479126,90,,,,,,,,,,,exit_out_of_range
EVLV,2025-11-25,3,-0.2922,s07_insider_buying,2025-11-26,6.300000190734863,30,2026-01-12,7.099999904632568,0.1269840777265736,0.1239840777265736,False,0.1239840777265736,False,0.1239840777265736,0.028900839640371823,0.09508323808620178,
EVLV,2025-11-25,3,-0.2922,s07_insider_buying,2025-11-26,6.300000190734863,60,2026-02-25,5.309999942779541,-0.15714289174328477,-0.16014289174328478,True,-0.10299999999999987,True,-0.11954501139021567,0.025925923038851995,-0.18606881478213677,
EVLV,2025-11-25,3,-0.2922,s07_insider_buying,2025-11-26,6.300000190734863,90,2026-04-09,6.099999904632568,-0.0317460761979701,-0.0347460761979701,True,-0.10299999999999987,True,-0.11954501139021567,0.009077688976997456,-0.043823765174967555,
FGBI,2025-12-31,4,-0.4227,s07_insider_buying,2026-01-02,5.35351122708424,30,2026-02-17,9.228813171386719,0.7238804179015683,0.7208804179015683,False,0.7208804179015683,False,0.7208804179015683,-0.00417090147246324,0.7250513193740316,
FGBI,2025-12-31,4,-0.4227,s07_insider_buying,2026-01-02,5.35351122708424,60,2026-03-31,8.119999885559082,0.516761531101074,0.513761531101074,False,0.513761531101074,False,0.513761531101074,-0.04899141785646244,0.5627529489575365,
FGBI,2025-12-31,4,-0.4227,s07_insider_buying,2026-01-02,5.35351122708424,90,2026-05-13,9.104999542236328,0.7007528621912156,0.6977528621912156,False,0.6977528621912156,False,0.6977528621912156,0.08549858694818413,0.6122542752430314,
FLUT,2026-05-08,4,-0.3451,s07_insider_buying,2026-05-11,97.94000244140625,30,2026-06-24,98.51000213623047,0.005819886467383295,0.002819886467383295,False,0.002819886467383295,False,0.002819886467383295,-0.0017937681895825452,0.00461365465696584,
FLUT,2026-05-08,4,-0.3451,s07_insider_buying,2026-05-11,97.94000244140625,60,,,,,,,,,,,exit_out_of_range
FLUT,2026-05-08,4,-0.3451,s07_insider_buying,2026-05-11,97.94000244140625,90,,,,,,,,,,,exit_out_of_range
FOSL,2025-11-20,4,-0.4107,s07_insider_buying,2025-11-21,2.200000047683716,30,2026-01-07,3.6600000858306885,0.6636363665919658,0.6606363665919658,False,0.6606363665919658,False,0.6606363665919658,0.055824281821388766,0.604812084770577,
FOSL,2025-11-20,4,-0.4107,s07_insider_buying,2025-11-21,2.200000047683716,60,2026-02-20,4.670000076293945,1.1227272613974644,1.1197272613974645,False,1.1197272613974645,False,1.1197272613974645,0.055594672190373284,1.0641325892070912,
FOSL,2025-11-20,4,-0.4107,s07_insider_buying,2025-11-21,2.200000047683716,90,2026-04-06,4.849999904632568,1.204545363414388,1.201545363414388,False,1.201545363414388,False,1.201545363414388,0.011651015218157923,1.18989434819623,
FRPT,2026-05-18,4,-0.4333,s07_insider_buying,2026-05-19,48.650001525878906,30,,,,,,,,,,,exit_out_of_range
FRPT,2026-05-18,4,-0.4333,s07_insider_buying,2026-05-19,48.650001525878906,60,,,,,,,,,,,exit_out_of_range
FRPT,2026-05-18,4,-0.4333,s07_insider_buying,2026-05-19,48.650001525878906,90,,,,,,,,,,,exit_out_of_range
GEHC,2026-05-01,3,-0.2754,s07_insider_buying,2026-05-04,60.7400016784668,30,2026-06-16,63.22999954223633,0.040994366067860444,0.03799436606786044,False,0.03799436606786044,False,0.03799436606786044,0.04202376538752639,-0.0040293993196659494,
GEHC,2026-05-01,3,-0.2754,s07_insider_buying,2026-05-04,60.7400016784668,60,,,,,,,,,,,exit_out_of_range
GEHC,2026-05-01,3,-0.2754,s07_insider_buying,2026-05-04,60.7400016784668,90,,,,,,,,,,,exit_out_of_range
GLND,2026-05-08,3,-0.7646,s07_insider_buying,2026-05-11,3.059999942779541,30,2026-06-24,2.700000047683716,-0.11764702674105953,-0.12064702674105954,True,-0.10299999999999998,False,-0.12064702674105954,-0.0017937681895825452,-0.11885325855147699,
GLND,2026-05-08,3,-0.7646,s07_insider_buying,2026-05-11,3.059999942779541,60,,,,,,,,,,,exit_out_of_range
GLND,2026-05-08,3,-0.7646,s07_insider_buying,2026-05-11,3.059999942779541,90,,,,,,,,,,,exit_out_of_range
GO,2026-03-09,3,-0.4662,s07_insider_buying,2026-03-10,6.300000190734863,30,2026-04-22,8.069999694824219,0.2809522937304696,0.2779522937304696,False,0.2779522937304696,False,0.2779522937304696,0.05228177926599176,0.22567051446447783,
GO,2026-03-09,3,-0.4662,s07_insider_buying,2026-03-10,6.300000190734863,60,2026-06-04,8.460000038146973,0.3428571082567151,0.3398571082567151,False,0.3398571082567151,False,0.3398571082567151,0.120164208968488,0.2196928992882271,
GO,2026-03-09,3,-0.4662,s07_insider_buying,2026-03-10,6.300000190734863,90,,,,,,,,,,,exit_out_of_range
GPGI,2026-03-17,3,-0.3353,s07_insider_buying,2026-03-18,17.6856145846123,30,2026-04-30,15.42617416381836,-0.12775583285411007,-0.13075583285411008,True,-0.10299999999999998,True,-0.14528824546565355,0.0781953950915033,-0.20895122794561338,
GPGI,2026-03-17,3,-0.3353,s07_insider_buying,2026-03-18,17.6856145846123,60,2026-06-12,12.800000190734863,-0.27624792853556,-0.27924792853556,True,-0.10299999999999998,True,-0.14528824546565355,0.11283704536423222,-0.39208497389979224,
GPGI,2026-03-17,3,-0.3353,s07_insider_buying,2026-03-18,17.6856145846123,90,,,,,,,,,,,exit_out_of_range
HBIO,2026-03-17,3,-0.3835,s07_insider_buying,2026-03-18,4.949999809265137,30,2026-04-30,6.380000114440918,0.28888896167211664,0.28588896167211664,True,-0.10299999999999998,False,0.28588896167211664,0.0781953950915033,0.20769356658061333,
HBIO,2026-03-17,3,-0.3835,s07_insider_buying,2026-03-18,4.949999809265137,60,2026-06-12,6.079999923706055,0.22828286019846833,0.22528286019846833,True,-0.10299999999999998,False,0.22528286019846833,0.11283704536423222,0.1124458148342361,
HBIO,2026-03-17,3,-0.3835,s07_insider_buying,2026-03-18,4.949999809265137,90,,,,,,,,,,,exit_out_of_range
HDSN,2026-05-14,3,-0.3459,s07_insider_buying,2026-05-15,4.78000020980835,30,,,,,,,,,,,exit_out_of_range
HDSN,2026-05-14,3,-0.3459,s07_insider_buying,2026-05-15,4.78000020980835,60,,,,,,,,,,,exit_out_of_range
HDSN,2026-05-14,3,-0.3459,s07_insider_buying,2026-05-15,4.78000020980835,90,,,,,,,,,,,exit_out_of_range
HEPA,2026-04-21,4,-0.3548,s07_insider_buying,2026-04-22,0.05000000074505806,30,2026-06-04,0.06199999898672104,0.23999996125698142,0.23699996125698142,True,-0.10299999999999987,False,0.23699996125698142,0.06760202125619985,0.16939794000078157,
HEPA,2026-04-21,4,-0.3548,s07_insider_buying,2026-04-22,0.05000000074505806,60,,,,,,,,,,,exit_out_of_range
HEPA,2026-04-21,4,-0.3548,s07_insider_buying,2026-04-22,0.05000000074505806,90,,,,,,,,,,,exit_out_of_range
HLNE,2026-02-20,4,-0.3043,s07_insider_buying,2026-02-23,104.98193268369828,30,2026-04-07,95.85818481445312,-0.08690779104566726,-0.08990779104566726,True,-0.10300000000000009,True,-0.13507010733075742,-0.038977277871925065,-0.0509305131737422,
HLNE,2026-02-20,4,-0.3043,s07_insider_buying,2026-02-23,104.98193268369828,60,2026-05-19,83.49002838134766,-0.20472002898921582,-0.20772002898921582,True,-0.10300000000000009,True,-0.13507010733075742,0.06964483980747738,-0.2773648687966932,
HLNE,2026-02-20,4,-0.3043,s07_insider_buying,2026-02-23,104.98193268369828,90,,,,,,,,,,,exit_out_of_range
HROW,2026-05-18,4,-0.4297,s07_insider_buying,2026-05-19,30.920000076293945,30,,,,,,,,,,,exit_out_of_range
HROW,2026-05-18,4,-0.4297,s07_insider_buying,2026-05-19,30.920000076293945,60,,,,,,,,,,,exit_out_of_range
HROW,2026-05-18,4,-0.4297,s07_insider_buying,2026-05-19,30.920000076293945,90,,,,,,,,,,,exit_out_of_range
HUBS,2026-05-12,3,-0.3945,s07_insider_buying,2026-05-13,179.25,30,,,,,,,,,,,exit_out_of_range
HUBS,2026-05-12,3,-0.3945,s07_insider_buying,2026-05-13,179.25,60,,,,,,,,,,,exit_out_of_range
HUBS,2026-05-12,3,-0.3945,s07_insider_buying,2026-05-13,179.25,90,,,,,,,,,,,exit_out_of_range
HYPD,2025-12-18,3,-0.7464,s07_insider_buying,2025-12-19,3.009999990463257,30,2026-02-04,3.6500000953674316,0.2126246202431632,0.2096246202431632,False,0.2096246202431632,False,0.2096246202431632,0.01418876365507793,0.19543585658808527,
HYPD,2025-12-18,3,-0.7464,s07_insider_buying,2025-12-19,3.009999990463257,60,2026-03-19,3.640000104904175,0.20930236426477777,0.20630236426477777,False,0.20630236426477777,False,0.20630236426477777,-0.02481563977081125,0.23111800403558902,
HYPD,2025-12-18,3,-0.7464,s07_insider_buying,2025-12-19,3.009999990463257,90,2026-05-01,4.179999828338623,0.38870426630642485,0.38570426630642485,False,0.38570426630642485,False,0.38570426630642485,0.06802949215504106,0.3176747741513838,
IBP,2026-05-11,4,-0.3961,s07_insider_buying,2026-05-12,209.06554428573403,30,2026-06-25,225.05499267578125,0.0764805527600192,0.07348055276001919,False,0.07348055276001919,False,0.07348055276001919,-0.003859209898116389,0.07733976265813558,
IBP,2026-05-11,4,-0.3961,s07_insider_buying,2026-05-12,209.06554428573403,60,,,,,,,,,,,exit_out_of_range
IBP,2026-05-11,4,-0.3961,s07_insider_buying,2026-05-12,209.06554428573403,90,,,,,,,,,,,exit_out_of_range
INR,2026-06-10,3,-0.2793,s07_insider_buying,2026-06-11,13.800000190734863,30,,,,,,,,,,,exit_out_of_range
INR,2026-06-10,3,-0.2793,s07_insider_buying,2026-06-11,13.800000190734863,60,,,,,,,,,,,exit_out_of_range
INR,2026-06-10,3,-0.2793,s07_insider_buying,2026-06-11,13.800000190734863,90,,,,,,,,,,,exit_out_of_range
INSE,2026-03-26,3,-0.3004,s07_insider_buying,2026-03-27,6.789999961853027,30,2026-05-11,7.71999979019165,0.13696610214484028,0.13396610214484028,False,0.13396610214484028,False,0.13396610214484028,0.15066150471862905,-0.016695402573788765,
INSE,2026-03-26,3,-0.3004,s07_insider_buying,2026-03-27,6.789999961853027,60,2026-06-24,8.050000190734863,0.1855670450604796,0.1825670450604796,False,0.1825670450604796,False,0.1825670450604796,0.1441696815986271,0.03839736346185252,
INSE,2026-03-26,3,-0.3004,s07_insider_buying,2026-03-27,6.789999961853027,90,,,,,,,,,,,exit_out_of_range
INV,2025-12-02,3,-0.2626,s07_insider_buying,2025-12-03,4.900000095367432,30,2026-01-16,3.75,-0.23469389244597505,-0.23769389244597505,True,-0.10299999999999998,True,-0.2671259819361206,0.019298144008766505,-0.25699203645474156,
INV,2025-12-02,3,-0.2626,s07_insider_buying,2025-12-03,4.900000095367432,60,2026-03-03,2.7799999713897705,-0.4326530781054384,-0.4356530781054384,True,-0.10299999999999998,True,-0.2671259819361206,0.00260127216824535,-0.43825435027368376,
INV,2025-12-02,3,-0.2626,s07_insider_buying,2025-12-03,4.900000095367432,90,2026-04-15,4.760000228881836,-0.02857140076751319,-0.03157140076751319,True,-0.10299999999999998,True,-0.2671259819361206,0.03431744356913646,-0.06588884433664965,
IPX,2026-03-27,4,-0.6149,s07_insider_buying,2026-03-30,24.3700008392334,30,2026-05-12,40.47999954223633,0.6610586027172947,0.6580586027172947,False,0.6580586027172947,False,0.6580586027172947,0.15320800499776066,0.504850597719534,
IPX,2026-03-27,4,-0.6149,s07_insider_buying,2026-03-30,24.3700008392334,60,2026-06-25,26.309999465942383,0.07960601394751565,0.07660601394751565,False,0.07660601394751565,False,0.07660601394751565,0.14671880613114774,-0.07011279218363209,
IPX,2026-03-27,4,-0.6149,s07_insider_buying,2026-03-30,24.3700008392334,90,,,,,,,,,,,exit_out_of_range
ITGR,2025-11-12,3,-0.3714,s07_insider_buying,2025-11-13,68.80000305175781,30,2025-12-29,78.52999877929688,0.14142435023177602,0.13842435023177602,False,0.13842435023177602,False,0.13842435023177602,0.013787577712713439,0.12463677251906258,
ITGR,2025-11-12,3,-0.3714,s07_insider_buying,2025-11-13,68.80000305175781,60,2026-02-11,87.18000030517578,0.26715111101944,0.26415111101944,False,0.26415111101944,False,0.26415111101944,0.019845165946773324,0.24430594507266667,
ITGR,2025-11-12,3,-0.3714,s07_insider_buying,2025-11-13,68.80000305175781,90,2026-03-26,86.83000183105469,0.262063924121239,0.259063924121239,False,0.259063924121239,False,0.259063924121239,-0.04663764039968088,0.3057015645209199,
IVFH,2026-01-06,4,-0.3043,s07_insider_buying,2026-01-07,0.4000000059604645,30,2026-02-20,0.46000000834465027,0.1500000037252902,0.1470000037252902,True,-0.10299999999999987,False,0.1470000037252902,-0.003987269387815351,0.15098727311310556,
IVFH,2026-01-06,4,-0.3043,s07_insider_buying,2026-01-07,0.4000000059604645,60,2026-04-06,0.32679998874664307,-0.1830000403076404,-0.1860000403076404,True,-0.10299999999999987,True,-0.15001102282180023,-0.04545057242169792,-0.14054946788594247,
IVFH,2026-01-06,4,-0.3043,s07_insider_buying,2026-01-07,0.4000000059604645,90,2026-05-18,0.30399999022483826,-0.24000003576278628,-0.24300003576278628,True,-0.10299999999999987,True,-0.15001102282180023,0.07003463221689521,-0.3130346679796815,
KBR,2026-05-19,3,-0.2565,s07_insider_buying,2026-05-20,31.55405932334519,30,,,,,,,,,,,exit_out_of_range
KBR,2026-05-19,3,-0.2565,s07_insider_buying,2026-05-20,31.55405932334519,60,,,,,,,,,,,exit_out_of_range
KBR,2026-05-19,3,-0.2565,s07_insider_buying,2026-05-20,31.55405932334519,90,,,,,,,,,,,exit_out_of_range
KKR,2026-02-17,4,-0.2804,s07_insider_buying,2026-02-18,102.18947300238048,30,2026-04-01,91.18107604980469,-0.10772535202642008,-0.11072535202642009,True,-0.10299999999999998,True,-0.09478060284510037,-0.039458718637228496,-0.07126663338919159,
KKR,2026-02-17,4,-0.2804,s07_insider_buying,2026-02-18,102.18947300238048,60,2026-05-14,99.375,-0.027541711682131043,-0.030541711682131042,True,-0.10299999999999998,True,-0.09478060284510037,0.0967709370724541,-0.12731264875458514,
KKR,2026-02-17,4,-0.2804,s07_insider_buying,2026-02-18,102.18947300238048,90,,,,,,,,,,,exit_out_of_range
LAW,2026-02-27,3,-0.6352,s07_insider_buying,2026-03-02,3.0999999046325684,30,2026-04-14,3.7699999809265137,0.2161290635179416,0.21312906351794159,False,0.21312906351794159,False,0.21312906351794159,0.026015261432645653,0.18711380208529593,
LAW,2026-02-27,3,-0.6352,s07_insider_buying,2026-03-02,3.0999999046325684,60,2026-05-27,3.7100000381469727,0.19677424267105104,0.19377424267105103,False,0.19377424267105103,False,0.19377424267105103,0.10875124174624373,0.0850230009248073,
LAW,2026-02-27,3,-0.6352,s07_insider_buying,2026-03-02,3.0999999046325684,90,,,,,,,,,,,exit_out_of_range
LENZ,2026-03-27,3,-0.6051,s07_insider_buying,2026-03-30,9.0,30,2026-05-12,7.909999847412109,-0.1211111280653212,-0.12411112806532121,True,-0.10300000000000009,True,-0.2141712636706956,0.15320800499776066,-0.27731913306308187,
LENZ,2026-03-27,3,-0.6051,s07_insider_buying,2026-03-30,9.0,60,2026-06-25,5.335000038146973,-0.40722221798366975,-0.41022221798366976,True,-0.10300000000000009,True,-0.2141712636706956,0.14671880613114774,-0.5569410241148175,
LENZ,2026-03-27,3,-0.6051,s07_insider_buying,2026-03-30,9.0,90,,,,,,,,,,,exit_out_of_range
MAIA,2025-12-22,5,-0.2652,s07_insider_buying,2025-12-23,1.350000023841858,30,2026-02-06,1.9700000286102295,0.45925925468057605,0.45625925468057604,False,0.45625925468057604,False,0.45625925468057604,0.009796519558256556,0.4464627351223195,
MAIA,2025-12-22,5,-0.2652,s07_insider_buying,2025-12-23,1.350000023841858,60,2026-03-23,1.4900000095367432,0.10370369127584933,0.10070369127584933,False,0.10070369127584933,False,0.10070369127584933,-0.039112916618428084,0.1398166078942774,
MAIA,2025-12-22,5,-0.2652,s07_insider_buying,2025-12-23,1.350000023841858,90,2026-05-05,1.3899999856948853,0.029629600849335302,0.026629600849335303,True,-0.10299999999999998,False,0.026629600849335303,0.06115730403294273,-0.03452770318360743,
MMSI,2026-05-06,3,-0.2573,s07_insider_buying,2026-05-07,61.900001525878906,30,2026-06-22,66.5,0.07431338224116102,0.07131338224116102,False,0.07131338224116102,False,0.07131338224116102,0.015315630930037294,0.05599775131112372,
MMSI,2026-05-06,3,-0.2573,s07_insider_buying,2026-05-07,61.900001525878906,60,,,,,,,,,,,exit_out_of_range
MMSI,2026-05-06,3,-0.2573,s07_insider_buying,2026-05-07,61.900001525878906,90,,,,,,,,,,,exit_out_of_range
NAVN,2025-12-17,5,-0.3637,s07_insider_buying,2025-12-18,13.0,30,2026-02-03,10.34000015258789,-0.20461537287785458,-0.2076153728778546,True,-0.10299999999999987,True,-0.21831230843235627,0.02061328398403295,-0.22822865686188754,
NAVN,2025-12-17,5,-0.3637,s07_insider_buying,2025-12-18,13.0,60,2026-03-18,9.0600004196167,-0.30307689079871547,-0.3060768907987155,True,-0.10299999999999987,True,-0.21831230843235627,-0.02097918177746605,-0.2850977090212494,
NAVN,2025-12-17,5,-0.3637,s07_insider_buying,2025-12-18,13.0,90,2026-04-30,17.489999771118164,0.3453845977783203,0.3423845977783203,True,-0.10299999999999987,True,-0.21831230843235627,0.06663530915857696,0.27574928861974335,
NCLH,2026-05-11,3,-0.3373,s07_insider_buying,2026-05-12,16.549999237060547,30,2026-06-25,20.704999923706055,0.25105745487535613,0.24805745487535613,True,-0.10299999999999998,True,-0.11410387350635598,-0.003859209898116389,0.2519166647734725,
NCLH,2026-05-11,3,-0.3373,s07_insider_buying,2026-05-12,16.549999237060547,60,,,,,,,,,,,exit_out_of_range
NCLH,2026-05-11,3,-0.3373,s07_insider_buying,2026-05-12,16.549999237060547,90,,,,,,,,,,,exit_out_of_range
NRDE,2025-12-16,3,-0.4096,s07_insider_buying,2025-12-17,1.5,30,2026-02-02,1.5499999523162842,0.03333330154418945,0.030333301544189454,True,-0.10299999999999998,False,0.030333301544189454,0.02584951494973864,0.004483786594450815,
NRDE,2025-12-16,3,-0.4096,s07_insider_buying,2025-12-17,1.5,60,2026-03-17,1.7000000476837158,0.1333333651224773,0.13033336512247728,True,-0.10299999999999998,False,0.13033336512247728,-0.01046924846440822,0.1408026135868855,
NRDE,2025-12-16,3,-0.4096,s07_insider_buying,2025-12-17,1.5,90,2026-04-29,2.390000104904175,0.5933334032694499,0.5903334032694499,True,-0.10299999999999998,False,0.5903334032694499,0.052569886392956455,0.5377635168764935,
NSPR,2026-05-08,3,-0.3784,s07_insider_buying,2026-05-11,1.2100000381469727,30,2026-06-24,0.699999988079071,-0.4214876313962186,-0.4244876313962186,True,-0.10299999999999998,True,-0.16973145941270185,-0.0017937681895825452,-0.42269386320663604,
NSPR,2026-05-08,3,-0.3784,s07_insider_buying,2026-05-11,1.2100000381469727,60,,,,,,,,,,,exit_out_of_range
NSPR,2026-05-08,3,-0.3784,s07_insider_buying,2026-05-11,1.2100000381469727,90,,,,,,,,,,,exit_out_of_range
OI,2026-05-14,3,-0.4233,s07_insider_buying,2026-05-15,8.75,30,,,,,,,,,,,exit_out_of_range
OI,2026-05-14,3,-0.4233,s07_insider_buying,2026-05-15,8.75,60,,,,,,,,,,,exit_out_of_range
OI,2026-05-14,3,-0.4233,s07_insider_buying,2026-05-15,8.75,90,,,,,,,,,,,exit_out_of_range
OLED,2026-05-11,3,-0.3091,s07_insider_buying,2026-05-12,93.24580639859485,30,2026-06-25,86.97000122070312,-0.06730388657978614,-0.07030388657978615,False,-0.07030388657978615,True,-0.09730999260921469,-0.003859209898116389,-0.06644467668166976,
OLED,2026-05-11,3,-0.3091,s07_insider_buying,2026-05-12,93.24580639859485,60,,,,,,,,,,,exit_out_of_range
OLED,2026-05-11,3,-0.3091,s07_insider_buying,2026-05-12,93.24580639859485,90,,,,,,,,,,,exit_out_of_range
ONCY,2026-02-11,3,-0.3307,s07_insider_buying,2026-02-12,0.8500000238418579,30,2026-03-27,0.8399999737739563,-0.01176476445577379,-0.01476476445577379,False,-0.01476476445577379,False,-0.01476476445577379,-0.08414710837384665,0.06938234391807285,
ONCY,2026-02-11,3,-0.3307,s07_insider_buying,2026-02-12,0.8500000238418579,60,2026-05-11,0.8999999761581421,0.05882347166332158,0.05582347166332158,False,0.05582347166332158,False,0.05582347166332158,0.06781376377511417,-0.011990292111792589,
ONCY,2026-02-11,3,-0.3307,s07_insider_buying,2026-02-12,0.8500000238418579,90,2026-06-24,0.9200000166893005,0.08235293045175962,0.07935293045175962,False,0.07935293045175962,False,0.07935293045175962,0.06178935255504214,0.017563577896717475,
ONMD,2026-06-16,3,-0.5825,s07_insider_buying,2026-06-17,0.5400000214576721,30,,,,,,,,,,,exit_out_of_range
ONMD,2026-06-16,3,-0.5825,s07_insider_buying,2026-06-17,0.5400000214576721,60,,,,,,,,,,,exit_out_of_range
ONMD,2026-06-16,3,-0.5825,s07_insider_buying,2026-06-17,0.5400000214576721,90,,,,,,,,,,,exit_out_of_range
ONON,2026-05-14,3,-0.2546,s07_insider_buying,2026-05-15,37.0,30,,,,,,,,,,,exit_out_of_range
ONON,2026-05-14,3,-0.2546,s07_insider_buying,2026-05-15,37.0,60,,,,,,,,,,,exit_out_of_range
ONON,2026-05-14,3,-0.2546,s07_insider_buying,2026-05-15,37.0,90,,,,,,,,,,,exit_out_of_range
OPAL,2026-06-11,3,-0.3004,s07_insider_buying,2026-06-12,1.909999966621399,30,,,,,,,,,,,exit_out_of_range
OPAL,2026-06-11,3,-0.3004,s07_insider_buying,2026-06-12,1.909999966621399,60,,,,,,,,,,,exit_out_of_range
OPAL,2026-06-11,3,-0.3004,s07_insider_buying,2026-06-12,1.909999966621399,90,,,,,,,,,,,exit_out_of_range
OPCH,2026-05-04,3,-0.4142,s07_insider_buying,2026-05-05,21.649999618530273,30,2026-06-17,21.709999084472656,0.0027713379676472805,-0.0002286620323527196,True,-0.10299999999999998,False,-0.0002286620323527196,0.026587394765098082,-0.0268160567974508,
OPCH,2026-05-04,3,-0.4142,s07_insider_buying,2026-05-05,21.649999618530273,60,,,,,,,,,,,exit_out_of_range
OPCH,2026-05-04,3,-0.4142,s07_insider_buying,2026-05-05,21.649999618530273,90,,,,,,,,,,,exit_out_of_range
PATK,2026-05-05,5,-0.38,s07_insider_buying,2026-05-06,94.03111689817361,30,2026-06-18,87.37000274658203,-0.07083946645879902,-0.07383946645879902,True,-0.10300000000000009,True,-0.1162603684151674,0.028158394440729095,-0.10199786089952811,
PATK,2026-05-05,5,-0.38,s07_insider_buying,2026-05-06,94.03111689817361,60,,,,,,,,,,,exit_out_of_range
PATK,2026-05-05,5,-0.38,s07_insider_buying,2026-05-06,94.03111689817361,90,,,,,,,,,,,exit_out_of_range
PENN,2025-11-21,3,-0.3258,s07_insider_buying,2025-11-24,13.760000228881836,30,2026-01-08,14.430000305175781,0.048691865199800954,0.04569186519980095,False,0.04569186519980095,False,0.04569186519980095,0.04354586267522942,0.002146002524571533,
PENN,2025-11-21,3,-0.3258,s07_insider_buying,2025-11-24,13.760000228881836,60,2026-02-23,12.170000076293945,-0.11555233474855087,-0.11855233474855087,True,-0.10299999999999998,True,-0.10763648997903152,0.03277006617733913,-0.15132240092589,
PENN,2025-11-21,3,-0.3258,s07_insider_buying,2025-11-24,13.760000228881836,90,2026-04-07,15.050000190734863,0.09374999566826725,0.09074999566826725,True,-0.10299999999999998,True,-0.10763648997903152,0.00042781825541071683,0.09032217741285653,
PICS,2026-03-26,3,-0.4047,s07_insider_buying,2026-03-27,11.300000190734863,30,2026-05-11,11.859999656677246,0.04955747402566768,0.04655747402566768,True,-0.10299999999999998,False,0.04655747402566768,0.15066150471862905,-0.10410403069296137,
PICS,2026-03-26,3,-0.4047,s07_insider_buying,2026-03-27,11.300000190734863,60,2026-06-24,9.970000267028809,-0.11769910630590541,-0.12069910630590541,True,-0.10299999999999998,True,-0.24126717068737413,0.1441696815986271,-0.2648687879045325,
PICS,2026-03-26,3,-0.4047,s07_insider_buying,2026-03-27,11.300000190734863,90,,,,,,,,,,,exit_out_of_range
PRMB,2025-11-11,3,-0.3929,s07_insider_buying,2025-11-12,16.110791737937006,30,2025-12-26,16.43691635131836,0.020242618655010425,0.017242618655010426,False,0.017242618655010426,False,0.017242618655010426,0.011039660315547373,0.006202958339463053,
PRMB,2025-11-11,3,-0.3929,s07_insider_buying,2025-11-12,16.110791737937006,60,2026-02-10,18.653573989868164,0.15783099262238753,0.15483099262238753,False,0.15483099262238753,False,0.15483099262238753,0.013690591859124135,0.1411404007632634,
PRMB,2025-11-11,3,-0.3929,s07_insider_buying,2025-11-12,16.110791737937006,90,2026-03-25,18.328622817993164,0.13766120971160611,0.1346612097116061,False,0.1346612097116061,False,0.1346612097116061,-0.035383185427869,0.1700443951394751,
QDEL,2026-02-13,3,-0.3335,s07_insider_buying,2026-02-17,23.8700008392334,30,2026-03-31,16.43000030517578,-0.31168832310340877,-0.3146883231034088,True,-0.10299999999999998,True,-0.17085698807674754,-0.04120315662687779,-0.273485166476531,
QDEL,2026-02-13,3,-0.3335,s07_insider_buying,2026-02-17,23.8700008392334,60,2026-05-13,11.050000190734863,-0.5370758356835591,-0.5400758356835591,True,-0.10299999999999998,True,-0.17085698807674754,0.09438825074116708,-0.6344640864247262,
QDEL,2026-02-13,3,-0.3335,s07_insider_buying,2026-02-17,23.8700008392334,90,,,,,,,,,,,exit_out_of_range
RAL,2026-02-06,4,-0.2978,s07_insider_buying,2026-02-09,40.94998429731463,30,2026-03-24,42.54461669921875,0.03894097712776645,0.03594097712776645,False,0.03594097712776645,False,0.03594097712776645,-0.04997837513303882,0.08591935226080527,
RAL,2026-02-06,4,-0.2978,s07_insider_buying,2026-02-09,40.94998429731463,60,2026-05-06,46.980926513671875,0.14727581267357737,0.14427581267357736,False,0.14427581267357736,False,0.14427581267357736,0.06732348977568314,0.07695232289789422,
RAL,2026-02-06,4,-0.2978,s07_insider_buying,2026-02-09,40.94998429731463,90,2026-06-18,68.18000030517578,0.6649579108543593,0.6619579108543593,False,0.6619579108543593,False,0.6619579108543593,0.08889855853747441,0.5730593523168849,
RDW,2025-11-14,3,-0.5178,s07_insider_buying,2025-11-17,5.389999866485596,30,2025-12-31,7.599999904632568,0.41001857010952825,0.40701857010952824,False,0.40701857010952824,False,0.40701857010952824,0.021255755187791436,0.3857628149217368,
RDW,2025-11-14,3,-0.5178,s07_insider_buying,2025-11-17,5.389999866485596,60,2026-02-13,8.020000457763672,0.4879407525835242,0.4849407525835242,False,0.4849407525835242,False,0.4849407525835242,0.021001119351302666,0.46393963323222154,
RDW,2025-11-14,3,-0.5178,s07_insider_buying,2025-11-17,5.389999866485596,90,2026-03-30,7.710000038146973,0.43042675865112234,0.42742675865112234,False,0.42742675865112234,False,0.42742675865112234,-0.05096552920917097,0.4783922878602933,
RPD,2025-11-24,3,-0.3206,s07_insider_buying,2025-11-25,14.859999656677246,30,2026-01-09,14.09000015258789,-0.05181692610223987,-0.05481692610223987,False,-0.05481692610223987,False,-0.05481692610223987,0.04111534021203789,-0.09593226631427776,
RPD,2025-11-24,3,-0.3206,s07_insider_buying,2025-11-25,14.859999656677246,60,2026-02-24,6.119999885559082,-0.5881561220084484,-0.5911561220084484,True,-0.10299999999999998,True,-0.0940172749323328,0.031035190935619683,-0.622191312944068,
RPD,2025-11-24,3,-0.3206,s07_insider_buying,2025-11-25,14.859999656677246,90,2026-04-08,5.489999771118164,-0.6305518238251595,-0.6335518238251595,True,-0.10299999999999998,True,-0.0940172749323328,0.016794457031043875,-0.6503462808562034,
RXO,2025-11-17,3,-0.4253,s07_insider_buying,2025-11-18,10.479999542236328,30,2026-01-02,12.84000015258789,0.2251909077705896,0.22219090777058959,False,0.22219090777058959,False,0.22219090777058959,0.034871922282344814,0.18731898548824477,
RXO,2025-11-17,3,-0.4253,s07_insider_buying,2025-11-18,10.479999542236328,60,2026-02-17,14.829999923706055,0.4150763904080743,0.4120763904080743,False,0.4120763904080743,False,0.4120763904080743,0.03438719879000307,0.37768919161807124,
RXO,2025-11-17,3,-0.4253,s07_insider_buying,2025-11-18,10.479999542236328,90,2026-03-31,14.619999885559082,0.3950382179539025,0.3920382179539025,False,0.3920382179539025,False,0.3920382179539025,-0.012168749875604568,0.40420696782950705,
RZLT,2025-12-16,3,-0.8154,s07_insider_buying,2025-12-17,2.049999952316284,30,2026-02-02,3.240000009536743,0.5804878462928178,0.5774878462928178,True,-0.10299999999999998,False,0.5774878462928178,0.02584951494973864,0.5516383313430792,
RZLT,2025-12-16,3,-0.8154,s07_insider_buying,2025-12-17,2.049999952316284,60,2026-03-17,2.559999942779541,0.2487804889395293,0.2457804889395293,True,-0.10299999999999998,False,0.2457804889395293,-0.01046924846440822,0.2562497374039375,
RZLT,2025-12-16,3,-0.8154,s07_insider_buying,2025-12-17,2.049999952316284,90,2026-04-29,3.119999885559082,0.5219511990884733,0.5189511990884733,True,-0.10299999999999998,False,0.5189511990884733,0.052569886392956455,0.46638131269551686,
SBSW,2026-03-24,3,-0.4412,s07_insider_buying,2026-03-25,12.119999885559082,30,2026-05-07,13.1899995803833,0.08828380403692226,0.08528380403692226,False,0.08528380403692226,False,0.08528380403692226,0.11069286052480432,-0.025409056487882054,
SBSW,2026-03-24,3,-0.4412,s07_insider_buying,2026-03-25,12.119999885559082,60,2026-06-22,9.350000381469727,-0.22854781602678031,-0.23154781602678032,True,-0.10299999999999998,True,-0.1562115104408318,0.1330526553003606,-0.3646004713271409,
SBSW,2026-03-24,3,-0.4412,s07_insider_buying,2026-03-25,12.119999885559082,90,,,,,,,,,,,exit_out_of_range
SHAK,2026-05-15,6,-0.423,s07_insider_buying,2026-05-18,59.900001525878906,30,,,,,,,,,,,exit_out_of_range
SHAK,2026-05-15,6,-0.423,s07_insider_buying,2026-05-18,59.900001525878906,60,,,,,,,,,,,exit_out_of_range
SHAK,2026-05-15,6,-0.423,s07_insider_buying,2026-05-18,59.900001525878906,90,,,,,,,,,,,exit_out_of_range
SMMT,2026-06-04,3,-0.4375,s07_insider_buying,2026-06-05,15.239999771118164,30,,,,,,,,,,,exit_out_of_range
SMMT,2026-06-04,3,-0.4375,s07_insider_buying,2026-06-05,15.239999771118164,60,,,,,,,,,,,exit_out_of_range
SMMT,2026-06-04,3,-0.4375,s07_insider_buying,2026-06-05,15.239999771118164,90,,,,,,,,,,,exit_out_of_range
SOFI,2026-03-02,3,-0.3787,s07_insider_buying,2026-03-03,18.0,30,2026-04-15,18.790000915527344,0.043888939751519196,0.04088893975151919,True,-0.10300000000000009,True,-0.1373963441587578,0.0396875830768566,0.0012013566746625903,
SOFI,2026-03-02,3,-0.3787,s07_insider_buying,2026-03-03,18.0,60,2026-05-28,16.969999313354492,-0.057222260369194866,-0.06022226036919487,True,-0.10300000000000009,True,-0.1373963441587578,0.12087927028698076,-0.18110153065617562,
SOFI,2026-03-02,3,-0.3787,s07_insider_buying,2026-03-03,18.0,90,,,,,,,,,,,exit_out_of_range
SRAD,2026-04-30,7,-0.3372,s07_insider_buying,2026-05-01,13.210000038146973,30,2026-06-15,15.960000038146973,0.20817562392571776,0.20517562392571775,False,0.20517562392571775,False,0.20517562392571775,0.04655808327865696,0.1586175406470608,
SRAD,2026-04-30,7,-0.3372,s07_insider_buying,2026-05-01,13.210000038146973,60,,,,,,,,,,,exit_out_of_range
SRAD,2026-04-30,7,-0.3372,s07_insider_buying,2026-05-01,13.210000038146973,90,,,,,,,,,,,exit_out_of_range
SSII,2026-03-06,3,-0.2896,s07_insider_buying,2026-03-09,4.400000095367432,30,2026-04-21,4.599999904632568,0.04545450112051319,0.04245450112051319,False,0.04245450112051319,False,0.04245450112051319,0.05944393996547781,-0.01698943884496462,
SSII,2026-03-06,3,-0.2896,s07_insider_buying,2026-03-09,4.400000095367432,60,2026-06-03,4.309999942779541,-0.020454579690270425,-0.023454579690270424,True,-0.10299999999999998,False,-0.023454579690270424,0.13492067864107904,-0.15837525833134947,
SSII,2026-03-06,3,-0.2896,s07_insider_buying,2026-03-09,4.400000095367432,90,,,,,,,,,,,exit_out_of_range
STEX,2026-01-23,3,-0.334,s07_insider_buying,2026-01-26,3.309999942779541,30,2026-03-10,2.0,-0.3957703823038381,-0.3987703823038381,True,-0.10299999999999998,True,-0.22099111984357,-0.019276143097040732,-0.37949423920679737,
STEX,2026-01-23,3,-0.334,s07_insider_buying,2026-01-26,3.309999942779541,60,2026-04-22,1.0199999809265137,-0.6918429007373401,-0.6948429007373401,True,-0.10299999999999998,True,-0.22099111984357,0.0328207521169388,-0.7276636528542789,
STEX,2026-01-23,3,-0.334,s07_insider_buying,2026-01-26,3.309999942779541,90,2026-06-04,1.1799999475479126,-0.6435045414058168,-0.6465045414058168,True,-0.10299999999999998,True,-0.22099111984357,0.0994477559122171,-0.7459522973180339,
STRT,2026-05-12,3,-0.3096,s07_insider_buying,2026-05-13,62.209999084472656,30,,,,,,,,,,,exit_out_of_range
STRT,2026-05-12,3,-0.3096,s07_insider_buying,2026-05-13,62.209999084472656,60,,,,,,,,,,,exit_out_of_range
STRT,2026-05-12,3,-0.3096,s07_insider_buying,2026-05-13,62.209999084472656,90,,,,,,,,,,,exit_out_of_range
SVC,2026-04-02,4,-0.4641,s07_insider_buying,2026-04-06,1.2716339615500807,30,2026-05-18,1.7200000286102295,0.3525905100187834,0.3495905100187834,False,0.3495905100187834,False,0.3495905100187834,0.12623119739576216,0.22335931262302122,
SVC,2026-04-02,4,-0.4641,s07_insider_buying,2026-04-06,1.2716339615500807,60,,,,,,,,,,,exit_out_of_range
SVC,2026-04-02,4,-0.4641,s07_insider_buying,2026-04-06,1.2716339615500807,90,,,,,,,,,,,exit_out_of_range
SVCO,2025-12-08,3,-0.4062,s07_insider_buying,2025-12-09,4.0,30,2026-01-23,4.960000038146973,0.24000000953674316,0.23700000953674316,False,0.23700000953674316,False,0.23700000953674316,0.011880969305696265,0.2251190402310469,
SVCO,2025-12-08,3,-0.4062,s07_insider_buying,2025-12-09,4.0,60,2026-03-09,3.2899999618530273,-0.17750000953674316,-0.18050000953674317,True,-0.10299999999999998,True,-0.19765514275320928,-0.004209727623026183,-0.17629028191371698,
SVCO,2025-12-08,3,-0.4062,s07_insider_buying,2025-12-09,4.0,90,2026-04-21,8.729999542236328,1.182499885559082,1.1794998855590821,True,-0.10299999999999998,True,-0.19765514275320928,0.036505855006270904,1.1429940305528112,
SXC,2026-02-26,3,-0.3204,s07_insider_buying,2026-02-27,5.682465041181074,30,2026-04-13,6.233969211578369,0.09705368469502584,0.09405368469502584,False,0.09405368469502584,False,0.09405368469502584,0.007149447815685495,0.08690423687934035,
SXC,2026-02-26,3,-0.3204,s07_insider_buying,2026-02-27,5.682465041181074,60,2026-05-26,8.869999885559082,0.5609422708767766,0.5579422708767766,False,0.5579422708767766,False,0.5579422708767766,0.10181658797575177,0.45612568290102484,
SXC,2026-02-26,3,-0.3204,s07_insider_buying,2026-02-27,5.682465041181074,90,,,,,,,,,,,exit_out_of_range
TBI,2026-02-25,3,-0.3141,s07_insider_buying,2026-02-26,3.819999933242798,30,2026-04-10,3.3299999237060547,-0.1282722560470786,-0.1312722560470786,True,-0.10299999999999998,True,-0.16698867077183233,-0.01725765457639017,-0.11401460147068843,
TBI,2026-02-25,3,-0.3141,s07_insider_buying,2026-02-26,3.819999933242798,60,2026-05-22,5.559999942779541,0.4554973926556216,0.4524973926556216,True,-0.10299999999999998,True,-0.16698867077183233,0.07846232025463196,0.37403507240098965,
TBI,2026-02-25,3,-0.3141,s07_insider_buying,2026-02-26,3.819999933242798,90,,,,,,,,,,,exit_out_of_range
THRY,2026-03-13,3,-0.5204,s07_insider_buying,2026-03-16,2.9600000381469727,30,2026-04-28,3.859999895095825,0.30405400180747066,0.30105400180747066,True,-0.10299999999999998,False,0.30105400180747066,0.06770640207879852,0.23334759972867214,
THRY,2026-03-13,3,-0.5204,s07_insider_buying,2026-03-16,2.9600000381469727,60,2026-06-10,3.759999990463257,0.2702702506778014,0.2672702506778014,True,-0.10299999999999998,False,0.2672702506778014,0.08831973962208561,0.1789505110557158,
THRY,2026-03-13,3,-0.5204,s07_insider_buying,2026-03-16,2.9600000381469727,90,,,,,,,,,,,exit_out_of_range
TLPH,2026-02-12,4,-0.4452,s07_insider_buying,2026-02-13,0.8100000023841858,30,2026-03-30,0.75,-0.07407407679948075,-0.07707407679948075,True,-0.10299999999999998,False,-0.07707407679948075,-0.07040454692949838,-0.006669529869982371,
TLPH,2026-02-12,4,-0.4452,s07_insider_buying,2026-02-13,0.8100000023841858,60,2026-05-12,0.8600000143051147,0.061728409597230804,0.0587284095972308,True,-0.10299999999999998,False,0.0587284095972308,0.08582490532579423,-0.02709649572856343,
TLPH,2026-02-12,4,-0.4452,s07_insider_buying,2026-02-13,0.8100000023841858,90,2026-06-25,1.0549999475479126,0.3024690672130672,0.2994690672130672,True,-0.10299999999999998,False,0.2994690672130672,0.07970749596145743,0.21976157125160978,
TLSI,2026-02-23,4,-0.3347,s07_insider_buying,2026-02-24,5.25,30,2026-04-08,4.139999866485596,-0.21142859685988658,-0.21442859685988658,True,-0.10299999999999987,True,-0.15288513351363886,-0.0059301614760997046,-0.20849843538378687,
TLSI,2026-02-23,4,-0.3347,s07_insider_buying,2026-02-24,5.25,60,2026-05-20,3.240000009536743,-0.3828571410406203,-0.3858571410406203,True,-0.10299999999999987,True,-0.15288513351363886,0.09000493028515999,-0.4758620713257803,
TLSI,2026-02-23,4,-0.3347,s07_insider_buying,2026-02-24,5.25,90,,,,,,,,,,,exit_out_of_range
TNC,2026-03-02,3,-0.2675,s07_insider_buying,2026-03-03,61.72052934647156,30,2026-04-15,77.77345275878906,0.260090501204284,0.257090501204284,False,0.257090501204284,False,0.257090501204284,0.0396875830768566,0.2174029181274274,
TNC,2026-03-02,3,-0.2675,s07_insider_buying,2026-03-03,61.72052934647156,60,2026-05-28,87.18000030517578,0.41249599166245154,0.40949599166245154,False,0.40949599166245154,False,0.40949599166245154,0.12087927028698076,0.2886167213754708,
TNC,2026-03-02,3,-0.2675,s07_insider_buying,2026-03-03,61.72052934647156,90,,,,,,,,,,,exit_out_of_range
UTZ,2025-11-20,3,-0.3079,s07_insider_buying,2025-11-21,9.318115342125026,30,2026-01-07,9.768972396850586,0.048385004710914004,0.045385004710914,False,0.045385004710914,False,0.045385004710914,0.055824281821388766,-0.010439277110474765,
UTZ,2025-11-20,3,-0.3079,s07_insider_buying,2025-11-21,9.318115342125026,60,2026-02-20,9.533102035522461,0.023071907301418504,0.020071907301418505,False,0.020071907301418505,False,0.020071907301418505,0.055594672190373284,-0.03552276488895478,
UTZ,2025-11-20,3,-0.3079,s07_insider_buying,2025-11-21,9.318115342125026,90,2026-04-06,7.606825828552246,-0.1836518921199053,-0.1866518921199053,True,-0.10299999999999987,True,-0.09376252099574389,0.011651015218157923,-0.19830290733806322,
VAC,2025-11-14,4,-0.4216,s07_insider_buying,2025-11-17,45.357193097919,30,2025-12-31,56.438941955566406,0.24432175143033352,0.24132175143033352,False,0.24132175143033352,False,0.24132175143033352,0.021255755187791436,0.22006599624254208,
VAC,2025-11-14,4,-0.4216,s07_insider_buying,2025-11-17,45.357193097919,60,2026-02-13,52.78004837036133,0.16365332079561346,0.16065332079561345,False,0.16065332079561345,False,0.16065332079561345,0.021001119351302666,0.1396522014443108,
VAC,2025-11-14,4,-0.4216,s07_insider_buying,2025-11-17,45.357193097919,90,2026-03-30,64.07093811035156,0.4125860472016545,0.4095860472016545,False,0.4095860472016545,False,0.4095860472016545,-0.05096552920917097,0.46055157641082545,
VERX,2026-02-23,3,-0.4166,s07_insider_buying,2026-02-24,12.319999694824219,30,2026-04-08,11.600000381469727,-0.058441504154985724,-0.06144150415498573,False,-0.06144150415498573,False,-0.06144150415498573,-0.0059301614760997046,-0.05551134267888602,
VERX,2026-02-23,3,-0.4166,s07_insider_buying,2026-02-24,12.319999694824219,60,2026-05-20,13.510000228881836,0.09659095483237312,0.09359095483237312,True,-0.10299999999999998,False,0.09359095483237312,0.09000493028515999,0.003586024547213129,
VERX,2026-02-23,3,-0.4166,s07_insider_buying,2026-02-24,12.319999694824219,90,,,,,,,,,,,exit_out_of_range
VITL,2026-05-14,4,-0.7005,s07_insider_buying,2026-05-15,8.510000228881836,30,,,,,,,,,,,exit_out_of_range
VITL,2026-05-14,4,-0.7005,s07_insider_buying,2026-05-15,8.510000228881836,60,,,,,,,,,,,exit_out_of_range
VITL,2026-05-14,4,-0.7005,s07_insider_buying,2026-05-15,8.510000228881836,90,,,,,,,,,,,exit_out_of_range
VRNS,2026-02-09,4,-0.284,s07_insider_buying,2026-02-10,25.649999618530273,30,2026-03-25,21.389999389648438,-0.1660818827382864,-0.1690818827382864,True,-0.10299999999999998,True,-0.1585187095239582,-0.05228611976564157,-0.11679576297264482,
VRNS,2026-02-09,4,-0.284,s07_insider_buying,2026-02-10,25.649999618530273,60,2026-05-07,28.68000030517578,0.11812868349738892,0.11512868349738892,True,-0.10299999999999998,True,-0.1585187095239582,0.05558380949014263,0.059544874007246285,
VRNS,2026-02-09,4,-0.284,s07_insider_buying,2026-02-10,25.649999618530273,90,2026-06-22,32.709999084472656,0.27524364798984413,0.27224364798984413,True,-0.10299999999999998,True,-0.1585187095239582,0.07683418228667538,0.19540946570316875,
WBI,2026-01-06,3,-0.2741,s07_insider_buying,2026-01-07,19.596800861683114,30,2026-02-20,25.35529327392578,0.2938485956400174,0.2908485956400174,False,0.2908485956400174,False,0.2908485956400174,-0.003987269387815351,0.29483586502783277,
WBI,2026-01-06,3,-0.2741,s07_insider_buying,2026-01-07,19.596800861683114,60,2026-04-06,25.70698356628418,0.31179490712425806,0.30879490712425806,False,0.30879490712425806,False,0.30879490712425806,-0.04545057242169792,0.354245479545956,
WBI,2026-01-06,3,-0.2741,s07_insider_buying,2026-01-07,19.596800861683114,90,2026-05-18,31.00811195373535,0.5823047941648651,0.5793047941648651,False,0.5793047941648651,False,0.5793047941648651,0.07003463221689521,0.5092701619479699,
WD,2026-03-18,3,-0.3094,s07_insider_buying,2026-03-19,43.8520598411933,30,2026-05-01,50.57880401611328,0.15339631021394062,0.15039631021394062,False,0.15039631021394062,False,0.15039631021394062,0.099925681799506,0.050470628414434615,
WD,2026-03-18,3,-0.3094,s07_insider_buying,2026-03-19,43.8520598411933,60,2026-06-15,51.279998779296875,0.1693863176553907,0.1663863176553907,False,0.1663863176553907,False,0.1663863176553907,0.15209448912136736,0.014291828534023332,
WD,2026-03-18,3,-0.3094,s07_insider_buying,2026-03-19,43.8520598411933,90,,,,,,,,,,,exit_out_of_range
WEST,2025-11-17,3,-0.361,s07_insider_buying,2025-11-18,4.150000095367432,30,2026-01-02,4.070000171661377,-0.01927708960666219,-0.02227708960666219,False,-0.02227708960666219,False,-0.02227708960666219,0.034871922282344814,-0.057149011889007006,
WEST,2025-11-17,3,-0.361,s07_insider_buying,2025-11-18,4.150000095367432,60,2026-02-17,4.940000057220459,0.19036143221656543,0.18736143221656543,True,-0.10299999999999998,False,0.18736143221656543,0.03438719879000307,0.15297423342656236,
WEST,2025-11-17,3,-0.361,s07_insider_buying,2025-11-18,4.150000095367432,90,2026-03-31,4.25,0.024096362008327654,0.021096362008327655,True,-0.10299999999999998,False,0.021096362008327655,-0.012168749875604568,0.03326511188393222,
WW,2026-05-22,3,-0.4492,s07_insider_buying,2026-05-26,12.850000381469727,30,,,,,,,,,,,exit_out_of_range
WW,2026-05-22,3,-0.4492,s07_insider_buying,2026-05-26,12.850000381469727,60,,,,,,,,,,,exit_out_of_range
WW,2026-05-22,3,-0.4492,s07_insider_buying,2026-05-26,12.850000381469727,90,,,,,,,,,,,exit_out_of_range
WWW,2025-11-07,3,-0.5068,s07_insider_buying,2025-11-10,15.735275383788668,30,2025-12-23,17.316709518432617,0.1005024758748887,0.0975024758748887,False,0.0975024758748887,False,0.0975024758748887,0.018830688237542192,0.0786717876373465,
WWW,2025-11-07,3,-0.5068,s07_insider_buying,2025-11-10,15.735275383788668,60,2026-02-06,18.476089477539062,0.17418278529615883,0.17118278529615882,False,0.17118278529615882,False,0.17118278529615882,0.022769995614748018,0.1484127896814108,
WWW,2025-11-07,3,-0.5068,s07_insider_buying,2025-11-10,15.735275383788668,90,2026-03-23,16.547977447509766,0.05164841694212652,0.048648416942126516,False,0.048648416942126516,False,0.048648416942126516,-0.026767810126383407,0.07541622706850992,
ZBIO,2026-02-12,3,-0.3952,s07_insider_buying,2026-02-13,25.610000610351562,30,2026-03-30,18.225000381469727,-0.2883639224083743,-0.2913639224083743,True,-0.10299999999999998,True,-0.2153391221469524,-0.07040454692949838,-0.2209593754788759,
ZBIO,2026-02-12,3,-0.3952,s07_insider_buying,2026-02-13,25.610000610351562,60,2026-05-12,19.15999984741211,-0.2518547680288755,-0.2548547680288755,True,-0.10299999999999998,True,-0.2153391221469524,0.08582490532579423,-0.34067967335466975,
ZBIO,2026-02-12,3,-0.3952,s07_insider_buying,2026-02-13,25.610000610351562,90,2026-06-25,24.729999542236328,-0.03436161839682028,-0.037361618396820284,True,-0.10299999999999998,True,-0.2153391221469524,0.07970749596145743,-0.11706911435827771,
ZTS,2026-05-13,3,-0.4305,s07_insider_buying,2026-05-14,74.44999694824219,30,,,,,,,,,,,exit_out_of_range
ZTS,2026-05-13,3,-0.4305,s07_insider_buying,2026-05-14,74.44999694824219,60,,,,,,,,,,,exit_out_of_range
ZTS,2026-05-13,3,-0.4305,s07_insider_buying,2026-05-14,74.44999694824219,90,,,,,,,,,,,exit_out_of_range
