ticker,event_date,setup_type,sponsor_name,application_number,entry_date,entry_price,horizon,exit_date,exit_price,raw_return,net_return,sl_hit_pct10,sl_return_pct10,sl_hit_atr2,sl_return_atr2,spy_return,edge_vs_spy,error
DCTH,2023-08-14,s08_fda_regulatory,DELCATH SYSTEMS INC,NDA201848,2023-08-03,4.0,30.0,2023-09-15,4.480000019073486,0.12000000476837158,0.11700000476837158,True,-0.10299999999999998,True,-0.13662428704322038,-0.006932716127163285,0.12393272089553486,
DCTH,2023-08-14,s08_fda_regulatory,DELCATH SYSTEMS INC,NDA201848,2023-08-03,4.0,60.0,2023-10-27,3.2799999713897705,-0.18000000715255737,-0.18300000715255738,True,-0.10299999999999998,True,-0.13662428704322038,-0.08015243105958803,-0.10284757609296935,
DCTH,2023-08-14,s08_fda_regulatory,DELCATH SYSTEMS INC,NDA201848,2023-08-03,4.0,90.0,2023-12-11,2.869999885559082,-0.2825000286102295,-0.2855000286102295,True,-0.10299999999999998,True,-0.13662428704322038,0.03477247546766127,-0.32027250407789076,
GILD,2025-06-18,s08_fda_regulatory,GILEAD SCIENCES INC,NDA220020,2025-06-09,108.96744077760764,30.0,2025-07-23,110.67678833007812,0.015686773409307797,0.012686773409307798,False,0.012686773409307798,True,-0.05442136093340899,0.06063654682563713,-0.04794977341632933,
GILD,2025-06-18,s08_fda_regulatory,GILEAD SCIENCES INC,NDA220020,2025-06-09,108.96744077760764,60.0,2025-09-04,109.90684509277344,0.008620963367241385,0.005620963367241385,False,0.005620963367241385,True,-0.05442136093340899,0.08557150749459552,-0.07995054412735414,
GILD,2025-06-18,s08_fda_regulatory,GILEAD SCIENCES INC,NDA220020,2025-06-09,108.96744077760764,90.0,2025-10-16,115.65550231933594,0.06137669650678501,0.05837669650678501,False,0.05837669650678501,True,-0.05442136093340899,0.10790055129487364,-0.04952385478808863,
INCY,2023-03-22,s08_fda_regulatory,INCYTE CORP,BLA761334,2023-03-13,72.2699966430664,30.0,2023-04-25,73.55000305175781,0.017711449676872437,0.014711449676872438,False,0.014711449676872438,True,-0.045260826070351645,0.06762447385978776,-0.052913024182915325,
INCY,2023-03-22,s08_fda_regulatory,INCYTE CORP,BLA761334,2023-03-13,72.2699966430664,60.0,2023-06-07,61.38999938964844,-0.15054653049387956,-0.15354653049387956,True,-0.10299999999999987,True,-0.045260826070351645,0.12144224492253586,-0.2749887754164154,
INCY,2023-03-22,s08_fda_regulatory,INCYTE CORP,BLA761334,2023-03-13,72.2699966430664,90.0,2023-07-21,64.1500015258789,-0.11235637877902871,-0.11535637877902871,True,-0.10299999999999987,True,-0.045260826070351645,0.1932419324490553,-0.308598311228084,
PFE,2024-10-11,s08_fda_regulatory,PFIZER INC,BLA761369,2024-10-02,25.41022063401981,30.0,2024-11-13,24.108638763427734,-0.05122276934697245,-0.054222769346972455,False,-0.054222769346972455,True,-0.03904468141117312,0.051927811907027,-0.10615058125399945,
PFE,2024-10-11,s08_fda_regulatory,PFIZER INC,BLA761369,2024-10-02,25.41022063401981,60.0,2024-12-27,24.018415451049805,-0.05477343951538238,-0.057773439515382385,True,-0.10300000000000009,True,-0.03904468141117312,0.05161533001976859,-0.10938876953515098,
PFE,2024-10-11,s08_fda_regulatory,PFIZER INC,BLA761369,2024-10-02,25.41022063401981,90.0,2025-02-12,23.360721588134766,-0.08065648368047329,-0.08365648368047329,True,-0.10300000000000009,True,-0.03904468141117312,0.06637307712784879,-0.15002956080832208,
ARDX,2023-10-17,s08_fda_regulatory,ARDELYX INC,NDA213931,2023-10-06,3.9600000381469727,30.0,2023-11-17,4.329999923706055,0.09343431363506216,0.09043431363506216,True,-0.10299999999999998,True,-0.13052333583430265,0.06829871682228195,0.02213559681278021,
ARDX,2023-10-17,s08_fda_regulatory,ARDELYX INC,NDA213931,2023-10-06,3.9600000381469727,60.0,2024-01-03,6.150000095367432,0.553030312152532,0.550030312152532,True,-0.10299999999999998,True,-0.13052333583430265,0.11546011819606794,0.434570193956464,
ARDX,2023-10-17,s08_fda_regulatory,ARDELYX INC,NDA213931,2023-10-06,3.9600000381469727,90.0,2024-02-15,9.300000190734863,1.3484848740270898,1.34548487402709,True,-0.10299999999999998,True,-0.13052333583430265,0.19450532707641166,1.1509795469506783,
BBIO,2024-11-22,s08_fda_regulatory,BRIDGEBIO PHARMA,NDA216540,2024-11-13,24.920000076293945,30.0,2024-12-27,27.989999771118164,0.12319420888544319,0.12019420888544319,True,-0.10299999999999998,True,-0.10624198871595159,-0.0005982754239947097,0.1207924843094379,
BBIO,2024-11-22,s08_fda_regulatory,BRIDGEBIO PHARMA,NDA216540,2024-11-13,24.920000076293945,60.0,2025-02-12,31.950000762939453,0.2821027554222624,0.27910275542226237,True,-0.10299999999999998,True,-0.10624198871595159,0.013426736849642129,0.26567601857262024,
BBIO,2024-11-22,s08_fda_regulatory,BRIDGEBIO PHARMA,NDA216540,2024-11-13,24.920000076293945,90.0,2025-03-27,36.400001525878906,0.4606742140625324,0.4576742140625324,True,-0.10299999999999998,True,-0.10624198871595159,-0.04464520160958363,0.502319415672116,
PFE,2023-10-12,s08_fda_regulatory,PFIZER,NDA216956,2023-10-03,28.39113867894217,30.0,2023-11-14,24.879581451416016,-0.1236849732318307,-0.1266849732318307,True,-0.10299999999999998,True,-0.0434949251133423,0.05568639235907136,-0.18237136559090206,
PFE,2023-10-12,s08_fda_regulatory,PFIZER,NDA216956,2023-10-03,28.39113867894217,60.0,2023-12-28,24.479942321777344,-0.1377611656014972,-0.1407611656014972,True,-0.10299999999999998,True,-0.0434949251133423,0.12601210590499878,-0.266773271506496,
PFE,2023-10-12,s08_fda_regulatory,PFIZER,NDA216956,2023-10-03,28.39113867894217,90.0,2024-02-12,23.873037338256836,-0.15913772926749248,-0.16213772926749248,True,-0.10299999999999998,True,-0.0434949251133423,0.18338881457235368,-0.34552654383984616,
ABBV,2025-02-07,s08_fda_regulatory,ABBVIE,NDA217906,2025-01-29,167.4470231560794,30.0,2025-03-13,202.99952697753906,0.2123209069433305,0.2093209069433305,False,0.2093209069433305,False,0.2093209069433305,-0.0866294574949188,0.2959503644382493,
ABBV,2025-02-07,s08_fda_regulatory,ABBVIE,NDA217906,2025-01-29,167.4470231560794,60.0,2025-04-25,180.1897430419922,0.07610000850260046,0.07310000850260046,False,0.07310000850260046,True,-0.04363129658777609,-0.085177816953112,0.15827782545571245,
ABBV,2025-02-07,s08_fda_regulatory,ABBVIE,NDA217906,2025-01-29,167.4470231560794,90.0,2025-06-09,183.19195556640625,0.09402933604648678,0.09102933604648678,False,0.09102933604648678,True,-0.04363129658777609,-0.0037036303492280487,0.09473296639571482,
AMGN,2023-10-31,s08_fda_regulatory,AMGEN INC,BLA761285,2023-10-20,257.97686737416115,30.0,2023-12-04,252.53680419921875,-0.021087406907117412,-0.02408740690711741,True,-0.10299999999999998,True,-0.040498712268019266,0.0720924922185675,-0.09617989912568492,
AMGN,2023-10-31,s08_fda_regulatory,AMGEN INC,BLA761285,2023-10-20,257.97686737416115,60.0,2024-01-18,282.1418151855469,0.09367098708248789,0.09067098708248789,True,-0.10299999999999998,True,-0.040498712268019266,0.12310876709064944,-0.032437780008161554,
AMGN,2023-10-31,s08_fda_regulatory,AMGEN INC,BLA761285,2023-10-20,257.97686737416115,90.0,2024-03-01,261.7856140136719,0.014763907625820805,0.011763907625820805,True,-0.10299999999999998,True,-0.040498712268019266,0.2088109543918284,-0.1970470467660076,
ABBV,2025-05-14,s08_fda_regulatory,ABBVIE INC,BLA761384,2025-05-05,192.2082150424335,30.0,2025-06-17,179.6280517578125,-0.06545070553744903,-0.06845070553744903,True,-0.10299999999999987,True,-0.06743933590225526,0.06214344280249784,-0.13059414833994687,
ABBV,2025-05-14,s08_fda_regulatory,ABBVIE INC,BLA761384,2025-05-05,192.2082150424335,60.0,2025-07-31,184.637451171875,-0.03938834700112637,-0.04238834700112637,True,-0.10299999999999987,True,-0.06743933590225526,0.12687957839650266,-0.16926792539762903,
ABBV,2025-05-14,s08_fda_regulatory,ABBVIE INC,BLA761384,2025-05-05,192.2082150424335,90.0,2025-09-12,213.2776336669922,0.1096176800763029,0.1066176800763029,True,-0.10299999999999987,True,-0.06743933590225526,0.17203811699182858,-0.06542043691552568,
GILD,2026-05-22,s08_fda_regulatory,GILEAD SCIENCES INC,BLA761468,2026-05-13,132.67802506045405,30.0,,,,,,,,,,,exit_out_of_range
GILD,2026-05-22,s08_fda_regulatory,GILEAD SCIENCES INC,BLA761468,2026-05-13,132.67802506045405,60.0,,,,,,,,,,,exit_out_of_range
GILD,2026-05-22,s08_fda_regulatory,GILEAD SCIENCES INC,BLA761468,2026-05-13,132.67802506045405,90.0,,,,,,,,,,,exit_out_of_range
ABBV,2021-09-28,s08_fda_regulatory,ABBVIE,NDA215206,2021-09-17,90.11346307293135,30.0,2021-10-29,97.28914642333984,0.07962942612249857,0.07662942612249857,False,0.07662942612249857,False,0.07662942612249857,0.032208053784620105,0.04442137233787846,
ABBV,2021-09-28,s08_fda_regulatory,ABBVIE,NDA215206,2021-09-17,90.11346307293135,60.0,2021-12-13,107.33456420898438,0.19110464240083092,0.1881046424008309,False,0.1881046424008309,False,0.1881046424008309,0.04866041975516744,0.13944422264566347,
ABBV,2021-09-28,s08_fda_regulatory,ABBVIE,NDA215206,2021-09-17,90.11346307293135,90.0,2022-01-26,115.06616973876953,0.2769032041931765,0.2739032041931765,False,0.2739032041931765,False,0.2739032041931765,-0.02251511972078646,0.29641832391396294,
GILD,2022-12-22,s08_fda_regulatory,GILEAD SCIENCES INC,NDA215974,2022-12-13,79.01932020524491,30.0,2023-01-27,74.42998504638672,-0.058078646423910585,-0.06107864642391059,False,-0.06107864642391059,True,-0.04303027413347471,-0.00652603043696387,-0.05455261598694672,
GILD,2022-12-22,s08_fda_regulatory,GILEAD SCIENCES INC,NDA215974,2022-12-13,79.01932020524491,60.0,2023-03-13,70.67870330810547,-0.10555161542108316,-0.10855161542108316,True,-0.10299999999999987,True,-0.04303027413347471,-0.056287967031946384,-0.052263648389136774,
GILD,2022-12-22,s08_fda_regulatory,GILEAD SCIENCES INC,NDA215974,2022-12-13,79.01932020524491,90.0,2023-04-25,76.80790710449219,-0.027985726718589787,-0.030985726718589787,True,-0.10299999999999987,True,-0.04303027413347471,-0.0017511130062292102,-0.029234613712360576,
VSTM,2025-05-08,s08_fda_regulatory,VERASTEM INC,NDA219616,2025-04-29,7.0,30.0,2025-06-11,5.96999979019165,-0.14714288711547852,-0.15014288711547852,True,-0.10299999999999998,True,-0.1805556797285386,0.09555301743462574,-0.24569590455010426,
VSTM,2025-05-08,s08_fda_regulatory,VERASTEM INC,NDA219616,2025-04-29,7.0,60.0,2025-07-25,6.139999866485596,-0.12285716193062923,-0.12585716193062924,True,-0.10299999999999998,True,-0.1805556797285386,0.1640952163782432,-0.28995237830887244,
VSTM,2025-05-08,s08_fda_regulatory,VERASTEM INC,NDA219616,2025-04-29,7.0,90.0,2025-09-08,10.229999542236328,0.46142850603376107,0.45842850603376106,True,-0.10299999999999998,True,-0.1805556797285386,0.1855279942057837,0.27290051182797737,
GILD,2025-06-18,s08_fda_regulatory,GILEAD SCIENCES INC,NDA220018,2025-06-09,108.96744077760764,30.0,2025-07-23,110.67678833007812,0.015686773409307797,0.012686773409307798,False,0.012686773409307798,True,-0.05442136093340899,0.06063654682563713,-0.04794977341632933,
GILD,2025-06-18,s08_fda_regulatory,GILEAD SCIENCES INC,NDA220018,2025-06-09,108.96744077760764,60.0,2025-09-04,109.90684509277344,0.008620963367241385,0.005620963367241385,False,0.005620963367241385,True,-0.05442136093340899,0.08557150749459552,-0.07995054412735414,
GILD,2025-06-18,s08_fda_regulatory,GILEAD SCIENCES INC,NDA220018,2025-06-09,108.96744077760764,90.0,2025-10-16,115.65550231933594,0.06137669650678501,0.05837669650678501,False,0.05837669650678501,True,-0.05442136093340899,0.10790055129487364,-0.04952385478808863,
AMGN,2024-05-28,s08_fda_regulatory,AMGEN INC,BLA761333,2024-05-16,295.90345832250244,30.0,2024-07-01,292.4989318847656,-0.011505531084487264,-0.014505531084487263,False,-0.014505531084487263,True,-0.05161536351108309,0.032496687833523774,-0.04700221891801104,
AMGN,2024-05-28,s08_fda_regulatory,AMGEN INC,BLA761333,2024-05-16,295.90345832250244,60.0,2024-08-13,304.19854736328125,0.028033092576221552,0.025033092576221553,False,0.025033092576221553,True,-0.05161536351108309,0.02624863366969321,-0.001215541093471658,
AMGN,2024-05-28,s08_fda_regulatory,AMGEN INC,BLA761333,2024-05-16,295.90345832250244,90.0,2024-09-25,296.2875671386719,0.0012980882965916152,-0.0017019117034083849,False,-0.0017019117034083849,True,-0.05161536351108309,0.08257173437241372,-0.0842736460758221,
REGN,2023-08-18,s08_fda_regulatory,REGENERON PHARMACEUTICALS,BLA761339,2023-08-09,775.5940860979437,30.0,2023-09-21,816.6350708007812,0.05291554620963779,0.049915546209637784,False,0.049915546209637784,False,0.049915546209637784,-0.03589576846478493,0.08581131467442271,
REGN,2023-08-18,s08_fda_regulatory,REGENERON PHARMACEUTICALS,BLA761339,2023-08-09,775.5940860979437,60.0,2023-11-02,812.0825805664062,0.047045864740973276,0.04404586474097327,False,0.04404586474097327,False,0.04404586474097327,-0.03730371371553831,0.08134957845651158,
REGN,2023-08-18,s08_fda_regulatory,REGENERON PHARMACEUTICALS,BLA761339,2023-08-09,775.5940860979437,90.0,2023-12-15,852.1021728515625,0.09864449474922532,0.09564449474922532,False,0.09564449474922532,False,0.09564449474922532,0.05314805628749175,0.042496438461733566,
ABBV,2026-05-27,s08_fda_regulatory,ABBVIE INC,BLA761460,2026-05-15,213.10000610351562,30.0,,,,,,,,,,,exit_out_of_range
ABBV,2026-05-27,s08_fda_regulatory,ABBVIE INC,BLA761460,2026-05-15,213.10000610351562,60.0,,,,,,,,,,,exit_out_of_range
ABBV,2026-05-27,s08_fda_regulatory,ABBVIE INC,BLA761460,2026-05-15,213.10000610351562,90.0,,,,,,,,,,,exit_out_of_range
SCNX,2024-04-19,s08_fda_regulatory,SCIENTURE,NDA215487,2024-04-10,8.444513905196096,30.0,2024-05-22,5.645227909088135,-0.3314916675530014,-0.3344916675530014,True,-0.10299999999999998,False,-0.3344916675530014,0.03184175075145412,-0.36633341830445554,
SCNX,2024-04-19,s08_fda_regulatory,SCIENTURE,NDA215487,2024-04-10,8.444513905196096,60.0,2024-07-08,14.490972518920898,0.7160221040081753,0.7130221040081753,True,-0.10299999999999998,False,0.7130221040081753,0.0848942125915102,0.6281278914166651,
SCNX,2024-04-19,s08_fda_regulatory,SCIENTURE,NDA215487,2024-04-10,8.444513905196096,90.0,2024-08-19,8.369999885559082,-0.008823956058757187,-0.011823956058757187,True,-0.10299999999999998,False,-0.011823956058757187,0.09335393904734124,-0.10517789510609843,
PHAT,2024-07-17,s08_fda_regulatory,PHATHOM PHARMACEUTICALS INC,NDA218710,2024-07-08,10.34000015258789,30.0,2024-08-19,12.890000343322754,0.24661510184761948,0.24361510184761948,False,0.24361510184761948,False,0.24361510184761948,0.007507486659534601,0.23610761518808487,
PHAT,2024-07-17,s08_fda_regulatory,PHATHOM PHARMACEUTICALS INC,NDA218710,2024-07-08,10.34000015258789,60.0,2024-10-01,16.979999542236328,0.642166275789327,0.6391662757893269,False,0.6391662757893269,False,0.6391662757893269,0.026868952582913552,0.6122973232064134,
PHAT,2024-07-17,s08_fda_regulatory,PHATHOM PHARMACEUTICALS INC,NDA218710,2024-07-08,10.34000015258789,90.0,2024-11-12,9.520000457763672,-0.0793036443639693,-0.08230364436396931,True,-0.10299999999999998,False,-0.08230364436396931,0.07793986542758113,-0.16024350979155044,
CYTK,2025-12-19,s08_fda_regulatory,CYTOKINETICS,NDA219083,2025-12-10,61.560001373291016,30.0,2026-01-26,63.189998626708984,0.02647818741156116,0.02347818741156116,False,0.02347818741156116,False,0.02347818741156116,0.017898603630821075,0.005579583780740086,
CYTK,2025-12-19,s08_fda_regulatory,CYTOKINETICS,NDA219083,2025-12-10,61.560001373291016,60.0,2026-03-10,64.19999694824219,0.04288491741484246,0.03988491741484246,False,0.03988491741484246,False,0.03988491741484246,-0.004950554572582089,0.04483547198742455,
CYTK,2025-12-19,s08_fda_regulatory,CYTOKINETICS,NDA219083,2025-12-10,61.560001373291016,90.0,2026-04-22,66.25,0.07618581095002752,0.07318581095002752,False,0.07318581095002752,False,0.07318581095002752,0.04790732823131316,0.025278482718714357,
AMGN,2024-05-16,s08_fda_regulatory,AMGEN INC,BLA761344,2024-05-07,281.78866144388905,30.0,2024-06-20,291.44561767578125,0.034270208681959735,0.03127020868195973,False,0.03127020868195973,False,0.03127020868195973,0.056882318917481856,-0.025612110235522123,
AMGN,2024-05-16,s08_fda_regulatory,AMGEN INC,BLA761344,2024-05-07,281.78866144388905,60.0,2024-08-02,314.1111755371094,0.1147048072395791,0.1117048072395791,False,0.1117048072395791,False,0.1117048072395791,0.03296093499545383,0.07874387224412527,
AMGN,2024-05-16,s08_fda_regulatory,AMGEN INC,BLA761344,2024-05-07,281.78866144388905,90.0,2024-09-16,317.50103759765625,0.12673461015349763,0.12373461015349763,False,0.12373461015349763,False,0.12373461015349763,0.0909958270273925,0.03273878312610512,
PFE,2022-01-14,s08_fda_regulatory,PFIZER,NDA213871,2022-01-05,43.99091549324687,30.0,2022-02-17,38.81646728515625,-0.11762538128775601,-0.12062538128775602,True,-0.10299999999999998,True,-0.07620056332269087,-0.08403893283171904,-0.03658644845603698,
PFE,2022-01-14,s08_fda_regulatory,PFIZER,NDA213871,2022-01-05,43.99091549324687,60.0,2022-04-01,40.93588638305664,-0.06944681818816001,-0.07244681818816001,True,-0.10299999999999998,True,-0.07620056332269087,-0.047851896031029795,-0.024594922157130217,
PFE,2022-01-14,s08_fda_regulatory,PFIZER,NDA213871,2022-01-05,43.99091549324687,90.0,2022-05-16,40.54948425292969,-0.0782304983138048,-0.0812304983138048,True,-0.10299999999999998,True,-0.07620056332269087,-0.158913309717568,0.07768281140376321,
AZN,2023-01-10,s08_fda_regulatory,ASTRAZENECA,NDA214070,2022-12-29,126.61996238227523,30.0,2023-02-13,129.4993438720703,0.02274034390487345,0.01974034390487345,False,0.01974034390487345,True,-0.03330991231288638,0.08745352841702903,-0.06771318451215558,
AZN,2023-01-10,s08_fda_regulatory,ASTRAZENECA,NDA214070,2022-12-29,126.61996238227523,60.0,2023-03-28,129.28695678710938,0.021062985288072378,0.01806298528807238,False,0.01806298528807238,True,-0.03330991231288638,0.04604418054860093,-0.027981195260528554,
AZN,2023-01-10,s08_fda_regulatory,ASTRAZENECA,NDA214070,2022-12-29,126.61996238227523,90.0,2023-05-10,141.1037139892578,0.11438758418877937,0.11138758418877936,False,0.11138758418877936,True,-0.03330991231288638,0.09165667600952121,0.019730908179258155,
DNLI,2026-03-24,s08_fda_regulatory,DENALI THERAPEUTICS INC.,BLA761485,2026-03-13,20.90999984741211,30.0,2026-04-27,19.940000534057617,-0.04638925492266521,-0.049389254922665216,True,-0.10299999999999998,True,-0.12027903144666707,0.07150042315899952,-0.12088967808166473,
DNLI,2026-03-24,s08_fda_regulatory,DENALI THERAPEUTICS INC.,BLA761485,2026-03-13,20.90999984741211,60.0,2026-06-09,20.790000915527344,-0.005738829878548124,-0.008738829878548123,True,-0.10299999999999998,True,-0.12027903144666707,0.10428206312974675,-0.11302089300829488,
DNLI,2026-03-24,s08_fda_regulatory,DENALI THERAPEUTICS INC.,BLA761485,2026-03-13,20.90999984741211,90.0,,,,,,,,,,,exit_out_of_range
ABBV,2024-10-16,s08_fda_regulatory,ABBVIE,NDA216962,2024-10-07,183.35480935175883,30.0,2024-11-18,158.0686492919922,-0.13790835456765227,-0.14090835456765227,True,-0.10299999999999987,True,-0.03527675436151856,0.029494146193427717,-0.17040250076108,
ABBV,2024-10-16,s08_fda_regulatory,ABBVIE,NDA216962,2024-10-07,183.35480935175883,60.0,2025-01-02,170.57876586914062,-0.06967934753272753,-0.07267934753272753,True,-0.10299999999999987,True,-0.03527675436151856,0.026794338006498997,-0.09947368553922653,
ABBV,2024-10-16,s08_fda_regulatory,ABBVIE,NDA216962,2024-10-07,183.35480935175883,90.0,2025-02-18,188.3179168701172,0.02706832471918874,0.024068324719188742,True,-0.10299999999999987,True,-0.03527675436151856,0.0739505951624575,-0.04988227044326876,
SCNX,2025-03-13,s08_fda_regulatory,SCIENTURE,NDA218772,2025-03-04,2.450000047683716,30.0,2025-04-15,0.9369999766349792,-0.6175510373884117,-0.6205510373884117,True,-0.10299999999999998,True,-0.28999304385357205,-0.06983292488282267,-0.550718112505589,
SCNX,2025-03-13,s08_fda_regulatory,SCIENTURE,NDA218772,2025-03-04,2.450000047683716,60.0,2025-05-29,0.906000018119812,-0.6302040814340537,-0.6332040814340537,True,-0.10299999999999998,True,-0.28999304385357205,0.020898243490102608,-0.6541023249241563,
SCNX,2025-03-13,s08_fda_regulatory,SCIENTURE,NDA218772,2025-03-04,2.450000047683716,90.0,2025-07-14,1.649999976158142,-0.3265306350838284,-0.3295306350838284,True,-0.10299999999999998,True,-0.28999304385357205,0.08423541131875223,-0.41376604640258063,
GKOS,2025-10-17,s08_fda_regulatory,GLAUKOS,NDA219910,2025-10-08,86.4000015258789,30.0,2025-11-19,96.48999786376953,0.11678236295943156,0.11378236295943156,True,-0.10299999999999998,True,-0.07490633336011043,-0.011368872124360774,0.12515123508379233,
GKOS,2025-10-17,s08_fda_regulatory,GLAUKOS,NDA219910,2025-10-08,86.4000015258789,60.0,2026-01-05,112.51000213623047,0.30219907580130045,0.29919907580130045,True,-0.10299999999999998,True,-0.07490633336011043,0.029096849294916183,0.27010222650638427,
GKOS,2025-10-17,s08_fda_regulatory,GLAUKOS,NDA219910,2025-10-08,86.4000015258789,90.0,2026-02-18,121.0,0.4004629382298974,0.3974629382298974,True,-0.10299999999999998,True,-0.07490633336011043,0.026956945539232002,0.3705059926906654,
IMCR,2022-01-25,s08_fda_regulatory,IMMUNOCORE LTD,BLA761228,2022-01-13,27.43000030517578,30.0,2022-02-28,22.100000381469727,-0.19431279126527512,-0.19731279126527512,True,-0.10299999999999998,True,-0.16721450558148732,-0.07530862289719031,-0.12200416836808481,
IMCR,2022-01-25,s08_fda_regulatory,IMMUNOCORE LTD,BLA761228,2022-01-13,27.43000030517578,60.0,2022-04-11,33.880001068115234,0.23514402811444368,0.23214402811444368,True,-0.10299999999999998,True,-0.16721450558148732,-0.06544673974565485,0.2975907678600985,
IMCR,2022-01-25,s08_fda_regulatory,IMMUNOCORE LTD,BLA761228,2022-01-13,27.43000030517578,90.0,2022-05-24,29.530000686645508,0.07655852563273502,0.07355852563273502,True,-0.10299999999999998,True,-0.16721450558148732,-0.16323149257663505,0.23679001820937007,
CELG-RI,2022-03-18,s08_fda_regulatory,BRISTOL MYERS SQUIBB,BLA761234,,,,,,,,,,,,,,no_price_data
ABBV,2022-06-16,s08_fda_regulatory,ABBVIE INC,BLA761262,2022-06-07,127.01485298021731,30.0,2022-07-21,128.9272003173828,0.015056092199416726,0.012056092199416727,False,0.012056092199416727,True,-0.05353602805635871,-0.018591794600380296,0.030647886799797023,
ABBV,2022-06-16,s08_fda_regulatory,ABBVIE INC,BLA761262,2022-06-07,127.01485298021731,60.0,2022-09-01,120.81196594238281,-0.04883591873149362,-0.051835918731493624,False,-0.051835918731493624,True,-0.05353602805635871,-0.02442431624416541,-0.027411602487328213,
ABBV,2022-06-16,s08_fda_regulatory,ABBVIE INC,BLA761262,2022-06-07,127.01485298021731,90.0,2022-10-14,125.99915313720703,-0.007996701324123667,-0.010996701324123666,False,-0.010996701324123666,True,-0.05353602805635871,-0.11626973558699127,0.1052730342628676,
ABBV,2021-10-28,s08_fda_regulatory,ABBVIE,NDA214028,2021-10-19,91.41804396945516,30.0,2021-12-01,98.34121704101562,0.075730925438239,0.072730925438239,False,0.072730925438239,False,0.072730925438239,0.0035195877154923227,0.06921133772274668,
ABBV,2021-10-28,s08_fda_regulatory,ABBVIE,NDA214028,2021-10-19,91.41804396945516,60.0,2022-01-13,114.45755004882812,0.2520236167716625,0.24902361677166251,False,0.24902361677166251,False,0.24902361677166251,0.038407853054230445,0.21061576371743207,
ABBV,2021-10-28,s08_fda_regulatory,ABBVIE,NDA214028,2021-10-19,91.41804396945516,90.0,2022-02-28,126.67308807373047,0.38564644979775364,0.38264644979775364,False,0.38264644979775364,False,0.38264644979775364,-0.023959737205915377,0.406606187003669,
SIGA,2022-05-18,s08_fda_regulatory,SIGA TECHNOLOGIES,NDA214518,2022-05-09,4.851776853362025,30.0,2022-06-22,8.575514793395996,0.7674998361587091,0.7644998361587091,False,0.7644998361587091,False,0.7644998361587091,-0.07181631317021786,0.836316149328927,
SIGA,2022-05-18,s08_fda_regulatory,SIGA TECHNOLOGIES,NDA214518,2022-05-09,4.851776853362025,60.0,2022-08-04,13.421646118164062,1.7663362359428323,1.7633362359428324,False,1.7633362359428324,False,1.7633362359428324,0.026805903322101088,1.7365303326207313,
SIGA,2022-05-18,s08_fda_regulatory,SIGA TECHNOLOGIES,NDA214518,2022-05-09,4.851776853362025,90.0,2022-09-16,8.148118019104004,0.6794090629823153,0.6764090629823153,False,0.6764090629823153,False,0.6764090629823153,-0.04019715693185966,0.716606219914175,
INCY,2021-09-21,s08_fda_regulatory,INCYTE CORP,NDA215309,2021-09-10,72.72000122070312,30.0,2021-10-22,65.79000091552734,-0.09529703229986797,-0.09829703229986797,True,-0.10299999999999998,True,-0.04935293535141927,0.007830020337774135,-0.1061270526376421,
INCY,2021-09-21,s08_fda_regulatory,INCYTE CORP,NDA215309,2021-09-10,72.72000122070312,60.0,2021-12-06,65.01000213623047,-0.10602308794073079,-0.10902308794073079,True,-0.10299999999999998,True,-0.04935293535141927,0.02044126743325969,-0.12946435537399048,
INCY,2021-09-21,s08_fda_regulatory,INCYTE CORP,NDA215309,2021-09-10,72.72000122070312,90.0,2022-01-19,74.77999877929688,0.02832779873506497,0.02532779873506497,True,-0.10299999999999998,True,-0.04935293535141927,0.008312807422488744,0.017014991312576225,
AZN,2023-04-28,s08_fda_regulatory,ASTRAZENECA,NDA216579,2023-04-19,140.50062920272885,30.0,2023-06-01,137.27786254882812,-0.022937738230699112,-0.02593773823069911,False,-0.02593773823069911,True,-0.030975116945205935,0.023288728312485185,-0.0492264665431843,
AZN,2023-04-28,s08_fda_regulatory,ASTRAZENECA,NDA216579,2023-04-19,140.50062920272885,60.0,2023-07-17,126.36575317382812,-0.10060364931537391,-0.10360364931537391,True,-0.10299999999999998,True,-0.030975116945205935,0.09775051606552676,-0.20135416538090067,
AZN,2023-04-28,s08_fda_regulatory,ASTRAZENECA,NDA216579,2023-04-19,140.50062920272885,90.0,2023-08-28,130.2117919921875,-0.07322983013617357,-0.07622983013617357,True,-0.10299999999999998,True,-0.030975116945205935,0.07807664799032943,-0.154306478126503,
PFE,2024-03-07,s08_fda_regulatory,PFIZER,NDA217439,2024-02-27,23.406971551048446,30.0,2024-04-10,22.71649742126465,-0.0294986529238922,-0.0324986529238922,False,-0.0324986529238922,True,-0.04354282672889609,0.017796383371661006,-0.05029503629555321,
PFE,2024-03-07,s08_fda_regulatory,PFIZER,NDA217439,2024-02-27,23.406971551048446,60.0,2024-05-22,25.932703018188477,0.107905094071296,0.104905094071296,False,0.104905094071296,True,-0.04354282672889609,0.048897053343395,0.056008040727901,
PFE,2024-03-07,s08_fda_regulatory,PFIZER,NDA217439,2024-02-27,23.406971551048446,90.0,2024-07-08,24.46961212158203,0.04539846465041686,0.042398464650416856,False,0.042398464650416856,True,-0.04354282672889609,0.10282667976635129,-0.060428215115934436,
INSM,2025-08-12,s08_fda_regulatory,INSMED INC,NDA217673,2025-08-01,107.4800033569336,30.0,2025-09-15,143.13999938964844,0.331782609964111,0.328782609964111,False,0.328782609964111,False,0.328782609964111,0.05526109767936882,0.2735215122847422,
INSM,2025-08-12,s08_fda_regulatory,INSMED INC,NDA217673,2025-08-01,107.4800033569336,60.0,2025-10-27,164.02000427246094,0.5260513504801627,0.5230513504801627,False,0.5230513504801627,False,0.5230513504801627,0.09714172279574851,0.4259096276844142,
INSM,2025-08-12,s08_fda_regulatory,INSMED INC,NDA217673,2025-08-01,107.4800033569336,90.0,2025-12-09,194.1699981689453,0.8065685904765028,0.8035685904765028,False,0.8035685904765028,False,0.8035685904765028,0.09361935175617497,0.7099492387203278,
ACOG,2024-07-26,s08_fda_regulatory,ALPHA COGNITION,NDA218549,,,,,,,,,,,,,,entry_out_of_range
AMGN,2023-10-31,s08_fda_regulatory,AMGEN INC,BLA761331,2023-10-20,257.97686737416115,30.0,2023-12-04,252.53680419921875,-0.021087406907117412,-0.02408740690711741,True,-0.10299999999999998,True,-0.040498712268019266,0.0720924922185675,-0.09617989912568492,
AMGN,2023-10-31,s08_fda_regulatory,AMGEN INC,BLA761331,2023-10-20,257.97686737416115,60.0,2024-01-18,282.1418151855469,0.09367098708248789,0.09067098708248789,True,-0.10299999999999998,True,-0.040498712268019266,0.12310876709064944,-0.032437780008161554,
AMGN,2023-10-31,s08_fda_regulatory,AMGEN INC,BLA761331,2023-10-20,257.97686737416115,90.0,2024-03-01,261.7856140136719,0.014763907625820805,0.011763907625820805,True,-0.10299999999999998,True,-0.040498712268019266,0.2088109543918284,-0.1970470467660076,
AMGN,2025-08-29,s08_fda_regulatory,AMGEN INC,NDA210745,2025-08-20,287.6052017413085,30.0,2025-10-02,291.0638122558594,0.012025549237672628,0.009025549237672629,False,0.009025549237672629,True,-0.044116132141116204,0.049539080819761994,-0.04051353158208937,
AMGN,2025-08-29,s08_fda_regulatory,AMGEN INC,NDA210745,2025-08-20,287.6052017413085,60.0,2025-11-13,328.8414306640625,0.14337789675947743,0.14037789675947743,False,0.14037789675947743,True,-0.044116132141116204,0.05396186293572902,0.0864160338237484,
AMGN,2025-08-29,s08_fda_regulatory,AMGEN INC,NDA210745,2025-08-20,287.6052017413085,90.0,2025-12-29,324.90814208984375,0.12970189733246906,0.12670189733246906,False,0.12670189733246906,True,-0.044116132141116204,0.08194424801156619,0.04475764932090287,
SNYNF,2021-07-16,s08_fda_regulatory,SANOFI,NDA214429,2021-07-07,91.19461822509766,30.0,2021-08-18,94.0009994506836,0.03077353993257459,0.02777353993257459,False,0.02777353993257459,True,-0.022192667984861855,0.01272894116707679,0.0150445987654978,
SNYNF,2021-07-16,s08_fda_regulatory,SANOFI,NDA214429,2021-07-07,91.19461822509766,60.0,2021-09-30,78.88577270507812,-0.13497337627575057,-0.13797337627575057,True,-0.10299999999999998,True,-0.022192667984861855,-0.00725259283274271,-0.13072078344300786,
SNYNF,2021-07-16,s08_fda_regulatory,SANOFI,NDA214429,2021-07-07,91.19461822509766,90.0,2021-11-11,87.28784942626953,-0.042839905192485817,-0.04583990519248582,True,-0.10299999999999998,True,-0.022192667984861855,0.07285823946204228,-0.1186981446545281,
CRMD,2023-11-15,s08_fda_regulatory,CORMEDIX,NDA214520,2023-11-06,3.569999933242798,30.0,2023-12-19,3.5199999809265137,-0.014005589146010688,-0.017005589146010688,True,-0.10299999999999998,True,-0.09762183266157809,0.09482893605227583,-0.11183452519828652,
CRMD,2023-11-15,s08_fda_regulatory,CORMEDIX,NDA214520,2023-11-06,3.569999933242798,60.0,2024-02-02,3.0999999046325684,-0.13165267154033433,-0.13465267154033433,True,-0.10299999999999998,True,-0.09762183266157809,0.13981276678219867,-0.274465438322533,
CRMD,2023-11-15,s08_fda_regulatory,CORMEDIX,NDA214520,2023-11-06,3.569999933242798,90.0,2024-03-18,3.799999952316284,0.06442577685556605,0.06142577685556605,True,-0.10299999999999998,True,-0.09762183266157809,0.18616485089459922,-0.12473907403903317,
URGN,2025-06-12,s08_fda_regulatory,UROGEN PHARMA,NDA215793,2025-06-03,4.809999942779541,30.0,2025-07-17,15.40999984741211,2.2037422101313324,2.2007422101313323,False,2.2007422101313323,False,2.2007422101313323,0.06340382742050066,2.1373383827108317,
URGN,2025-06-12,s08_fda_regulatory,UROGEN PHARMA,NDA215793,2025-06-03,4.809999942779541,60.0,2025-08-28,19.239999771118164,3.0,2.997,False,2.997,False,2.997,0.0987580709820286,2.8982419290179715,
URGN,2025-06-12,s08_fda_regulatory,UROGEN PHARMA,NDA215793,2025-06-03,4.809999942779541,90.0,2025-10-10,16.68000030517578,2.4677755724747383,2.464775572474738,False,2.464775572474738,False,2.464775572474738,0.1087657495368608,2.356009822937877,
GILD,2022-12-22,s08_fda_regulatory,GILEAD SCIENCES INC,NDA215973,2022-12-13,79.01932020524491,30.0,2023-01-27,74.42998504638672,-0.058078646423910585,-0.06107864642391059,False,-0.06107864642391059,True,-0.04303027413347471,-0.00652603043696387,-0.05455261598694672,
GILD,2022-12-22,s08_fda_regulatory,GILEAD SCIENCES INC,NDA215973,2022-12-13,79.01932020524491,60.0,2023-03-13,70.67870330810547,-0.10555161542108316,-0.10855161542108316,True,-0.10299999999999987,True,-0.04303027413347471,-0.056287967031946384,-0.052263648389136774,
GILD,2022-12-22,s08_fda_regulatory,GILEAD SCIENCES INC,NDA215973,2022-12-13,79.01932020524491,90.0,2023-04-25,76.80790710449219,-0.027985726718589787,-0.030985726718589787,True,-0.10299999999999987,True,-0.04303027413347471,-0.0017511130062292102,-0.029234613712360576,
PFE,2023-03-09,s08_fda_regulatory,PFIZER,NDA216386,2023-02-28,33.244630087195496,30.0,2023-04-12,33.95877456665039,0.021481498743761263,0.018481498743761263,False,0.018481498743761263,False,0.018481498743761263,0.031158962163857495,-0.012677463420096232,
PFE,2023-03-09,s08_fda_regulatory,PFIZER,NDA216386,2023-02-28,33.244630087195496,60.0,2023-05-24,32.05276107788086,-0.03585147454456705,-0.038851474544567055,False,-0.038851474544567055,True,-0.0440538019465313,0.038841205349593455,-0.07769267989416051,
PFE,2023-03-09,s08_fda_regulatory,PFIZER,NDA216386,2023-02-28,33.244630087195496,90.0,2023-07-10,29.605030059814453,-0.1094793359960673,-0.1124793359960673,True,-0.10299999999999998,True,-0.0440538019465313,0.11516605179007633,-0.22764538778614363,
INCY,2026-05-01,s08_fda_regulatory,INCYTE CORP,NDA217180,2026-04-22,97.0199966430664,30.0,2026-06-04,101.23999786376953,0.04349620044029057,0.040496200440290564,False,0.040496200440290564,False,0.040496200440290564,0.06760202125619985,-0.027105820815909287,
INCY,2026-05-01,s08_fda_regulatory,INCYTE CORP,NDA217180,2026-04-22,97.0199966430664,60.0,,,,,,,,,,,exit_out_of_range
INCY,2026-05-01,s08_fda_regulatory,INCYTE CORP,NDA217180,2026-04-22,97.0199966430664,90.0,,,,,,,,,,,exit_out_of_range
TGTX,2022-12-28,s08_fda_regulatory,"TG THERAPEUTICS, INC",BLA761238,2022-12-16,8.460000038146973,30.0,2023-02-01,16.770000457763672,0.9822695487170319,0.9792695487170319,True,-0.10299999999999998,True,-0.17553230755169635,0.0665142264447871,0.9127553222722448,
TGTX,2022-12-28,s08_fda_regulatory,"TG THERAPEUTICS, INC",BLA761238,2022-12-16,8.460000038146973,60.0,2023-03-16,14.65999984741211,0.7328604942445305,0.7298604942445305,True,-0.10299999999999998,True,-0.17553230755169635,0.028376341296330265,0.7014841529482002,
TGTX,2022-12-28,s08_fda_regulatory,"TG THERAPEUTICS, INC",BLA761238,2022-12-16,8.460000038146973,90.0,2023-04-28,24.829999923706055,1.9349881574166834,1.9319881574166835,True,-0.10299999999999998,True,-0.17553230755169635,0.08395393444807664,1.8480342229686069,
PFE,2023-08-14,s08_fda_regulatory,PFIZER INC,BLA761345,2023-08-03,29.51537777809676,30.0,2023-09-15,28.584108352661133,-0.03155200764960964,-0.03455200764960964,False,-0.03455200764960964,True,-0.03791616013352961,-0.006932716127163285,-0.027619291522446354,
PFE,2023-08-14,s08_fda_regulatory,PFIZER INC,BLA761345,2023-08-03,29.51537777809676,60.0,2023-10-27,25.261741638183594,-0.14411593074948792,-0.14711593074948792,True,-0.10299999999999998,True,-0.03791616013352961,-0.08015243105958803,-0.0669634996898999,
PFE,2023-08-14,s08_fda_regulatory,PFIZER INC,BLA761345,2023-08-03,29.51537777809676,90.0,2023-12-11,24.352397918701172,-0.174925081366467,-0.177925081366467,True,-0.10299999999999998,True,-0.03791616013352961,0.03477247546766127,-0.21269755683412828,
REGN,2023-08-18,s08_fda_regulatory,REGENERON PHARMACEUTICALS,BLA761355,2023-08-09,775.5940860979437,30.0,2023-09-21,816.6350708007812,0.05291554620963779,0.049915546209637784,False,0.049915546209637784,False,0.049915546209637784,-0.03589576846478493,0.08581131467442271,
REGN,2023-08-18,s08_fda_regulatory,REGENERON PHARMACEUTICALS,BLA761355,2023-08-09,775.5940860979437,60.0,2023-11-02,812.0825805664062,0.047045864740973276,0.04404586474097327,False,0.04404586474097327,False,0.04404586474097327,-0.03730371371553831,0.08134957845651158,
REGN,2023-08-18,s08_fda_regulatory,REGENERON PHARMACEUTICALS,BLA761355,2023-08-09,775.5940860979437,90.0,2023-12-15,852.1021728515625,0.09864449474922532,0.09564449474922532,False,0.09564449474922532,False,0.09564449474922532,0.05314805628749175,0.042496438461733566,
AZN,2022-08-03,s08_fda_regulatory,ASTRAZENECA,NDA216387,2022-07-25,122.09790187321698,30.0,2022-09-06,112.22286987304688,-0.0808779827389996,-0.0838779827389996,False,-0.0838779827389996,True,-0.05030265785688237,-0.012608917930173047,-0.07126906480882655,
AZN,2022-08-03,s08_fda_regulatory,ASTRAZENECA,NDA216387,2022-07-25,122.09790187321698,60.0,2022-10-18,103.97473907470703,-0.14843140234570562,-0.15143140234570562,True,-0.10299999999999998,True,-0.05030265785688237,-0.05835863897175886,-0.09307276337394677,
AZN,2022-08-03,s08_fda_regulatory,ASTRAZENECA,NDA216387,2022-07-25,122.09790187321698,90.0,2022-11-30,126.26699829101562,0.03414552055225095,0.031145520552250953,True,-0.10299999999999998,True,-0.05030265785688237,0.03437691708259427,-0.003231396530343319,
BIIB,2023-08-04,s08_fda_regulatory,BIOGEN,NDA217369,2023-07-26,270.0,30.0,2023-09-07,261.3399963378906,-0.03207408763744213,-0.03507408763744213,False,-0.03507408763744213,True,-0.04818977441825567,-0.021167578076167537,-0.013906509561274594,
BIIB,2023-08-04,s08_fda_regulatory,BIOGEN,NDA217369,2023-07-26,270.0,60.0,2023-10-19,257.29998779296875,-0.04703708224826386,-0.050037082248263864,False,-0.050037082248263864,True,-0.04818977441825567,-0.05838872804956696,0.008351645801303098,
BIIB,2023-08-04,s08_fda_regulatory,BIOGEN,NDA217369,2023-07-26,270.0,90.0,2023-12-01,234.63999938964844,-0.13096296522352435,-0.13396296522352436,True,-0.10299999999999998,True,-0.04818977441825567,0.013750861224679278,-0.14771382644820363,
GERN,2024-06-06,s08_fda_regulatory,GERON,NDA217779,2024-05-28,3.4700000286102295,30.0,2024-07-11,4.760000228881836,0.3717579797220534,0.3687579797220534,False,0.3687579797220534,False,0.3687579797220534,0.052813235348285525,0.31594474437376785,
GERN,2024-06-06,s08_fda_regulatory,GERON,NDA217779,2024-05-28,3.4700000286102295,60.0,2024-08-22,4.480000019073486,0.2910662772725603,0.2880662772725603,False,0.2880662772725603,False,0.2880662772725603,0.05232125776405039,0.2357450195085099,
GERN,2024-06-06,s08_fda_regulatory,GERON,NDA217779,2024-05-28,3.4700000286102295,90.0,2024-10-04,4.320000171661377,0.24495681153973403,0.24195681153973403,False,0.24195681153973403,False,0.24195681153973403,0.08735474275927069,0.15460206878046334,
GILD,2024-08-14,s08_fda_regulatory,GILEAD SCIENCES INC,NDA217899,2024-08-05,72.58707549862694,30.0,2024-09-17,79.14537048339844,0.09035072621014395,0.08735072621014395,False,0.08735072621014395,True,-0.053266326243231576,0.10051972577061452,-0.013168999560470573,
GILD,2024-08-14,s08_fda_regulatory,GILEAD SCIENCES INC,NDA217899,2024-08-05,72.58707549862694,60.0,2024-10-29,83.93887329101562,0.15638869198695593,0.15338869198695593,False,0.15338869198695593,True,-0.053266326243231576,0.14055684034135396,0.012831851645601966,
GILD,2024-08-14,s08_fda_regulatory,GILEAD SCIENCES INC,NDA217899,2024-08-05,72.58707549862694,90.0,2024-12-11,88.03671264648438,0.21284281040017472,0.20984281040017472,False,0.20984281040017472,True,-0.053266326243231576,0.1909217763792872,0.018921034020887517,
AZN,2023-11-16,s08_fda_regulatory,ASTRAZENECA,NDA218197,2023-11-07,120.78357088995118,30.0,2023-12-20,124.78630065917969,0.03313968729137429,0.030139687291374288,False,0.030139687291374288,False,0.030139687291374288,0.07911250705445205,-0.04897281976307777,
AZN,2023-11-16,s08_fda_regulatory,ASTRAZENECA,NDA218197,2023-11-07,120.78357088995118,60.0,2024-02-05,123.57221221923828,0.02308791923222664,0.02008791923222664,False,0.02008791923222664,False,0.02008791923222664,0.13508926121962794,-0.1150013419874013,
AZN,2023-11-16,s08_fda_regulatory,ASTRAZENECA,NDA218197,2023-11-07,120.78357088995118,90.0,2024-03-19,126.85778045654297,0.05029003134976162,0.04729003134976162,False,0.04729003134976162,True,-0.04191992811350287,0.19215442892640922,-0.1448643975766476,
AZN,2025-09-10,s08_fda_regulatory,ASTRAZENECA,NDA219943,2025-08-29,157.53761658172095,30.0,2025-10-13,167.27609252929688,0.06181682926835563,0.05881682926835563,False,0.05881682926835563,True,-0.03323163235381166,0.026886514962956687,0.031930314305398944,
AZN,2025-09-10,s08_fda_regulatory,ASTRAZENECA,NDA219943,2025-08-29,157.53761658172095,60.0,2025-11-24,181.15142822265625,0.14989316300012634,0.14689316300012634,False,0.14689316300012634,True,-0.03323163235381166,0.03569884063336737,0.11119432236675897,
AZN,2025-09-10,s08_fda_regulatory,ASTRAZENECA,NDA219943,2025-08-29,157.53761658172095,90.0,2026-01-08,186.08006286621094,0.18117860929858542,0.17817860929858542,False,0.17817860929858542,True,-0.03323163235381166,0.07103754565422182,0.1071410636443636,
PFE,2023-06-23,s08_fda_regulatory,PFIZER,NDA215830,2023-06-13,32.91568127176079,30.0,2023-07-27,30.37114143371582,-0.07730479029240067,-0.08030479029240067,True,-0.10299999999999998,True,-0.04429024929344705,0.043303052611647797,-0.12360784290404847,
PFE,2023-06-23,s08_fda_regulatory,PFIZER,NDA215830,2023-06-13,32.91568127176079,60.0,2023-09-08,28.73512840270996,-0.12700793990970594,-0.13000793990970594,True,-0.10299999999999998,True,-0.04429024929344705,0.027232475853923965,-0.1572404157636299,
PFE,2023-06-23,s08_fda_regulatory,PFIZER,NDA215830,2023-06-13,32.91568127176079,90.0,2023-10-20,25.71479034423828,-0.2187677924108573,-0.2217677924108573,True,-0.10299999999999998,True,-0.04429024929344705,-0.025439359496178038,-0.19632843291467927,
PFE,2023-05-25,s08_fda_regulatory,PFIZER,NDA217188,2023-05-16,30.71687916366388,30.0,2023-06-29,29.97011375427246,-0.024311239609093982,-0.02731123960909398,False,-0.02731123960909398,True,-0.033346914273686634,0.06768652906362571,-0.0949977686727197,
PFE,2023-05-25,s08_fda_regulatory,PFIZER,NDA217188,2023-05-16,30.71687916366388,60.0,2023-08-11,30.236902236938477,-0.015625836341251254,-0.018625836341251253,False,-0.018625836341251253,True,-0.033346914273686634,0.08606160134149565,-0.10468743768274691,
PFE,2023-05-25,s08_fda_regulatory,PFIZER,NDA217188,2023-05-16,30.71687916366388,90.0,2023-09-25,27.66961669921875,-0.09920481987147467,-0.10220481987147467,True,-0.10299999999999998,True,-0.033346914273686634,0.05707245565303665,-0.15927727552451132,
GKOS,2023-12-13,s08_fda_regulatory,GLAUKOS,NDA218010,2023-12-04,64.56999969482422,30.0,2024-01-18,90.80999755859375,0.4063806409754849,0.40338064097548487,False,0.40338064097548487,True,-0.07989722169352753,0.05009192442058619,0.3532887165548987,
GKOS,2023-12-13,s08_fda_regulatory,GLAUKOS,NDA218010,2023-12-04,64.56999969482422,60.0,2024-03-01,88.81999969482422,0.37556140800080917,0.37256140800080917,False,0.37256140800080917,True,-0.07989722169352753,0.13022235283742423,0.24233905516338494,
GKOS,2023-12-13,s08_fda_regulatory,GLAUKOS,NDA218010,2023-12-04,64.56999969482422,90.0,2024-04-15,96.83999633789062,0.4997676443485115,0.4967676443485115,False,0.4967676443485115,True,-0.07989722169352753,0.11516457637199595,0.38160306797651555,
ABBV,2024-04-26,s08_fda_regulatory,ABBVIE,NDA218347,2024-04-17,153.39844171330617,30.0,2024-05-30,146.07191467285156,-0.047761417643000015,-0.05076141764300002,False,-0.05076141764300002,True,-0.04097408655067536,0.03272401282038495,-0.08348543046338497,
ABBV,2024-04-26,s08_fda_regulatory,ABBVIE,NDA218347,2024-04-17,153.39844171330617,60.0,2024-07-15,158.46676635742188,0.03304026160570883,0.030040261605708832,False,0.030040261605708832,True,-0.04097408655067536,0.11321333956890323,-0.0831730779631944,
ABBV,2024-04-26,s08_fda_regulatory,ABBVIE,NDA218347,2024-04-17,153.39844171330617,90.0,2024-08-26,186.2029266357422,0.2138514873817683,0.2108514873817683,False,0.2108514873817683,True,-0.04097408655067536,0.11174616443844565,0.09910532294332264,
OMER,2025-12-23,s08_fda_regulatory,OMEROS CORP,BLA761152,2025-12-12,10.609999656677246,30.0,2026-01-28,11.8100004196167,0.11310092382371106,0.11010092382371106,True,-0.10299999999999998,True,-0.12504404237414735,0.013521143833664873,0.09657977999004619,
OMER,2025-12-23,s08_fda_regulatory,OMEROS CORP,BLA761152,2025-12-12,10.609999656677246,60.0,2026-03-12,11.420000076293945,0.07634311459255683,0.07334311459255682,True,-0.10299999999999998,True,-0.12504404237414735,-0.02926876388654287,0.1026118784790997,
OMER,2025-12-23,s08_fda_regulatory,OMEROS CORP,BLA761152,2025-12-12,10.609999656677246,90.0,2026-04-24,13.529999732971191,0.2752120801866649,0.2722120801866649,True,-0.10299999999999998,True,-0.12504404237414735,0.043354363612093216,0.22885771657457166,
MDWD,2022-12-28,s08_fda_regulatory,"MEDIWOUND, LTD",BLA761192,2022-12-16,8.680000305175781,30.0,2023-02-01,14.119999885559082,0.6267280402213227,0.6237280402213227,False,0.6237280402213227,False,0.6237280402213227,0.0665142264447871,0.5572138137765356,
MDWD,2022-12-28,s08_fda_regulatory,"MEDIWOUND, LTD",BLA761192,2022-12-16,8.680000305175781,60.0,2023-03-16,10.649999618530273,0.22695843825947848,0.22395843825947848,False,0.22395843825947848,False,0.22395843825947848,0.028376341296330265,0.1955820969631482,
MDWD,2022-12-28,s08_fda_regulatory,"MEDIWOUND, LTD",BLA761192,2022-12-16,8.680000305175781,90.0,2023-04-28,11.510000228881836,0.32603684610685546,0.32303684610685546,False,0.32303684610685546,False,0.32303684610685546,0.08395393444807664,0.23908291165877882,
AMGN,2024-08-23,s08_fda_regulatory,AMGEN INC,BLA761298,2024-08-14,301.3582393623576,30.0,2024-09-26,302.1970520019531,0.002783440205153642,-0.00021655979484635785,False,-0.00021655979484635785,False,-0.00021655979484635785,0.057484664978487254,-0.057701224773333615,
AMGN,2024-08-23,s08_fda_regulatory,AMGEN INC,BLA761298,2024-08-14,301.3582393623576,60.0,2024-11-07,304.8582458496094,0.011614105838477773,0.008614105838477774,False,0.008614105838477774,False,0.008614105838477774,0.10055638525570276,-0.09194227941722499,
AMGN,2024-08-23,s08_fda_regulatory,AMGEN INC,BLA761298,2024-08-14,301.3582393623576,90.0,2024-12-20,251.42324829101562,-0.16569977040282413,-0.16869977040282413,True,-0.10299999999999998,True,-0.05556414414555477,0.09599166201262466,-0.2646914324154488,
INCY,2024-08-14,s08_fda_regulatory,INCYTE CORP,BLA761411,2024-08-05,63.349998474121094,30.0,2024-09-17,66.43000030517578,0.04861881460522666,0.045618814605226654,False,0.045618814605226654,False,0.045618814605226654,0.10051972577061452,-0.05490091116538787,
INCY,2024-08-14,s08_fda_regulatory,INCYTE CORP,BLA761411,2024-08-05,63.349998474121094,60.0,2024-10-29,73.5999984741211,0.16179953033759253,0.15879953033759253,False,0.15879953033759253,False,0.15879953033759253,0.14055684034135396,0.01824268999623857,
INCY,2024-08-14,s08_fda_regulatory,INCYTE CORP,BLA761411,2024-08-05,63.349998474121094,90.0,2024-12-11,72.48999786376953,0.14427781546643903,0.14127781546643903,False,0.14127781546643903,False,0.14127781546643903,0.1909217763792872,-0.04964396091284817,
