ticker,event_date,setup_type,settlement_date,days_to_cover,drawdown_pct
AAOI,2022-06-08,s09_short_squeeze_candidate,2022-05-31,26.0,-0.3646
AAOI,2022-12-08,s09_short_squeeze_candidate,2022-11-30,24.41,-0.4149
ABCL,2024-04-23,s09_short_squeeze_candidate,2024-04-15,22.73,-0.2522
ABLV,2025-09-06,s09_short_squeeze_candidate,2025-08-29,20.07,-0.3259
ABSI,2022-07-23,s09_short_squeeze_candidate,2022-07-15,21.99,-0.57
ABSI,2022-10-22,s09_short_squeeze_candidate,2022-10-14,29.97,-0.4161
ACHV,2022-12-23,s09_short_squeeze_candidate,2022-12-15,23.6,-0.4357
ACHV,2023-11-08,s09_short_squeeze_candidate,2023-10-31,23.88,-0.2783
ACIC,2021-08-21,s09_short_squeeze_candidate,2021-08-13,28.07,-0.3397
ACRV,2023-05-06,s09_short_squeeze_candidate,2023-04-28,20.19,-0.4694
ACRV,2025-02-08,s09_short_squeeze_candidate,2025-01-31,34.14,-0.2917
ACTU,2026-03-07,s09_short_squeeze_candidate,2026-02-27,23.6,-0.5079
ADAG,2021-10-08,s09_short_squeeze_candidate,2021-09-30,20.09,-0.3054
ADCT,2022-01-08,s09_short_squeeze_candidate,2021-12-31,35.83,-0.3589
ADCT,2022-08-06,s09_short_squeeze_candidate,2022-07-29,21.97,-0.3956
ADCT,2022-11-08,s09_short_squeeze_candidate,2022-10-31,28.93,-0.5689
ADCT,2023-06-08,s09_short_squeeze_candidate,2023-05-31,23.38,-0.2813
ADCT,2023-09-08,s09_short_squeeze_candidate,2023-08-31,26.2,-0.5385
ADSE,2022-05-07,s09_short_squeeze_candidate,2022-04-29,26.77,-0.256
ADSE,2022-11-08,s09_short_squeeze_candidate,2022-10-31,45.93,-0.3547
ADV,2025-02-22,s09_short_squeeze_candidate,2025-02-14,30.96,-0.2695
ADV,2025-11-08,s09_short_squeeze_candidate,2025-10-31,20.66,-0.3469
AFJKU,2025-12-06,s09_short_squeeze_candidate,2025-11-28,257.4,-0.4455
AFJKU,2026-03-07,s09_short_squeeze_candidate,2026-02-27,66.71,-0.5225
AGL,2024-01-06,s09_short_squeeze_candidate,2023-12-29,20.54,-0.3662
AIHS,2024-04-23,s09_short_squeeze_candidate,2024-04-15,21.93,-0.2546
AIHS,2024-11-23,s09_short_squeeze_candidate,2024-11-15,61.48,-0.4234
AIHS,2026-06-06,s09_short_squeeze_candidate,2026-05-29,26.61,-0.3314
AIP,2022-07-23,s09_short_squeeze_candidate,2022-07-15,30.34,-0.5023
AIRS,2023-04-08,s09_short_squeeze_candidate,2023-03-31,20.28,-0.3538
AIRS,2023-11-08,s09_short_squeeze_candidate,2023-10-31,24.56,-0.3296
AIRS,2024-05-23,s09_short_squeeze_candidate,2024-05-15,30.6,-0.3814
AKA,2024-04-05,s09_short_squeeze_candidate,2024-03-28,24.58,-0.2718
ALEC,2021-10-23,s09_short_squeeze_candidate,2021-10-15,20.85,-0.289
ALLO,2022-11-08,s09_short_squeeze_candidate,2022-10-31,23.85,-0.4039
ALLO,2023-02-23,s09_short_squeeze_candidate,2023-02-15,29.1,-0.3287
ALLO,2023-09-08,s09_short_squeeze_candidate,2023-08-31,24.08,-0.3473
ALLO,2024-08-23,s09_short_squeeze_candidate,2024-08-15,22.26,-0.3429
ALMS,2025-01-23,s09_short_squeeze_candidate,2025-01-15,25.67,-0.4045
ALPP,2022-06-08,s09_short_squeeze_candidate,2022-05-31,20.54,-0.6054
ALPP,2022-09-08,s09_short_squeeze_candidate,2022-08-31,25.77,-0.255
ALPP,2022-12-08,s09_short_squeeze_candidate,2022-11-30,26.48,-0.2578
ALPP,2023-03-23,s09_short_squeeze_candidate,2023-03-15,27.79,-0.36
ALPP,2023-06-23,s09_short_squeeze_candidate,2023-06-15,37.61,-0.3197
ALPP,2023-10-21,s09_short_squeeze_candidate,2023-10-13,26.31,-0.7101
ALPP,2024-03-23,s09_short_squeeze_candidate,2024-03-15,26.56,-0.3764
ALPP,2024-06-22,s09_short_squeeze_candidate,2024-06-14,21.47,-0.3618
ALPP,2024-09-21,s09_short_squeeze_candidate,2024-09-13,37.94,-0.3466
ALUR,2023-11-23,s09_short_squeeze_candidate,2023-11-15,25.31,-0.3027
ALXO,2023-04-22,s09_short_squeeze_candidate,2023-04-14,25.81,-0.5
ALXO,2023-08-08,s09_short_squeeze_candidate,2023-07-31,23.19,-0.3609
ALXO,2024-10-23,s09_short_squeeze_candidate,2024-10-15,22.15,-0.7963
AMPE,2021-07-23,s09_short_squeeze_candidate,2021-07-15,21.22,-0.2626
AMPGW,2023-11-23,s09_short_squeeze_candidate,2023-11-15,23.25,-0.6269
AMPGW,2024-08-08,s09_short_squeeze_candidate,2024-07-31,332.72,-0.6571
AMPGW,2024-11-23,s09_short_squeeze_candidate,2024-11-15,21.69,-0.5
AMRN,2024-05-08,s09_short_squeeze_candidate,2024-04-30,20.2,-0.3185
AMRN,2024-09-07,s09_short_squeeze_candidate,2024-08-30,21.21,-0.2588
ANAB,2023-12-08,s09_short_squeeze_candidate,2023-11-30,29.37,-0.2948
ANL,2026-06-06,s09_short_squeeze_candidate,2026-05-29,20.97,-0.2807
ANRO,2024-04-23,s09_short_squeeze_candidate,2024-04-15,20.42,-0.3509
AORT,2022-12-23,s09_short_squeeze_candidate,2022-12-15,22.72,-0.3963
AP,2021-07-23,s09_short_squeeze_candidate,2021-07-15,21.81,-0.2577
AP,2022-07-08,s09_short_squeeze_candidate,2022-06-30,59.84,-0.3867
AP,2023-10-21,s09_short_squeeze_candidate,2023-10-13,32.05,-0.3426
APRE,2022-11-08,s09_short_squeeze_candidate,2022-10-31,25.04,-0.3273
APUS,2026-05-08,s09_short_squeeze_candidate,2026-04-30,999.99,-0.9087
APYX,2023-03-23,s09_short_squeeze_candidate,2023-03-15,31.12,-0.2702
APYX,2023-09-23,s09_short_squeeze_candidate,2023-09-15,36.69,-0.4848
AQMS,2023-10-21,s09_short_squeeze_candidate,2023-10-13,23.03,-0.426
ARAY,2021-07-23,s09_short_squeeze_candidate,2021-07-15,22.33,-0.2577
ARAY,2023-11-08,s09_short_squeeze_candidate,2023-10-31,20.12,-0.3714
AREB,2026-04-23,s09_short_squeeze_candidate,2026-04-15,999.99,-0.9999
ARQT,2021-08-07,s09_short_squeeze_candidate,2021-07-30,20.43,-0.3286
ASPSZ,2026-05-23,s09_short_squeeze_candidate,2026-05-15,23.05,-0.2506
ASTS,2022-07-23,s09_short_squeeze_candidate,2022-07-15,24.93,-0.2791
ATGL,2024-07-06,s09_short_squeeze_candidate,2024-06-28,38.32,-0.4277
ATGL,2026-04-23,s09_short_squeeze_candidate,2026-04-15,44.07,-0.3361
ATLC,2022-10-22,s09_short_squeeze_candidate,2022-10-14,46.49,-0.3996
ATLC,2024-05-23,s09_short_squeeze_candidate,2024-05-15,22.48,-0.2653
ATOM,2022-12-08,s09_short_squeeze_candidate,2022-11-30,36.86,-0.3104
ATOM,2023-09-23,s09_short_squeeze_candidate,2023-09-15,30.89,-0.3878
ATOM,2024-03-23,s09_short_squeeze_candidate,2024-03-15,26.83,-0.3308
ATOS,2023-10-21,s09_short_squeeze_candidate,2023-10-13,22.71,-0.45
AUID,2022-03-08,s09_short_squeeze_candidate,2022-02-28,20.87,-0.7039
AUID,2024-09-21,s09_short_squeeze_candidate,2024-09-13,26.04,-0.307
AUMN,2024-07-06,s09_short_squeeze_candidate,2024-06-28,20.35,-0.4615
AURA,2023-05-06,s09_short_squeeze_candidate,2023-04-28,24.86,-0.2535
AURA,2023-11-08,s09_short_squeeze_candidate,2023-10-31,34.06,-0.3079
AURA,2024-02-08,s09_short_squeeze_candidate,2024-01-31,22.36,-0.3573
AVBP,2024-12-21,s09_short_squeeze_candidate,2024-12-13,27.75,-0.2501
AVBP,2025-05-08,s09_short_squeeze_candidate,2025-04-30,33.73,-0.2732
AVXL,2024-02-08,s09_short_squeeze_candidate,2024-01-31,20.66,-0.4
AVXL,2025-02-22,s09_short_squeeze_candidate,2025-02-14,23.21,-0.367
AVXL,2025-09-06,s09_short_squeeze_candidate,2025-08-29,32.19,-0.2811
BAER,2024-08-23,s09_short_squeeze_candidate,2024-08-15,31.5,-0.2529
BAOS,2022-12-08,s09_short_squeeze_candidate,2022-11-30,34.21,-0.3055
BARK,2023-11-08,s09_short_squeeze_candidate,2023-10-31,23.4,-0.3436
BARK,2025-05-23,s09_short_squeeze_candidate,2025-05-15,24.37,-0.3604
BATL,2022-08-23,s09_short_squeeze_candidate,2022-08-15,20.37,-0.4049
BATL,2023-03-08,s09_short_squeeze_candidate,2023-02-28,26.7,-0.2603
BBLGW,2025-06-07,s09_short_squeeze_candidate,2025-05-30,28.57,-0.3317
BBLGW,2025-09-06,s09_short_squeeze_candidate,2025-08-29,42.44,-0.2807
BCAB,2021-07-23,s09_short_squeeze_candidate,2021-07-15,29.5,-0.3272
BCAB,2021-10-23,s09_short_squeeze_candidate,2021-10-15,20.3,-0.3312
BCAB,2022-10-22,s09_short_squeeze_candidate,2022-10-14,23.76,-0.4195
BCRX,2023-10-21,s09_short_squeeze_candidate,2023-10-13,20.02,-0.25
BDMDW,2026-04-23,s09_short_squeeze_candidate,2026-04-15,66.96,-0.3863
BDTX,2021-09-23,s09_short_squeeze_candidate,2021-09-15,21.35,-0.2556
BDTX,2022-12-08,s09_short_squeeze_candidate,2022-11-30,23.63,-0.3259
BDTX,2023-04-08,s09_short_squeeze_candidate,2023-03-31,28.9,-0.3981
BEEM,2022-10-22,s09_short_squeeze_candidate,2022-10-14,21.35,-0.4195
BEEM,2024-10-08,s09_short_squeeze_candidate,2024-09-30,20.18,-0.359
BGL,2025-07-08,s09_short_squeeze_candidate,2025-06-30,34.3,-0.3371
BIMI,2023-10-07,s09_short_squeeze_candidate,2023-09-29,26.35,-0.5423
BIRD,2025-09-06,s09_short_squeeze_candidate,2025-08-29,20.06,-0.4768
BIRD,2026-01-23,s09_short_squeeze_candidate,2026-01-15,20.2,-0.5356
BMEA,2021-08-21,s09_short_squeeze_candidate,2021-08-13,27.85,-0.4931
BMEA,2022-04-08,s09_short_squeeze_candidate,2022-03-31,24.03,-0.5061
BMEA,2023-09-08,s09_short_squeeze_candidate,2023-08-31,25.53,-0.5964
BMEA,2025-02-08,s09_short_squeeze_candidate,2025-01-31,21.19,-0.5309
BMRA,2023-02-23,s09_short_squeeze_candidate,2023-02-15,20.55,-0.2926
BNR,2023-10-21,s09_short_squeeze_candidate,2023-10-13,22.16,-0.5385
BODI,2024-09-07,s09_short_squeeze_candidate,2024-08-30,20.0,-0.2901
BOLD,2024-09-21,s09_short_squeeze_candidate,2024-09-13,31.68,-0.4182
BOLT,2021-08-07,s09_short_squeeze_candidate,2021-07-30,22.63,-0.5473
BOLT,2021-11-06,s09_short_squeeze_candidate,2021-10-29,57.94,-0.2962
BOLT,2023-07-22,s09_short_squeeze_candidate,2023-07-14,26.12,-0.3026
BOLT,2024-05-08,s09_short_squeeze_candidate,2024-04-30,30.88,-0.2633
BOWN,2025-08-08,s09_short_squeeze_candidate,2025-07-31,999.99,-0.2624
BRAG,2022-05-07,s09_short_squeeze_candidate,2022-04-29,21.83,-0.3148
BRAG,2022-11-08,s09_short_squeeze_candidate,2022-10-31,34.15,-0.4345
BRBS,2024-02-08,s09_short_squeeze_candidate,2024-01-31,23.02,-0.3132
BRCC,2024-11-08,s09_short_squeeze_candidate,2024-10-31,20.28,-0.4371
BRFH,2022-08-06,s09_short_squeeze_candidate,2022-07-29,26.94,-0.3403
BULLW,2026-04-08,s09_short_squeeze_candidate,2026-03-31,24.42,-0.5744
BURU,2026-03-07,s09_short_squeeze_candidate,2026-02-27,999.99,-0.6082
BYSI,2023-04-08,s09_short_squeeze_candidate,2023-03-31,20.37,-0.6328
BYSI,2023-10-07,s09_short_squeeze_candidate,2023-09-29,52.77,-0.3103
BYSI,2024-05-08,s09_short_squeeze_candidate,2024-04-30,41.53,-0.4463
BYSI,2024-08-08,s09_short_squeeze_candidate,2024-07-31,86.49,-0.4344
BYSI,2025-08-23,s09_short_squeeze_candidate,2025-08-15,92.55,-0.4059
BYSI,2026-02-21,s09_short_squeeze_candidate,2026-02-13,80.62,-0.4596
CABA,2021-08-07,s09_short_squeeze_candidate,2021-07-30,27.8,-0.3433
CAPR,2024-08-08,s09_short_squeeze_candidate,2024-07-31,22.77,-0.3556
CARM,2023-09-08,s09_short_squeeze_candidate,2023-08-31,31.29,-0.2708
CARM,2024-02-08,s09_short_squeeze_candidate,2024-01-31,22.92,-0.3598
CCGWW,2026-02-21,s09_short_squeeze_candidate,2026-02-13,999.99,-0.475
CCO,2023-04-22,s09_short_squeeze_candidate,2023-04-14,20.91,-0.4126
CCO,2024-05-08,s09_short_squeeze_candidate,2024-04-30,20.87,-0.298
CD,2023-12-08,s09_short_squeeze_candidate,2023-11-30,27.31,-0.4984
CD,2026-02-07,s09_short_squeeze_candidate,2026-01-30,24.98,-0.5348
CDRO,2022-03-23,s09_short_squeeze_candidate,2022-03-15,30.16,-0.3423
CDZI,2023-10-21,s09_short_squeeze_candidate,2023-10-13,20.4,-0.3254
CELU,2023-04-08,s09_short_squeeze_candidate,2023-03-31,22.51,-0.4609
CELU,2024-06-08,s09_short_squeeze_candidate,2024-05-31,26.01,-0.5532
CELU,2025-04-23,s09_short_squeeze_candidate,2025-04-15,26.56,-0.3434
CELZ,2026-03-07,s09_short_squeeze_candidate,2026-02-27,25.25,-0.2789
CGAU,2022-06-08,s09_short_squeeze_candidate,2022-05-31,21.73,-0.251
CGAU,2022-09-08,s09_short_squeeze_candidate,2022-08-31,35.71,-0.4459
CGEM,2025-02-08,s09_short_squeeze_candidate,2025-01-31,20.71,-0.3885
CHNR,2023-11-08,s09_short_squeeze_candidate,2023-10-31,21.5,-0.4179
CHRS,2024-09-21,s09_short_squeeze_candidate,2024-09-13,24.65,-0.2778
CHRS,2025-02-22,s09_short_squeeze_candidate,2025-02-14,26.61,-0.3099
CHRS,2025-06-07,s09_short_squeeze_candidate,2025-05-30,30.12,-0.3045
CHRS,2025-12-06,s09_short_squeeze_candidate,2025-11-28,28.21,-0.2527
CHRS,2026-03-07,s09_short_squeeze_candidate,2026-02-27,20.59,-0.3347
CIA,2023-01-21,s09_short_squeeze_candidate,2023-01-13,58.9,-0.289
CIA,2023-04-22,s09_short_squeeze_candidate,2023-04-14,30.92,-0.3693
CIA,2024-01-20,s09_short_squeeze_candidate,2024-01-12,73.8,-0.2568
CIA,2024-04-23,s09_short_squeeze_candidate,2024-04-15,70.75,-0.3322
CIA,2025-01-23,s09_short_squeeze_candidate,2025-01-15,44.93,-0.2747
CIA,2025-05-08,s09_short_squeeze_candidate,2025-04-30,63.16,-0.2855
CLB,2024-01-06,s09_short_squeeze_candidate,2023-12-29,21.26,-0.2806
CLB,2025-03-08,s09_short_squeeze_candidate,2025-02-28,21.11,-0.3032
CLB,2025-06-07,s09_short_squeeze_candidate,2025-05-30,21.23,-0.3086
CLNN,2022-02-23,s09_short_squeeze_candidate,2022-02-15,21.84,-0.4657
CLNN,2022-06-08,s09_short_squeeze_candidate,2022-05-31,23.6,-0.4467
CLNN,2023-05-23,s09_short_squeeze_candidate,2023-05-15,23.54,-0.3478
CLYM,2024-12-07,s09_short_squeeze_candidate,2024-11-29,20.76,-0.6182
CLYM,2025-05-08,s09_short_squeeze_candidate,2025-04-30,21.88,-0.3266
CMMB,2023-04-22,s09_short_squeeze_candidate,2023-04-14,21.73,-0.3106
CMPS,2022-12-08,s09_short_squeeze_candidate,2022-11-30,20.94,-0.3858
CMPX,2023-09-08,s09_short_squeeze_candidate,2023-08-31,29.98,-0.3147
CMTG,2024-04-05,s09_short_squeeze_candidate,2024-03-28,21.74,-0.2714
CNL,2025-11-22,s09_short_squeeze_candidate,2025-11-14,21.4,-0.2786
CNTA,2022-07-08,s09_short_squeeze_candidate,2022-06-30,24.45,-0.5056
CNTA,2022-11-23,s09_short_squeeze_candidate,2022-11-15,23.65,-0.2568
CNTX,2025-02-22,s09_short_squeeze_candidate,2025-02-14,20.43,-0.5107
CODA,2023-09-08,s09_short_squeeze_candidate,2023-08-31,23.69,-0.2789
CORT,2024-03-23,s09_short_squeeze_candidate,2024-03-15,21.98,-0.2935
CPSS,2022-12-08,s09_short_squeeze_candidate,2022-11-30,32.9,-0.2517
CPSS,2023-09-23,s09_short_squeeze_candidate,2023-09-15,29.36,-0.3076
CPSS,2025-05-08,s09_short_squeeze_candidate,2025-04-30,22.67,-0.258
CRCT,2022-04-22,s09_short_squeeze_candidate,2022-04-14,21.86,-0.4005
CRCT,2022-07-23,s09_short_squeeze_candidate,2022-07-15,35.54,-0.4925
CRDF,2024-09-07,s09_short_squeeze_candidate,2024-08-30,25.01,-0.2713
CRDF,2025-05-23,s09_short_squeeze_candidate,2025-05-15,22.71,-0.4247
CRDF,2025-10-08,s09_short_squeeze_candidate,2025-09-30,20.41,-0.5371
CRDF,2026-02-21,s09_short_squeeze_candidate,2026-02-13,21.31,-0.5016
CRML,2024-09-07,s09_short_squeeze_candidate,2024-08-30,24.76,-0.2776
CRMT,2026-06-06,s09_short_squeeze_candidate,2026-05-29,22.03,-0.3999
CRVO,2024-11-23,s09_short_squeeze_candidate,2024-11-15,21.81,-0.4216
CRVS,2026-04-23,s09_short_squeeze_candidate,2026-04-15,21.77,-0.4079
CTSO,2023-10-07,s09_short_squeeze_candidate,2023-09-29,22.25,-0.5335
CTSO,2025-08-08,s09_short_squeeze_candidate,2025-07-31,20.01,-0.3411
CTXR,2022-07-23,s09_short_squeeze_candidate,2022-07-15,22.62,-0.3789
CTXR,2023-09-08,s09_short_squeeze_candidate,2023-08-31,44.32,-0.3294
CTXR,2024-09-21,s09_short_squeeze_candidate,2024-09-13,20.69,-0.4902
CUE,2024-04-05,s09_short_squeeze_candidate,2024-03-28,21.09,-0.3883
CUE,2024-08-23,s09_short_squeeze_candidate,2024-08-15,20.11,-0.689
CURI,2023-09-08,s09_short_squeeze_candidate,2023-08-31,21.68,-0.2532
CURV,2024-03-23,s09_short_squeeze_candidate,2024-03-15,29.24,-0.4457
CURV,2026-03-07,s09_short_squeeze_candidate,2026-02-27,28.89,-0.2817
CVM,2022-12-23,s09_short_squeeze_candidate,2022-12-15,26.47,-0.4334
CVM,2023-04-08,s09_short_squeeze_candidate,2023-03-31,51.03,-0.2588
CVM,2023-10-07,s09_short_squeeze_candidate,2023-09-29,29.38,-0.5629
CVM,2024-04-23,s09_short_squeeze_candidate,2024-04-15,36.2,-0.4838
CVM,2024-10-23,s09_short_squeeze_candidate,2024-10-15,20.04,-0.3333
DAVE,2023-05-06,s09_short_squeeze_candidate,2023-04-28,30.4,-0.4315
DAVE,2023-11-08,s09_short_squeeze_candidate,2023-10-31,94.99,-0.3494
DBVT,2022-02-23,s09_short_squeeze_candidate,2022-02-15,42.76,-0.5244
DBVT,2022-09-08,s09_short_squeeze_candidate,2022-08-31,25.27,-0.3815
DBVT,2022-12-08,s09_short_squeeze_candidate,2022-11-30,31.8,-0.4444
DBVT,2024-08-23,s09_short_squeeze_candidate,2024-08-15,39.27,-0.25
DCTH,2021-09-23,s09_short_squeeze_candidate,2021-09-15,20.36,-0.2656
DCTH,2022-07-23,s09_short_squeeze_candidate,2022-07-15,37.0,-0.3762
DDD,2026-04-23,s09_short_squeeze_candidate,2026-04-15,20.05,-0.2827
DDL,2023-10-07,s09_short_squeeze_candidate,2023-09-29,20.69,-0.3586
DERM,2026-05-08,s09_short_squeeze_candidate,2026-04-30,20.77,-0.4097
DFDVW,2026-01-08,s09_short_squeeze_candidate,2025-12-31,26.65,-0.6843
DFDVW,2026-04-23,s09_short_squeeze_candidate,2026-04-15,45.07,-0.731
DFH,2022-07-23,s09_short_squeeze_candidate,2022-07-15,23.54,-0.3346
DFSCW,2026-04-23,s09_short_squeeze_candidate,2026-04-15,318.21,-0.5769
DLO,2025-05-08,s09_short_squeeze_candidate,2025-04-30,22.53,-0.3679
DMAC,2026-05-08,s09_short_squeeze_candidate,2026-04-30,34.7,-0.3046
DMRC,2022-01-08,s09_short_squeeze_candidate,2021-12-31,23.48,-0.2619
DMRC,2022-04-22,s09_short_squeeze_candidate,2022-04-14,22.11,-0.2774
DMRC,2022-07-23,s09_short_squeeze_candidate,2022-07-15,21.21,-0.4886
DMRC,2022-10-22,s09_short_squeeze_candidate,2022-10-14,40.6,-0.3565
DNTH,2025-06-07,s09_short_squeeze_candidate,2025-05-30,23.52,-0.2855
DOYU,2022-07-23,s09_short_squeeze_candidate,2022-07-15,20.44,-0.3862
DOYU,2022-10-22,s09_short_squeeze_candidate,2022-10-14,26.17,-0.373
DOYU,2023-04-22,s09_short_squeeze_candidate,2023-04-14,34.35,-0.4286
DRIO,2023-10-21,s09_short_squeeze_candidate,2023-10-13,20.61,-0.3783
DRIO,2024-07-06,s09_short_squeeze_candidate,2024-06-28,20.42,-0.3737
DSGN,2021-07-23,s09_short_squeeze_candidate,2021-07-15,22.09,-0.3684
DSGN,2022-01-22,s09_short_squeeze_candidate,2022-01-14,27.42,-0.2597
DSGN,2022-05-07,s09_short_squeeze_candidate,2022-04-29,21.73,-0.3927
DSGN,2023-03-08,s09_short_squeeze_candidate,2023-02-28,22.1,-0.495
DSGN,2023-06-08,s09_short_squeeze_candidate,2023-05-31,41.05,-0.2631
DSGN,2025-04-08,s09_short_squeeze_candidate,2025-03-31,35.66,-0.4204
DSGN,2025-07-08,s09_short_squeeze_candidate,2025-06-30,41.32,-0.3066
DXLG,2025-11-22,s09_short_squeeze_candidate,2025-11-14,22.76,-0.3826
DYAI,2023-01-21,s09_short_squeeze_candidate,2023-01-13,24.12,-0.2974
DYN,2022-06-23,s09_short_squeeze_candidate,2022-06-15,20.32,-0.4743
DYN,2023-05-06,s09_short_squeeze_candidate,2023-04-28,22.41,-0.3093
EEIQ,2025-05-08,s09_short_squeeze_candidate,2025-04-30,23.17,-0.3824
EFTR,2022-04-22,s09_short_squeeze_candidate,2022-04-14,22.84,-0.5145
EFXT,2023-10-07,s09_short_squeeze_candidate,2023-09-29,31.32,-0.2983
EGHT,2021-07-23,s09_short_squeeze_candidate,2021-07-15,22.06,-0.279
EH,2022-09-08,s09_short_squeeze_candidate,2022-08-31,21.86,-0.4115
EKG,2022-07-08,s09_short_squeeze_candidate,2022-06-30,24.29,-0.3211
ELDN,2021-07-23,s09_short_squeeze_candidate,2021-07-15,23.63,-0.378
ELVN,2023-08-23,s09_short_squeeze_candidate,2023-08-15,70.35,-0.2855
ELVN,2023-11-23,s09_short_squeeze_candidate,2023-11-15,81.93,-0.3667
ENTA,2025-05-23,s09_short_squeeze_candidate,2025-05-15,21.16,-0.3675
EOSE,2021-08-07,s09_short_squeeze_candidate,2021-07-30,23.63,-0.2683
EOSE,2025-04-08,s09_short_squeeze_candidate,2025-03-31,20.1,-0.3893
EP,2024-04-05,s09_short_squeeze_candidate,2024-03-28,20.41,-0.535
EP,2024-07-23,s09_short_squeeze_candidate,2024-07-15,24.99,-0.3098
EP,2025-05-08,s09_short_squeeze_candidate,2025-04-30,48.98,-0.3348
EP,2025-08-08,s09_short_squeeze_candidate,2025-07-31,50.44,-0.2626
EP,2025-11-08,s09_short_squeeze_candidate,2025-10-31,33.71,-0.4625
EP,2026-05-23,s09_short_squeeze_candidate,2026-05-15,32.23,-0.3077
EQ,2022-03-23,s09_short_squeeze_candidate,2022-03-15,25.7,-0.308
EQ,2022-06-23,s09_short_squeeze_candidate,2022-06-15,33.42,-0.3636
EQ,2022-09-23,s09_short_squeeze_candidate,2022-09-15,23.97,-0.3025
ERAS,2022-06-08,s09_short_squeeze_candidate,2022-05-31,28.93,-0.5657
ERAS,2025-01-23,s09_short_squeeze_candidate,2025-01-15,23.21,-0.4056
ERNA,2023-10-21,s09_short_squeeze_candidate,2023-10-13,47.0,-0.2736
ERO,2022-09-08,s09_short_squeeze_candidate,2022-08-31,21.26,-0.259
ESPR,2021-07-08,s09_short_squeeze_candidate,2021-06-30,21.45,-0.2633
ETON,2022-09-23,s09_short_squeeze_candidate,2022-09-15,26.4,-0.2772
EVEX,2024-04-23,s09_short_squeeze_candidate,2024-04-15,22.19,-0.2908
EVI,2022-01-22,s09_short_squeeze_candidate,2022-01-14,21.81,-0.3014
EVI,2022-05-07,s09_short_squeeze_candidate,2022-04-29,24.8,-0.3537
EVLO,2021-08-21,s09_short_squeeze_candidate,2021-08-13,35.62,-0.3741
EVLO,2021-12-08,s09_short_squeeze_candidate,2021-11-30,29.84,-0.2817
EVLO,2022-03-23,s09_short_squeeze_candidate,2022-03-15,26.33,-0.6438
EVLO,2022-10-22,s09_short_squeeze_candidate,2022-10-14,78.74,-0.2857
EVLO,2023-01-21,s09_short_squeeze_candidate,2023-01-13,38.07,-0.3974
EVTV,2024-06-22,s09_short_squeeze_candidate,2024-06-14,20.25,-0.5479
EVTV,2024-10-23,s09_short_squeeze_candidate,2024-10-15,21.6,-0.315
EWTX,2021-08-21,s09_short_squeeze_candidate,2021-08-13,30.54,-0.4409
EWTX,2022-03-23,s09_short_squeeze_candidate,2022-03-15,21.82,-0.4724
EWTX,2023-09-08,s09_short_squeeze_candidate,2023-08-31,48.33,-0.3926
EXOZ,2025-08-23,s09_short_squeeze_candidate,2025-08-15,20.42,-0.3595
EXPI,2023-05-06,s09_short_squeeze_candidate,2023-04-28,25.75,-0.3372
EXPI,2023-10-07,s09_short_squeeze_candidate,2023-09-29,24.73,-0.3574
EYPT,2022-11-08,s09_short_squeeze_candidate,2022-10-31,23.78,-0.5144
FATE,2022-12-08,s09_short_squeeze_candidate,2022-11-30,22.54,-0.285
FBLG,2024-12-21,s09_short_squeeze_candidate,2024-12-13,21.63,-0.4032
FBYD,2025-03-08,s09_short_squeeze_candidate,2025-02-28,24.38,-0.3189
FCUV,2022-10-22,s09_short_squeeze_candidate,2022-10-14,53.56,-0.4571
FCUV,2023-01-21,s09_short_squeeze_candidate,2023-01-13,44.05,-0.53
FCUV,2023-05-06,s09_short_squeeze_candidate,2023-04-28,34.62,-0.5481
FCUV,2025-12-23,s09_short_squeeze_candidate,2025-12-15,22.51,-0.252
FDMT,2024-05-08,s09_short_squeeze_candidate,2024-04-30,22.18,-0.3329
FDMT,2024-09-07,s09_short_squeeze_candidate,2024-08-30,21.96,-0.4498
FEAM,2023-02-08,s09_short_squeeze_candidate,2023-01-31,20.64,-0.2862
FEAM,2023-06-23,s09_short_squeeze_candidate,2023-06-15,22.77,-0.3539
FEAM,2024-02-08,s09_short_squeeze_candidate,2024-01-31,32.0,-0.4387
FEAM,2024-05-23,s09_short_squeeze_candidate,2024-05-15,25.62,-0.2588
FEAM,2024-08-23,s09_short_squeeze_candidate,2024-08-15,30.48,-0.5
FENC,2024-07-23,s09_short_squeeze_candidate,2024-07-15,27.86,-0.3626
FENC,2024-10-23,s09_short_squeeze_candidate,2024-10-15,28.98,-0.306
FHTX,2022-10-22,s09_short_squeeze_candidate,2022-10-14,45.62,-0.5886
FLNA,2026-04-23,s09_short_squeeze_candidate,2026-04-15,22.4,-0.3429
FLWS,2025-05-08,s09_short_squeeze_candidate,2025-04-30,20.11,-0.3916
FLWS,2026-03-21,s09_short_squeeze_candidate,2026-03-13,25.88,-0.313
FLYX,2025-11-08,s09_short_squeeze_candidate,2025-10-31,20.31,-0.286
FMAO,2022-09-23,s09_short_squeeze_candidate,2022-09-15,20.66,-0.2615
FOA,2023-09-08,s09_short_squeeze_candidate,2023-08-31,21.02,-0.3005
FORA,2022-06-08,s09_short_squeeze_candidate,2022-05-31,24.18,-0.5575
FORA,2022-09-08,s09_short_squeeze_candidate,2022-08-31,24.22,-0.3301
FORA,2023-01-21,s09_short_squeeze_candidate,2023-01-13,22.84,-0.3179
FORA,2023-04-22,s09_short_squeeze_candidate,2023-04-14,46.73,-0.2808
FORA,2024-02-23,s09_short_squeeze_candidate,2024-02-15,20.81,-0.2927
FORA,2024-06-22,s09_short_squeeze_candidate,2024-06-14,21.85,-0.2665
FTCI,2024-05-08,s09_short_squeeze_candidate,2024-04-30,23.19,-0.3484
FTHM,2021-08-07,s09_short_squeeze_candidate,2021-07-30,23.39,-0.3136
FTHM,2021-11-06,s09_short_squeeze_candidate,2021-10-29,31.99,-0.2551
FTHM,2022-09-08,s09_short_squeeze_candidate,2022-08-31,21.48,-0.4026
FTHM,2023-11-23,s09_short_squeeze_candidate,2023-11-15,21.35,-0.5584
FTK,2022-07-23,s09_short_squeeze_candidate,2022-07-15,20.52,-0.3861
FVNNU,2026-03-21,s09_short_squeeze_candidate,2026-03-13,999.99,-0.2843
FXLV,2023-05-23,s09_short_squeeze_candidate,2023-05-15,24.21,-0.7086
GALT,2022-02-23,s09_short_squeeze_candidate,2022-02-15,26.27,-0.2686
GALT,2022-06-08,s09_short_squeeze_candidate,2022-05-31,33.11,-0.3065
GALT,2022-12-08,s09_short_squeeze_candidate,2022-11-30,43.93,-0.3245
GALT,2024-05-23,s09_short_squeeze_candidate,2024-05-15,21.61,-0.2714
GALT,2024-08-23,s09_short_squeeze_candidate,2024-08-15,42.56,-0.322
GALT,2025-02-22,s09_short_squeeze_candidate,2025-02-14,28.21,-0.5121
GALT,2025-06-07,s09_short_squeeze_candidate,2025-05-30,50.6,-0.2599
GALT,2026-03-07,s09_short_squeeze_candidate,2026-02-27,26.67,-0.5422
GCTK,2022-06-08,s09_short_squeeze_candidate,2022-05-31,26.49,-0.2582
GDEV,2022-03-08,s09_short_squeeze_candidate,2022-02-28,31.29,-0.2823
GENK,2026-03-07,s09_short_squeeze_candidate,2026-02-27,33.42,-0.2862
GGR,2023-05-23,s09_short_squeeze_candidate,2023-05-15,26.52,-0.3171
GGROW,2026-05-23,s09_short_squeeze_candidate,2026-05-15,32.91,-0.268
GHG,2024-02-08,s09_short_squeeze_candidate,2024-01-31,22.65,-0.3145
GHRS,2022-01-22,s09_short_squeeze_candidate,2022-01-14,22.36,-0.3115
GHRS,2022-05-07,s09_short_squeeze_candidate,2022-04-29,37.89,-0.2672
GHRS,2022-11-08,s09_short_squeeze_candidate,2022-10-31,68.19,-0.3697
GHRS,2023-02-08,s09_short_squeeze_candidate,2023-01-31,114.56,-0.2894
GHRS,2023-12-08,s09_short_squeeze_candidate,2023-11-30,29.06,-0.4348
GHRS,2024-09-07,s09_short_squeeze_candidate,2024-08-30,56.39,-0.291
GHRS,2025-05-23,s09_short_squeeze_candidate,2025-05-15,27.4,-0.2523
GLBS,2024-09-07,s09_short_squeeze_candidate,2024-08-30,51.61,-0.323
GLSI,2025-12-06,s09_short_squeeze_candidate,2025-11-28,27.34,-0.2602
GLUE,2021-11-06,s09_short_squeeze_candidate,2021-10-29,22.49,-0.4444
GLUE,2022-10-22,s09_short_squeeze_candidate,2022-10-14,33.87,-0.3541
GLUE,2023-10-21,s09_short_squeeze_candidate,2023-10-13,20.38,-0.3178
GLUE,2025-02-22,s09_short_squeeze_candidate,2025-02-14,21.44,-0.3456
GLUE,2025-06-21,s09_short_squeeze_candidate,2025-06-13,20.01,-0.3045
GMHS,2026-01-08,s09_short_squeeze_candidate,2025-12-31,22.15,-0.3483
GNLX,2024-04-05,s09_short_squeeze_candidate,2024-03-28,27.85,-0.567
GNLX,2025-01-23,s09_short_squeeze_candidate,2025-01-15,20.94,-0.3123
GNLX,2025-05-08,s09_short_squeeze_candidate,2025-04-30,21.72,-0.5247
GNLX,2026-01-08,s09_short_squeeze_candidate,2025-12-31,31.33,-0.4709
GNPX,2022-07-08,s09_short_squeeze_candidate,2022-06-30,20.79,-0.3983
GNPX,2022-11-23,s09_short_squeeze_candidate,2022-11-15,22.04,-0.4421
GOCO,2024-10-23,s09_short_squeeze_candidate,2024-10-15,22.53,-0.3445
GOGO,2021-12-23,s09_short_squeeze_candidate,2021-12-15,21.35,-0.2838
GOSS,2022-02-23,s09_short_squeeze_candidate,2022-02-15,21.74,-0.2714
GOSS,2022-06-23,s09_short_squeeze_candidate,2022-06-15,23.05,-0.3872
GOSS,2023-10-21,s09_short_squeeze_candidate,2023-10-13,20.06,-0.6451
GP,2025-05-08,s09_short_squeeze_candidate,2025-04-30,22.07,-0.4611
GPCR,2024-09-07,s09_short_squeeze_candidate,2024-08-30,20.36,-0.3227
GROV,2025-05-08,s09_short_squeeze_candidate,2025-04-30,39.86,-0.3684
GUTS,2024-05-08,s09_short_squeeze_candidate,2024-04-30,28.06,-0.4739
GYRE,2025-02-08,s09_short_squeeze_candidate,2025-01-31,20.0,-0.3149
GYRE,2025-08-23,s09_short_squeeze_candidate,2025-08-15,21.21,-0.286
HALL,2023-10-21,s09_short_squeeze_candidate,2023-10-13,24.9,-0.6346
HASI,2023-04-22,s09_short_squeeze_candidate,2023-04-14,22.77,-0.2631
HERE,2026-05-08,s09_short_squeeze_candidate,2026-04-30,25.84,-0.2649
HFFG,2022-10-22,s09_short_squeeze_candidate,2022-10-14,20.93,-0.3455
HFFG,2023-05-06,s09_short_squeeze_candidate,2023-04-28,21.11,-0.3574
HOWL,2021-08-21,s09_short_squeeze_candidate,2021-08-13,28.58,-0.289
HQI,2025-06-21,s09_short_squeeze_candidate,2025-06-13,28.88,-0.2611
HRTX,2021-08-07,s09_short_squeeze_candidate,2021-07-30,22.08,-0.3312
HRTX,2022-01-08,s09_short_squeeze_candidate,2021-12-31,21.42,-0.2754
HRTX,2022-05-07,s09_short_squeeze_candidate,2022-04-29,21.44,-0.5171
HRTX,2022-08-06,s09_short_squeeze_candidate,2022-07-29,21.33,-0.4315
HRTX,2023-07-22,s09_short_squeeze_candidate,2023-07-14,21.11,-0.5575
HRTX,2024-09-21,s09_short_squeeze_candidate,2024-09-13,21.32,-0.4905
HRTX,2025-08-08,s09_short_squeeze_candidate,2025-07-31,38.05,-0.2851
HRTX,2025-11-08,s09_short_squeeze_candidate,2025-10-31,20.69,-0.3696
HRTX,2026-06-06,s09_short_squeeze_candidate,2026-05-29,23.68,-0.3359
HUDI,2022-03-08,s09_short_squeeze_candidate,2022-02-28,21.05,-0.4152
HUMA,2022-08-06,s09_short_squeeze_candidate,2022-07-29,30.54,-0.5391
HUMA,2022-11-08,s09_short_squeeze_candidate,2022-10-31,22.02,-0.3298
HUMA,2023-12-08,s09_short_squeeze_candidate,2023-11-30,20.79,-0.3441
HYLN,2025-05-08,s09_short_squeeze_candidate,2025-04-30,23.33,-0.376
HYPR,2022-04-22,s09_short_squeeze_candidate,2022-04-14,22.65,-0.4056
HYPR,2022-09-23,s09_short_squeeze_candidate,2022-09-15,26.14,-0.5556
HYPR,2023-01-07,s09_short_squeeze_candidate,2022-12-30,21.8,-0.3488
HYPR,2023-05-23,s09_short_squeeze_candidate,2023-05-15,26.04,-0.2553
HYPR,2024-01-20,s09_short_squeeze_candidate,2024-01-12,32.41,-0.4873
IBO,2026-06-06,s09_short_squeeze_candidate,2026-05-29,21.7,-0.3333
IBRX,2023-10-21,s09_short_squeeze_candidate,2023-10-13,21.06,-0.5774
IBRX,2024-07-23,s09_short_squeeze_candidate,2024-07-15,31.5,-0.3049
IBRX,2024-10-23,s09_short_squeeze_candidate,2024-10-15,24.06,-0.3964
IINNW,2026-02-21,s09_short_squeeze_candidate,2026-02-13,34.7,-0.4286
IMA,2026-01-23,s09_short_squeeze_candidate,2026-01-15,26.86,-0.2514
IMMP,2023-03-08,s09_short_squeeze_candidate,2023-02-28,20.45,-0.3557
IMMP,2024-08-08,s09_short_squeeze_candidate,2024-07-31,20.88,-0.3313
IMMP,2024-11-08,s09_short_squeeze_candidate,2024-10-31,68.39,-0.3106
IMNM,2024-11-08,s09_short_squeeze_candidate,2024-10-31,22.27,-0.2818
IMNN,2025-05-08,s09_short_squeeze_candidate,2025-04-30,22.24,-0.2632
IMPP,2025-04-08,s09_short_squeeze_candidate,2025-03-31,26.4,-0.2751
IMRX,2022-06-08,s09_short_squeeze_candidate,2022-05-31,22.39,-0.4393
IMRX,2022-09-08,s09_short_squeeze_candidate,2022-08-31,52.65,-0.2744
IMRX,2022-12-08,s09_short_squeeze_candidate,2022-11-30,26.69,-0.5673
IMRX,2023-05-23,s09_short_squeeze_candidate,2023-05-15,21.98,-0.4027
IMRX,2023-11-23,s09_short_squeeze_candidate,2023-11-15,34.75,-0.472
IMRX,2024-06-08,s09_short_squeeze_candidate,2024-05-31,20.13,-0.7919
INDI,2025-05-08,s09_short_squeeze_candidate,2025-04-30,23.95,-0.5394
INDI,2026-01-08,s09_short_squeeze_candidate,2025-12-31,20.16,-0.4117
INDI,2026-04-23,s09_short_squeeze_candidate,2026-04-15,23.64,-0.3515
INMB,2023-03-23,s09_short_squeeze_candidate,2023-03-15,20.5,-0.331
INMB,2023-10-21,s09_short_squeeze_candidate,2023-10-13,27.29,-0.2672
INMB,2024-06-22,s09_short_squeeze_candidate,2024-06-14,23.53,-0.3041
INNV,2022-07-23,s09_short_squeeze_candidate,2022-07-15,29.4,-0.2883
INNV,2024-04-05,s09_short_squeeze_candidate,2024-03-28,24.13,-0.2873
INSG,2022-07-23,s09_short_squeeze_candidate,2022-07-15,24.81,-0.3867
IPDN,2024-08-23,s09_short_squeeze_candidate,2024-08-15,33.04,-0.4787
IPHA,2022-04-22,s09_short_squeeze_candidate,2022-04-14,20.57,-0.3091
IPHA,2022-12-08,s09_short_squeeze_candidate,2022-11-30,47.73,-0.2997
IPSC,2021-11-06,s09_short_squeeze_candidate,2021-10-29,26.64,-0.2963
IPSC,2022-02-23,s09_short_squeeze_candidate,2022-02-15,20.39,-0.3819
IPSC,2022-06-08,s09_short_squeeze_candidate,2022-05-31,44.48,-0.4309
IPSC,2023-05-06,s09_short_squeeze_candidate,2023-04-28,23.97,-0.3875
IPW,2023-03-23,s09_short_squeeze_candidate,2023-03-15,25.42,-0.3371
ISOU,2025-11-22,s09_short_squeeze_candidate,2025-11-14,21.4,-0.2898
ISPR,2026-04-23,s09_short_squeeze_candidate,2026-04-15,20.39,-0.4946
IVA,2022-05-21,s09_short_squeeze_candidate,2022-05-13,72.41,-0.3432
IVA,2022-08-23,s09_short_squeeze_candidate,2022-08-15,21.67,-0.4288
IVA,2022-12-23,s09_short_squeeze_candidate,2022-12-15,57.16,-0.4227
IVA,2024-08-23,s09_short_squeeze_candidate,2024-08-15,20.82,-0.4094
IVVD,2023-04-22,s09_short_squeeze_candidate,2023-04-14,20.37,-0.5282
IVVD,2024-06-22,s09_short_squeeze_candidate,2024-06-14,24.39,-0.6441
IVVD,2024-11-08,s09_short_squeeze_candidate,2024-10-31,27.16,-0.3078
IVVD,2026-05-08,s09_short_squeeze_candidate,2026-04-30,21.75,-0.2632
JANX,2021-10-23,s09_short_squeeze_candidate,2021-10-15,33.28,-0.3909
JANX,2022-01-22,s09_short_squeeze_candidate,2022-01-14,28.31,-0.4231
JANX,2022-05-07,s09_short_squeeze_candidate,2022-04-29,35.63,-0.4587
JANX,2022-08-06,s09_short_squeeze_candidate,2022-07-29,72.06,-0.2625
JANX,2023-09-23,s09_short_squeeze_candidate,2023-09-15,49.11,-0.295
JBIO,2025-09-23,s09_short_squeeze_candidate,2025-09-15,30.79,-0.3654
JFU,2022-01-22,s09_short_squeeze_candidate,2022-01-14,23.15,-0.3234
KALV,2023-11-08,s09_short_squeeze_candidate,2023-10-31,20.4,-0.252
KALV,2024-12-21,s09_short_squeeze_candidate,2024-12-13,23.31,-0.3048
KG,2026-02-07,s09_short_squeeze_candidate,2026-01-30,22.05,-0.4972
KG,2026-06-06,s09_short_squeeze_candidate,2026-05-29,28.73,-0.2949
KIDS,2022-06-23,s09_short_squeeze_candidate,2022-06-15,21.23,-0.2786
KIDS,2023-10-07,s09_short_squeeze_candidate,2023-09-29,23.0,-0.2884
KLDO,2022-03-08,s09_short_squeeze_candidate,2022-02-28,24.61,-0.5929
KLXE,2025-09-06,s09_short_squeeze_candidate,2025-08-29,22.25,-0.3099
KNDI,2024-07-23,s09_short_squeeze_candidate,2024-07-15,20.83,-0.2788
KNDI,2025-05-08,s09_short_squeeze_candidate,2025-04-30,22.48,-0.3372
KORE,2022-03-08,s09_short_squeeze_candidate,2022-02-28,21.59,-0.2843
KORE,2023-04-22,s09_short_squeeze_candidate,2023-04-14,21.29,-0.552
KORE,2023-10-21,s09_short_squeeze_candidate,2023-10-13,22.71,-0.5766
KPLT,2022-07-23,s09_short_squeeze_candidate,2022-07-15,21.43,-0.4211
KPTI,2023-10-21,s09_short_squeeze_candidate,2023-10-13,20.35,-0.3425
KPTI,2024-08-23,s09_short_squeeze_candidate,2024-08-15,28.28,-0.2748
KPTI,2025-02-22,s09_short_squeeze_candidate,2025-02-14,24.94,-0.2957
KPTI,2025-06-07,s09_short_squeeze_candidate,2025-05-30,28.52,-0.4517
KULR,2023-07-08,s09_short_squeeze_candidate,2023-06-30,21.39,-0.2558
KYMR,2023-07-22,s09_short_squeeze_candidate,2023-07-14,24.85,-0.366
KYMR,2024-06-08,s09_short_squeeze_candidate,2024-05-31,21.2,-0.2617
LAB,2022-11-08,s09_short_squeeze_candidate,2022-10-31,21.65,-0.4272
LAB,2025-05-08,s09_short_squeeze_candidate,2025-04-30,23.57,-0.3106
LAKE,2026-03-07,s09_short_squeeze_candidate,2026-02-27,23.43,-0.4189
LCTX,2024-10-23,s09_short_squeeze_candidate,2024-10-15,36.65,-0.2589
LE,2023-10-21,s09_short_squeeze_candidate,2023-10-13,22.2,-0.3343
LEE,2025-12-06,s09_short_squeeze_candidate,2025-11-28,30.46,-0.3282
LENZ,2025-03-08,s09_short_squeeze_candidate,2025-02-28,27.56,-0.4158
LFCR,2024-07-23,s09_short_squeeze_candidate,2024-07-15,20.33,-0.2707
LFCR,2024-10-23,s09_short_squeeze_candidate,2024-10-15,20.64,-0.2727
LFMD,2023-02-23,s09_short_squeeze_candidate,2023-02-15,26.37,-0.2538
LFST,2022-12-23,s09_short_squeeze_candidate,2022-12-15,22.63,-0.4092
LFST,2023-10-21,s09_short_squeeze_candidate,2023-10-13,20.12,-0.344
LFVN,2025-06-21,s09_short_squeeze_candidate,2025-06-13,22.39,-0.2679
LFVN,2026-03-07,s09_short_squeeze_candidate,2026-02-27,30.19,-0.3329
LGMK,2022-11-08,s09_short_squeeze_candidate,2022-10-31,23.15,-0.4188
LIND,2022-09-08,s09_short_squeeze_candidate,2022-08-31,26.29,-0.4676
LIND,2023-04-22,s09_short_squeeze_candidate,2023-04-14,31.32,-0.2901
LNSR,2022-09-23,s09_short_squeeze_candidate,2022-09-15,29.04,-0.26
LNZA,2023-11-08,s09_short_squeeze_candidate,2023-10-31,23.16,-0.58
LNZA,2024-08-08,s09_short_squeeze_candidate,2024-07-31,21.97,-0.4046
LOCL,2022-08-06,s09_short_squeeze_candidate,2022-07-29,33.12,-0.3925
LOCL,2023-03-08,s09_short_squeeze_candidate,2023-02-28,20.58,-0.6951
LOCL,2023-06-08,s09_short_squeeze_candidate,2023-05-31,36.58,-0.4479
LOOP,2021-08-07,s09_short_squeeze_candidate,2021-07-30,25.76,-0.3409
LOOP,2022-03-23,s09_short_squeeze_candidate,2022-03-15,20.91,-0.3772
LOOP,2022-06-23,s09_short_squeeze_candidate,2022-06-15,41.22,-0.4188
LOOP,2022-09-23,s09_short_squeeze_candidate,2022-09-15,60.24,-0.3527
LOOP,2022-12-23,s09_short_squeeze_candidate,2022-12-15,30.47,-0.5787
LOOP,2024-04-23,s09_short_squeeze_candidate,2024-04-15,66.27,-0.2665
LOOP,2024-07-23,s09_short_squeeze_candidate,2024-07-15,36.1,-0.3154
LOOP,2025-03-22,s09_short_squeeze_candidate,2025-03-14,24.41,-0.3276
LRMR,2021-11-23,s09_short_squeeze_candidate,2021-11-15,22.6,-0.2733
LRMR,2022-04-22,s09_short_squeeze_candidate,2022-04-14,25.41,-0.6638
LSF,2021-08-07,s09_short_squeeze_candidate,2021-07-30,30.08,-0.256
LTH,2022-11-08,s09_short_squeeze_candidate,2022-10-31,20.11,-0.3382
LUCK,2025-05-08,s09_short_squeeze_candidate,2025-04-30,21.15,-0.2681
LUCYW,2024-05-08,s09_short_squeeze_candidate,2024-04-30,31.13,-0.4
LUXE,2026-05-23,s09_short_squeeze_candidate,2026-05-15,20.36,-0.261
LVLU,2023-09-23,s09_short_squeeze_candidate,2023-09-15,23.42,-0.3503
LVO,2022-03-23,s09_short_squeeze_candidate,2022-03-15,21.62,-0.5038
LVO,2022-10-22,s09_short_squeeze_candidate,2022-10-14,26.54,-0.4814
LVO,2023-12-08,s09_short_squeeze_candidate,2023-11-30,24.74,-0.4613
LVWR,2024-04-23,s09_short_squeeze_candidate,2024-04-15,49.37,-0.3666
LVWR,2024-10-23,s09_short_squeeze_candidate,2024-10-15,28.7,-0.2574
LVWR,2025-03-08,s09_short_squeeze_candidate,2025-02-28,20.87,-0.6068
LVWR,2025-11-22,s09_short_squeeze_candidate,2025-11-14,25.78,-0.2625
LWAY,2022-07-23,s09_short_squeeze_candidate,2022-07-15,64.05,-0.3015
LWAY,2022-10-22,s09_short_squeeze_candidate,2022-10-14,53.72,-0.3308
LWLG,2022-11-08,s09_short_squeeze_candidate,2022-10-31,25.38,-0.304
LWLG,2023-02-08,s09_short_squeeze_candidate,2023-01-31,36.32,-0.3156
LWLG,2023-05-23,s09_short_squeeze_candidate,2023-05-15,35.73,-0.2687
LWLG,2023-11-23,s09_short_squeeze_candidate,2023-11-15,43.78,-0.3242
LWLG,2024-06-08,s09_short_squeeze_candidate,2024-05-31,23.78,-0.3447
LWLG,2024-09-07,s09_short_squeeze_candidate,2024-08-30,41.58,-0.2892
LWLG,2024-12-07,s09_short_squeeze_candidate,2024-11-29,21.26,-0.2948
LWLG,2025-03-08,s09_short_squeeze_candidate,2025-02-28,25.36,-0.5694
LXEH,2022-02-23,s09_short_squeeze_candidate,2022-02-15,32.42,-0.3426
LXEH,2022-07-23,s09_short_squeeze_candidate,2022-07-15,28.96,-0.5137
LYEL,2022-04-22,s09_short_squeeze_candidate,2022-04-14,24.13,-0.2555
LYEL,2023-02-23,s09_short_squeeze_candidate,2023-02-15,24.15,-0.4331
LYEL,2023-10-21,s09_short_squeeze_candidate,2023-10-13,28.97,-0.5104
LYEL,2024-09-07,s09_short_squeeze_candidate,2024-08-30,23.1,-0.459
LYEL,2026-05-23,s09_short_squeeze_candidate,2026-05-15,23.25,-0.3008
MBX,2025-03-08,s09_short_squeeze_candidate,2025-02-28,21.13,-0.5795
MCRB,2026-02-07,s09_short_squeeze_candidate,2026-01-30,22.13,-0.4789
MDCXW,2026-06-06,s09_short_squeeze_candidate,2026-05-29,34.96,-0.7282
MESO,2022-02-23,s09_short_squeeze_candidate,2022-02-15,25.38,-0.388
MFIN,2023-10-07,s09_short_squeeze_candidate,2023-09-29,24.66,-0.3079
MGLD,2023-08-08,s09_short_squeeze_candidate,2023-07-31,20.49,-0.3584
MGLD,2024-10-23,s09_short_squeeze_candidate,2024-10-15,64.83,-0.2571
MGTX,2022-09-08,s09_short_squeeze_candidate,2022-08-31,23.9,-0.2622
MIST,2022-05-21,s09_short_squeeze_candidate,2022-05-13,33.46,-0.2673
MLEC,2024-09-07,s09_short_squeeze_candidate,2024-08-30,21.95,-0.2658
MLTX,2022-07-08,s09_short_squeeze_candidate,2022-06-30,25.78,-0.6038
MLTX,2024-05-23,s09_short_squeeze_candidate,2024-05-15,26.28,-0.3222
MLYS,2023-10-21,s09_short_squeeze_candidate,2023-10-13,20.15,-0.4004
MNOV,2022-01-22,s09_short_squeeze_candidate,2022-01-14,22.61,-0.4299
MNTK,2021-08-07,s09_short_squeeze_candidate,2021-07-30,22.67,-0.3089
MNTK,2023-01-21,s09_short_squeeze_candidate,2023-01-13,22.97,-0.3585
MNTK,2023-05-23,s09_short_squeeze_candidate,2023-05-15,20.42,-0.3911
MODD,2022-12-23,s09_short_squeeze_candidate,2022-12-15,22.21,-0.4029
MOGU,2025-12-06,s09_short_squeeze_candidate,2025-11-28,21.66,-0.4654
MOLN,2023-10-21,s09_short_squeeze_candidate,2023-10-13,34.51,-0.3492
MOND,2024-01-20,s09_short_squeeze_candidate,2024-01-12,21.89,-0.5769
MOND,2024-10-23,s09_short_squeeze_candidate,2024-10-15,35.51,-0.6326
MPAA,2023-02-08,s09_short_squeeze_candidate,2023-01-31,25.59,-0.2661
MPU,2024-06-22,s09_short_squeeze_candidate,2024-06-14,43.14,-0.3448
MPU,2026-01-23,s09_short_squeeze_candidate,2026-01-15,34.34,-0.3284
MREO,2022-12-08,s09_short_squeeze_candidate,2022-11-30,22.16,-0.3088
MVIS,2022-09-23,s09_short_squeeze_candidate,2022-09-15,21.79,-0.2587
MVIS,2022-12-23,s09_short_squeeze_candidate,2022-12-15,29.6,-0.3765
MVIS,2023-04-22,s09_short_squeeze_candidate,2023-04-14,28.86,-0.3493
MVIS,2023-09-08,s09_short_squeeze_candidate,2023-08-31,20.52,-0.6706
MVIS,2024-06-22,s09_short_squeeze_candidate,2024-06-14,21.23,-0.462
MVIS,2024-09-21,s09_short_squeeze_candidate,2024-09-13,33.92,-0.2721
MVIS,2025-05-08,s09_short_squeeze_candidate,2025-04-30,20.52,-0.3543
MVIS,2026-01-23,s09_short_squeeze_candidate,2026-01-15,22.09,-0.2541
MVST,2022-06-08,s09_short_squeeze_candidate,2022-05-31,21.17,-0.472
MYPSW,2022-10-22,s09_short_squeeze_candidate,2022-10-14,91.84,-0.4831
MYPSW,2024-05-08,s09_short_squeeze_candidate,2024-04-30,26.37,-0.6213
NAMSW,2023-03-23,s09_short_squeeze_candidate,2023-03-15,28.1,-0.3
NAUT,2023-09-08,s09_short_squeeze_candidate,2023-08-31,26.35,-0.2854
NBTX,2024-08-08,s09_short_squeeze_candidate,2024-07-31,36.35,-0.2585
NEWT,2023-10-21,s09_short_squeeze_candidate,2023-10-13,22.57,-0.2991
NGNE,2026-01-23,s09_short_squeeze_candidate,2026-01-15,20.17,-0.4729
NMRD,2022-12-08,s09_short_squeeze_candidate,2022-11-30,20.47,-0.3035
NNBR,2022-10-08,s09_short_squeeze_candidate,2022-09-30,24.11,-0.4103
NNBR,2023-09-08,s09_short_squeeze_candidate,2023-08-31,25.36,-0.327
NNVC,2023-09-23,s09_short_squeeze_candidate,2023-09-15,22.19,-0.2544
NOTE,2024-09-07,s09_short_squeeze_candidate,2024-08-30,30.69,-0.3564
NPCE,2021-10-23,s09_short_squeeze_candidate,2021-10-15,21.65,-0.3551
NPCE,2022-06-08,s09_short_squeeze_candidate,2022-05-31,24.71,-0.2984
NPCE,2022-09-08,s09_short_squeeze_candidate,2022-08-31,30.31,-0.3254
NPCE,2022-12-23,s09_short_squeeze_candidate,2022-12-15,20.5,-0.5985
NRGV,2024-03-08,s09_short_squeeze_candidate,2024-02-29,21.0,-0.3563
NRGV,2024-06-08,s09_short_squeeze_candidate,2024-05-31,22.38,-0.3417
NRGV,2024-09-07,s09_short_squeeze_candidate,2024-08-30,42.81,-0.2937
NRGV,2025-02-22,s09_short_squeeze_candidate,2025-02-14,27.09,-0.3557
NRGV,2025-06-07,s09_short_squeeze_candidate,2025-05-30,21.3,-0.3597
NRIX,2023-09-08,s09_short_squeeze_candidate,2023-08-31,28.71,-0.2679
NRIX,2026-03-07,s09_short_squeeze_candidate,2026-02-27,20.29,-0.2562
NRXP,2023-05-06,s09_short_squeeze_candidate,2023-04-28,20.56,-0.5352
NTRBW,2022-12-23,s09_short_squeeze_candidate,2022-12-15,31.34,-0.4341
NUVB,2022-05-21,s09_short_squeeze_candidate,2022-05-13,26.77,-0.3009
NUVB,2022-09-08,s09_short_squeeze_candidate,2022-08-31,20.54,-0.3349
NUVL,2021-10-23,s09_short_squeeze_candidate,2021-10-15,23.38,-0.4803
NUVL,2022-04-22,s09_short_squeeze_candidate,2022-04-14,39.35,-0.3924
NVNO,2022-06-08,s09_short_squeeze_candidate,2022-05-31,22.65,-0.3708
NVNO,2022-10-22,s09_short_squeeze_candidate,2022-10-14,29.37,-0.266
NVNO,2023-01-21,s09_short_squeeze_candidate,2023-01-13,27.35,-0.2536
NYAX,2023-04-22,s09_short_squeeze_candidate,2023-04-14,35.35,-0.2768
OABI,2025-01-23,s09_short_squeeze_candidate,2025-01-15,21.45,-0.3032
OABI,2025-09-23,s09_short_squeeze_candidate,2025-09-15,20.23,-0.2682
OAKUR,2024-11-08,s09_short_squeeze_candidate,2024-10-31,82.3,-0.5442
OAKUR,2025-02-08,s09_short_squeeze_candidate,2025-01-31,25.32,-0.4737
OBIO,2023-11-08,s09_short_squeeze_candidate,2023-10-31,20.35,-0.5645
OBIO,2024-03-08,s09_short_squeeze_candidate,2024-02-29,21.49,-0.397
OBIO,2024-09-21,s09_short_squeeze_candidate,2024-09-13,25.07,-0.3264
OCG,2025-10-08,s09_short_squeeze_candidate,2025-09-30,26.95,-0.4127
OCGN,2025-12-06,s09_short_squeeze_candidate,2025-11-28,20.54,-0.3224
OKUR,2025-03-08,s09_short_squeeze_candidate,2025-02-28,33.67,-0.662
OM,2022-02-23,s09_short_squeeze_candidate,2022-02-15,21.02,-0.3159
OMER,2021-12-08,s09_short_squeeze_candidate,2021-11-30,20.07,-0.5514
OMER,2022-10-22,s09_short_squeeze_candidate,2022-10-14,25.39,-0.5429
OMER,2023-07-22,s09_short_squeeze_candidate,2023-07-14,37.78,-0.3184
OMER,2023-10-21,s09_short_squeeze_candidate,2023-10-13,23.27,-0.6011
OMER,2025-02-08,s09_short_squeeze_candidate,2025-01-31,20.18,-0.2905
OMER,2026-03-07,s09_short_squeeze_candidate,2026-02-27,21.18,-0.2986
OMEX,2022-08-06,s09_short_squeeze_candidate,2022-07-29,26.75,-0.4959
OMEX,2024-09-07,s09_short_squeeze_candidate,2024-08-30,20.29,-0.2775
ONDS,2022-10-22,s09_short_squeeze_candidate,2022-10-14,21.05,-0.3743
OPAD,2023-04-08,s09_short_squeeze_candidate,2023-03-31,25.23,-0.5457
OPAD,2023-11-08,s09_short_squeeze_candidate,2023-10-31,32.73,-0.3903
OPAD,2024-05-23,s09_short_squeeze_candidate,2024-05-15,22.03,-0.3402
OPAD,2025-01-23,s09_short_squeeze_candidate,2025-01-15,20.19,-0.3829
OPAD,2025-05-23,s09_short_squeeze_candidate,2025-05-15,34.67,-0.5592
OPK,2022-10-22,s09_short_squeeze_candidate,2022-10-14,21.13,-0.3616
OPTT,2022-12-08,s09_short_squeeze_candidate,2022-11-30,26.71,-0.4
OPTT,2023-03-23,s09_short_squeeze_candidate,2023-03-15,25.13,-0.2895
ORGO,2026-02-07,s09_short_squeeze_candidate,2026-01-30,20.65,-0.3884
ORIC,2021-08-07,s09_short_squeeze_candidate,2021-07-30,24.61,-0.3429
ORIC,2021-12-08,s09_short_squeeze_candidate,2021-11-30,22.48,-0.4512
ORIC,2022-08-06,s09_short_squeeze_candidate,2022-07-29,21.88,-0.3015
ORIC,2022-11-08,s09_short_squeeze_candidate,2022-10-31,49.07,-0.4529
ORIC,2023-03-08,s09_short_squeeze_candidate,2023-02-28,27.72,-0.3437
ORIC,2024-05-08,s09_short_squeeze_candidate,2024-04-30,22.25,-0.4492
ORIC,2025-03-22,s09_short_squeeze_candidate,2025-03-14,28.07,-0.3788
ORLA,2022-07-23,s09_short_squeeze_candidate,2022-07-15,26.24,-0.5161
OST,2025-10-08,s09_short_squeeze_candidate,2025-09-30,999.99,-0.5916
OTLK,2022-07-08,s09_short_squeeze_candidate,2022-06-30,22.63,-0.4925
OTLY,2024-09-07,s09_short_squeeze_candidate,2024-08-30,25.1,-0.2538
OWLT,2022-11-08,s09_short_squeeze_candidate,2022-10-31,24.75,-0.6008
OWLT,2024-05-08,s09_short_squeeze_candidate,2024-04-30,22.35,-0.2869
OYSER,2026-03-07,s09_short_squeeze_candidate,2026-02-27,55.25,-0.2857
PAR,2021-08-07,s09_short_squeeze_candidate,2021-07-30,21.23,-0.258
PAR,2022-10-22,s09_short_squeeze_candidate,2022-10-14,25.23,-0.3834
PASG,2024-06-22,s09_short_squeeze_candidate,2024-06-14,24.13,-0.3354
PAVM,2023-03-23,s09_short_squeeze_candidate,2023-03-15,20.5,-0.3207
PAY,2022-07-23,s09_short_squeeze_candidate,2022-07-15,50.09,-0.2969
PC,2025-11-22,s09_short_squeeze_candidate,2025-11-14,999.99,-0.2593
PCT,2023-10-21,s09_short_squeeze_candidate,2023-10-13,21.45,-0.5895
PCT,2025-01-23,s09_short_squeeze_candidate,2025-01-15,20.14,-0.3294
PCTTU,2022-08-06,s09_short_squeeze_candidate,2022-07-29,31.1,-0.3231
PCTTU,2025-09-23,s09_short_squeeze_candidate,2025-09-15,22.56,-0.2537
PCTTU,2026-01-23,s09_short_squeeze_candidate,2026-01-15,44.82,-0.4534
PDSB,2025-02-08,s09_short_squeeze_candidate,2025-01-31,21.4,-0.5015
PEPG,2024-11-08,s09_short_squeeze_candidate,2024-10-31,22.11,-0.33
PERF,2023-04-08,s09_short_squeeze_candidate,2023-03-31,37.59,-0.2525
PETS,2025-09-06,s09_short_squeeze_candidate,2025-08-29,25.72,-0.2673
PGEN,2021-07-23,s09_short_squeeze_candidate,2021-07-15,25.63,-0.3102
PGEN,2024-09-07,s09_short_squeeze_candidate,2024-08-30,21.49,-0.4149
PHAT,2021-12-23,s09_short_squeeze_candidate,2021-12-15,28.35,-0.4318
PHAT,2022-05-07,s09_short_squeeze_candidate,2022-04-29,25.61,-0.3431
PHAT,2022-08-06,s09_short_squeeze_candidate,2022-07-29,34.06,-0.3705
PHAT,2024-05-08,s09_short_squeeze_candidate,2024-04-30,24.82,-0.2506
PHOE,2025-12-06,s09_short_squeeze_candidate,2025-11-28,28.56,-0.3593
PHVS,2021-07-08,s09_short_squeeze_candidate,2021-06-30,46.49,-0.3704
PIII,2022-02-23,s09_short_squeeze_candidate,2022-02-15,31.86,-0.5376
PIII,2022-07-23,s09_short_squeeze_candidate,2022-07-15,61.14,-0.4501
PIII,2022-10-22,s09_short_squeeze_candidate,2022-10-14,82.51,-0.2508
PIII,2023-04-22,s09_short_squeeze_candidate,2023-04-14,22.49,-0.2679
PLRX,2021-08-07,s09_short_squeeze_candidate,2021-07-30,21.02,-0.422
PLRX,2021-11-06,s09_short_squeeze_candidate,2021-10-29,40.31,-0.3125
PLRX,2022-02-23,s09_short_squeeze_candidate,2022-02-15,25.02,-0.2908
PLSE,2021-07-08,s09_short_squeeze_candidate,2021-06-30,21.57,-0.3063
PLSE,2022-01-08,s09_short_squeeze_candidate,2021-12-31,21.2,-0.393
PLSE,2022-08-06,s09_short_squeeze_candidate,2022-07-29,28.29,-0.4388
PLSE,2023-11-08,s09_short_squeeze_candidate,2023-10-31,24.85,-0.4606
PLSE,2024-05-08,s09_short_squeeze_candidate,2024-04-30,21.12,-0.3226
PLX,2022-03-08,s09_short_squeeze_candidate,2022-02-28,21.61,-0.25
PMVP,2022-11-08,s09_short_squeeze_candidate,2022-10-31,23.84,-0.2835
PMVP,2023-02-08,s09_short_squeeze_candidate,2023-01-31,22.34,-0.3284
PMVP,2023-05-23,s09_short_squeeze_candidate,2023-05-15,26.05,-0.2711
POLA,2022-05-21,s09_short_squeeze_candidate,2022-05-13,21.29,-0.5626
POLA,2022-11-23,s09_short_squeeze_candidate,2022-11-15,25.53,-0.3659
POLA,2023-02-23,s09_short_squeeze_candidate,2023-02-15,21.0,-0.2554
POLA,2023-11-23,s09_short_squeeze_candidate,2023-11-15,25.37,-0.4323
PPBT,2022-06-23,s09_short_squeeze_candidate,2022-06-15,21.18,-0.3831
PPBT,2022-10-22,s09_short_squeeze_candidate,2022-10-14,33.57,-0.2639
PPBT,2023-02-08,s09_short_squeeze_candidate,2023-01-31,24.73,-0.2673
PPBT,2023-09-23,s09_short_squeeze_candidate,2023-09-15,20.27,-0.2628
PRCH,2024-10-23,s09_short_squeeze_candidate,2024-10-15,22.66,-0.3128
PRLD,2021-07-23,s09_short_squeeze_candidate,2021-07-15,22.04,-0.3675
PRLD,2021-11-23,s09_short_squeeze_candidate,2021-11-15,23.57,-0.5899
PRLD,2022-03-23,s09_short_squeeze_candidate,2022-03-15,22.52,-0.4792
PRLD,2022-10-22,s09_short_squeeze_candidate,2022-10-14,34.46,-0.2551
PRLD,2023-01-21,s09_short_squeeze_candidate,2023-01-13,27.71,-0.2929
PRLD,2023-08-23,s09_short_squeeze_candidate,2023-08-15,30.47,-0.4016
PRME,2024-08-08,s09_short_squeeze_candidate,2024-07-31,23.09,-0.3014
PRME,2025-02-08,s09_short_squeeze_candidate,2025-01-31,23.82,-0.3622
PROF,2023-04-08,s09_short_squeeze_candidate,2023-03-31,20.23,-0.2999
PROF,2023-10-21,s09_short_squeeze_candidate,2023-10-13,24.81,-0.2824
PROK,2023-09-08,s09_short_squeeze_candidate,2023-08-31,24.28,-0.344
PROK,2023-12-23,s09_short_squeeze_candidate,2023-12-15,23.97,-0.7234
PROK,2024-03-23,s09_short_squeeze_candidate,2024-03-15,20.96,-0.3349
PROK,2024-07-23,s09_short_squeeze_candidate,2024-07-15,24.25,-0.431
PROK,2024-10-23,s09_short_squeeze_candidate,2024-10-15,21.0,-0.2967
PROK,2025-01-23,s09_short_squeeze_candidate,2025-01-15,20.38,-0.2651
PROK,2025-05-23,s09_short_squeeze_candidate,2025-05-15,25.52,-0.472
PRTA,2025-01-23,s09_short_squeeze_candidate,2025-01-15,20.2,-0.2768
PRTC,2021-07-23,s09_short_squeeze_candidate,2021-07-15,56.83,-0.2526
QIWI,2022-03-23,s09_short_squeeze_candidate,2022-03-15,999.99,-0.3193
QMMM,2025-10-23,s09_short_squeeze_candidate,2025-10-15,999.99,-0.4232
QNCX,2022-10-22,s09_short_squeeze_candidate,2022-10-14,22.1,-0.5485
QNCX,2024-04-23,s09_short_squeeze_candidate,2024-04-15,22.46,-0.2821
QNCX,2024-07-23,s09_short_squeeze_candidate,2024-07-15,29.02,-0.3243
QNCX,2025-02-08,s09_short_squeeze_candidate,2025-01-31,23.32,-0.2546
RAIL,2023-06-08,s09_short_squeeze_candidate,2023-05-31,22.74,-0.2586
RANI,2023-07-08,s09_short_squeeze_candidate,2023-06-30,20.18,-0.2616
RANI,2023-11-23,s09_short_squeeze_candidate,2023-11-15,25.56,-0.5146
RANI,2024-07-23,s09_short_squeeze_candidate,2024-07-15,23.52,-0.4917
RAPP,2025-05-23,s09_short_squeeze_candidate,2025-05-15,22.97,-0.3865
RCEL,2025-08-08,s09_short_squeeze_candidate,2025-07-31,22.4,-0.4403
RCKT,2021-10-08,s09_short_squeeze_candidate,2021-09-30,23.62,-0.3896
RCKT,2022-03-08,s09_short_squeeze_candidate,2022-02-28,20.26,-0.2985
RDACU,2026-03-07,s09_short_squeeze_candidate,2026-02-27,306.0,-0.3227
RDVT,2022-03-08,s09_short_squeeze_candidate,2022-02-28,25.09,-0.3663
RDVT,2022-07-23,s09_short_squeeze_candidate,2022-07-15,21.94,-0.2904
RDVT,2022-10-22,s09_short_squeeze_candidate,2022-10-14,30.81,-0.3389
RDVT,2023-04-22,s09_short_squeeze_candidate,2023-04-14,31.11,-0.3384
RDW,2023-11-08,s09_short_squeeze_candidate,2023-10-31,20.11,-0.3495
REFR,2022-06-08,s09_short_squeeze_candidate,2022-05-31,38.41,-0.2822
REFR,2023-04-08,s09_short_squeeze_candidate,2023-03-31,36.45,-0.2533
REFR,2023-10-21,s09_short_squeeze_candidate,2023-10-13,26.12,-0.3195
REKR,2024-09-21,s09_short_squeeze_candidate,2024-09-13,21.26,-0.402
RENT,2022-03-23,s09_short_squeeze_candidate,2022-03-15,24.19,-0.4733
RENT,2026-03-07,s09_short_squeeze_candidate,2026-02-27,22.98,-0.3642
RGC,2022-10-22,s09_short_squeeze_candidate,2022-10-14,56.96,-0.2646
RGS,2021-07-23,s09_short_squeeze_candidate,2021-07-15,34.32,-0.3971
RGS,2022-10-22,s09_short_squeeze_candidate,2022-10-14,25.53,-0.372
RILYZ,2025-06-07,s09_short_squeeze_candidate,2025-05-30,38.34,-0.5422
RLAY,2022-02-08,s09_short_squeeze_candidate,2022-01-31,20.15,-0.4024
RLAY,2022-06-08,s09_short_squeeze_candidate,2022-05-31,25.23,-0.5333
RLAY,2023-07-22,s09_short_squeeze_candidate,2023-07-14,20.98,-0.3288
RLMD,2024-05-23,s09_short_squeeze_candidate,2024-05-15,22.33,-0.4882
RLYB,2023-05-06,s09_short_squeeze_candidate,2023-04-28,39.27,-0.384
RLYB,2023-08-08,s09_short_squeeze_candidate,2023-07-31,20.27,-0.3273
RLYB,2023-11-08,s09_short_squeeze_candidate,2023-10-31,53.93,-0.3
RNAC,2024-08-23,s09_short_squeeze_candidate,2024-08-15,21.57,-0.605
RNAC,2025-05-23,s09_short_squeeze_candidate,2025-05-15,28.72,-0.4698
RSVR,2022-07-23,s09_short_squeeze_candidate,2022-07-15,22.71,-0.3394
RSVR,2022-10-22,s09_short_squeeze_candidate,2022-10-14,23.93,-0.3843
RUM,2024-10-08,s09_short_squeeze_candidate,2024-09-30,20.33,-0.2524
RVMD,2021-07-23,s09_short_squeeze_candidate,2021-07-15,31.42,-0.3171
RVMD,2022-02-23,s09_short_squeeze_candidate,2022-02-15,21.43,-0.2846
RVP,2022-02-23,s09_short_squeeze_candidate,2022-02-15,21.38,-0.4537
RVPH,2024-07-06,s09_short_squeeze_candidate,2024-06-28,32.43,-0.6623
RXRX,2021-08-07,s09_short_squeeze_candidate,2021-07-30,21.91,-0.2657
RXRX,2022-02-23,s09_short_squeeze_candidate,2022-02-15,21.33,-0.4257
RXRX,2023-02-08,s09_short_squeeze_candidate,2023-01-31,20.79,-0.3441
SAFE,2023-04-08,s09_short_squeeze_candidate,2023-03-31,34.28,-0.5003
SANA,2022-08-06,s09_short_squeeze_candidate,2022-07-29,20.7,-0.2611
SANA,2022-11-08,s09_short_squeeze_candidate,2022-10-31,27.78,-0.3216
SANA,2023-10-07,s09_short_squeeze_candidate,2023-09-29,20.9,-0.3788
SANA,2024-07-23,s09_short_squeeze_candidate,2024-07-15,21.04,-0.3908
SANA,2024-10-23,s09_short_squeeze_candidate,2024-10-15,30.3,-0.3531
SANA,2025-05-08,s09_short_squeeze_candidate,2025-04-30,21.06,-0.4556
SANG,2022-03-23,s09_short_squeeze_candidate,2022-03-15,26.33,-0.3473
SANG,2023-04-22,s09_short_squeeze_candidate,2023-04-14,53.04,-0.3945
SATL,2022-08-06,s09_short_squeeze_candidate,2022-07-29,24.95,-0.5344
SATL,2023-02-08,s09_short_squeeze_candidate,2023-01-31,21.18,-0.3302
SATS,2022-07-23,s09_short_squeeze_candidate,2022-07-15,30.66,-0.2564
SCOR,2023-10-21,s09_short_squeeze_candidate,2023-10-13,20.0,-0.3176
SCWO,2023-09-08,s09_short_squeeze_candidate,2023-08-31,22.7,-0.5614
SCWO,2023-12-08,s09_short_squeeze_candidate,2023-11-30,26.06,-0.3646
SCWO,2025-05-08,s09_short_squeeze_candidate,2025-04-30,22.33,-0.4107
SDM,2025-10-23,s09_short_squeeze_candidate,2025-10-15,999.99,-0.9288
SEATW,2022-07-23,s09_short_squeeze_candidate,2022-07-15,525.42,-0.3173
SENS,2022-04-22,s09_short_squeeze_candidate,2022-04-14,20.21,-0.5364
SENS,2022-07-23,s09_short_squeeze_candidate,2022-07-15,32.36,-0.3314
SENS,2022-10-22,s09_short_squeeze_candidate,2022-10-14,26.93,-0.4933
SENS,2023-10-21,s09_short_squeeze_candidate,2023-10-13,32.09,-0.4752
SENS,2024-01-20,s09_short_squeeze_candidate,2024-01-12,22.7,-0.2532
SENS,2024-06-08,s09_short_squeeze_candidate,2024-05-31,30.02,-0.312
SERA,2023-11-08,s09_short_squeeze_candidate,2023-10-31,22.78,-0.4271
SES,2023-01-21,s09_short_squeeze_candidate,2023-01-13,22.42,-0.4311
SGLY,2022-07-23,s09_short_squeeze_candidate,2022-07-15,23.73,-0.5095
SGML,2024-07-23,s09_short_squeeze_candidate,2024-07-15,20.09,-0.3303
SGML,2025-02-08,s09_short_squeeze_candidate,2025-01-31,22.24,-0.2662
SIEB,2022-08-06,s09_short_squeeze_candidate,2022-07-29,29.84,-0.2571
SIEB,2026-05-08,s09_short_squeeze_candidate,2026-04-30,20.86,-0.4108
SION,2025-05-08,s09_short_squeeze_candidate,2025-04-30,23.14,-0.5188
SKE,2023-06-23,s09_short_squeeze_candidate,2023-06-15,25.78,-0.3123
SKE,2024-02-23,s09_short_squeeze_candidate,2024-02-15,20.98,-0.265
SKIL,2023-05-23,s09_short_squeeze_candidate,2023-05-15,20.83,-0.3024
SKIN,2025-12-06,s09_short_squeeze_candidate,2025-11-28,27.77,-0.4373
SKIN,2026-03-07,s09_short_squeeze_candidate,2026-02-27,21.63,-0.3459
SKLZ,2025-12-06,s09_short_squeeze_candidate,2025-11-28,21.56,-0.3582
SKLZ,2026-03-07,s09_short_squeeze_candidate,2026-02-27,35.08,-0.4295
SKYH,2022-09-23,s09_short_squeeze_candidate,2022-09-15,23.12,-0.2775
SKYH,2022-12-23,s09_short_squeeze_candidate,2022-12-15,26.77,-0.3198
SKYH,2023-05-06,s09_short_squeeze_candidate,2023-04-28,28.95,-0.2809
SKYQ,2025-09-06,s09_short_squeeze_candidate,2025-08-29,32.73,-0.4511
SKYX,2023-10-21,s09_short_squeeze_candidate,2023-10-13,20.27,-0.4643
SKYX,2024-05-23,s09_short_squeeze_candidate,2024-05-15,26.68,-0.3032
SKYX,2024-09-21,s09_short_squeeze_candidate,2024-09-13,21.37,-0.2598
SLDB,2021-09-23,s09_short_squeeze_candidate,2021-09-15,22.75,-0.3522
SLSN,2025-09-06,s09_short_squeeze_candidate,2025-08-29,20.09,-0.2975
SLSN,2025-12-06,s09_short_squeeze_candidate,2025-11-28,23.55,-0.4748
SLSN,2026-03-07,s09_short_squeeze_candidate,2026-02-27,43.39,-0.4208
SLSR,2024-08-23,s09_short_squeeze_candidate,2024-08-15,25.84,-0.4118
SMMT,2022-08-06,s09_short_squeeze_candidate,2022-07-29,20.04,-0.3082
SND,2021-09-23,s09_short_squeeze_candidate,2021-09-15,25.65,-0.3237
SND,2021-12-23,s09_short_squeeze_candidate,2021-12-15,24.64,-0.3208
SNTG,2022-10-22,s09_short_squeeze_candidate,2022-10-14,21.02,-0.542
SOS,2026-05-23,s09_short_squeeze_candidate,2026-05-15,29.49,-0.3082
SPRO,2022-03-08,s09_short_squeeze_candidate,2022-02-28,22.98,-0.4004
SPRU,2024-06-08,s09_short_squeeze_candidate,2024-05-31,20.8,-0.2806
SPRU,2025-06-21,s09_short_squeeze_candidate,2025-06-13,31.82,-0.284
SPRU,2026-03-07,s09_short_squeeze_candidate,2026-02-27,21.73,-0.3762
SPRY,2026-03-07,s09_short_squeeze_candidate,2026-02-27,32.31,-0.2894
SRAD,2022-07-23,s09_short_squeeze_candidate,2022-07-15,27.73,-0.4274
SRFM,2023-11-08,s09_short_squeeze_candidate,2023-10-31,20.31,-0.5041
SRG,2024-07-23,s09_short_squeeze_candidate,2024-07-15,20.52,-0.4335
SRG,2025-05-08,s09_short_squeeze_candidate,2025-04-30,23.04,-0.2506
SRL,2026-06-06,s09_short_squeeze_candidate,2026-05-29,999.99,-0.3264
SRRK,2021-12-23,s09_short_squeeze_candidate,2021-12-15,22.91,-0.3622
SRRK,2023-04-22,s09_short_squeeze_candidate,2023-04-14,20.46,-0.3703
SRRK,2024-02-08,s09_short_squeeze_candidate,2024-01-31,20.17,-0.3135
SRRK,2024-07-23,s09_short_squeeze_candidate,2024-07-15,24.33,-0.4
SRZN,2021-11-06,s09_short_squeeze_candidate,2021-10-29,22.64,-0.4181
SRZN,2022-06-08,s09_short_squeeze_candidate,2022-05-31,23.9,-0.3168
SRZN,2022-09-08,s09_short_squeeze_candidate,2022-08-31,48.91,-0.272
SRZN,2025-03-22,s09_short_squeeze_candidate,2025-03-14,26.85,-0.319
SSKN,2022-10-22,s09_short_squeeze_candidate,2022-10-14,33.89,-0.2712
SSKN,2023-10-21,s09_short_squeeze_candidate,2023-10-13,31.26,-0.42
SST,2023-04-22,s09_short_squeeze_candidate,2023-04-14,21.05,-0.2541
SST,2024-10-23,s09_short_squeeze_candidate,2024-10-15,20.97,-0.2617
SST,2026-02-07,s09_short_squeeze_candidate,2026-01-30,23.23,-0.312
STKS,2023-12-08,s09_short_squeeze_candidate,2023-11-30,25.24,-0.3092
STKS,2024-11-08,s09_short_squeeze_candidate,2024-10-31,32.64,-0.2581
STKS,2025-11-08,s09_short_squeeze_candidate,2025-10-31,23.0,-0.2724
STOK,2023-09-08,s09_short_squeeze_candidate,2023-08-31,23.98,-0.5933
STOK,2023-12-08,s09_short_squeeze_candidate,2023-11-30,21.57,-0.3159
STRR,2023-01-21,s09_short_squeeze_candidate,2023-01-13,33.81,-0.3169
STRS,2023-01-21,s09_short_squeeze_candidate,2023-01-13,23.81,-0.2703
STTK,2023-08-08,s09_short_squeeze_candidate,2023-07-31,22.42,-0.3033
STTK,2024-08-23,s09_short_squeeze_candidate,2024-08-15,20.47,-0.5843
STTK,2025-05-23,s09_short_squeeze_candidate,2025-05-15,21.56,-0.4817
SURG,2022-10-08,s09_short_squeeze_candidate,2022-09-30,23.24,-0.3477
SURG,2023-04-22,s09_short_squeeze_candidate,2023-04-14,20.19,-0.2866
SURG,2023-09-23,s09_short_squeeze_candidate,2023-09-15,20.71,-0.3922
SVCCW,2026-04-23,s09_short_squeeze_candidate,2026-04-15,999.99,-0.2663
SYM,2025-05-08,s09_short_squeeze_candidate,2025-04-30,23.25,-0.3021
SYPR,2024-05-23,s09_short_squeeze_candidate,2024-05-15,29.35,-0.2953
SYPR,2025-04-08,s09_short_squeeze_candidate,2025-03-31,50.1,-0.4721
SYRE,2024-08-23,s09_short_squeeze_candidate,2024-08-15,20.78,-0.3009
SYRE,2025-05-08,s09_short_squeeze_candidate,2025-04-30,21.38,-0.3617
TARA,2024-10-23,s09_short_squeeze_candidate,2024-10-15,22.3,-0.251
TARS,2021-10-08,s09_short_squeeze_candidate,2021-09-30,23.77,-0.2625
TCRT,2022-03-08,s09_short_squeeze_candidate,2022-02-28,21.43,-0.2878
TCRT,2022-06-08,s09_short_squeeze_candidate,2022-05-31,20.1,-0.4526
TCRT,2022-11-08,s09_short_squeeze_candidate,2022-10-31,26.02,-0.6883
TCRT,2023-02-08,s09_short_squeeze_candidate,2023-01-31,38.22,-0.3509
TCRT,2024-03-23,s09_short_squeeze_candidate,2024-03-15,25.04,-0.4
TCRT,2024-06-22,s09_short_squeeze_candidate,2024-06-14,67.75,-0.5208
TCX,2024-03-08,s09_short_squeeze_candidate,2024-02-29,20.43,-0.3238
TCX,2024-12-21,s09_short_squeeze_candidate,2024-12-13,23.16,-0.2784
TELA,2024-09-07,s09_short_squeeze_candidate,2024-08-30,26.23,-0.493
TENX,2025-05-08,s09_short_squeeze_candidate,2025-04-30,20.57,-0.2577
THRY,2023-10-21,s09_short_squeeze_candidate,2023-10-13,21.36,-0.2712
TIL,2021-08-07,s09_short_squeeze_candidate,2021-07-30,27.3,-0.2861
TIL,2022-02-23,s09_short_squeeze_candidate,2022-02-15,29.61,-0.4416
TIL,2022-07-23,s09_short_squeeze_candidate,2022-07-15,23.65,-0.3449
TIL,2022-10-22,s09_short_squeeze_candidate,2022-10-14,37.79,-0.3935
TJGC,2026-06-06,s09_short_squeeze_candidate,2026-05-29,999.99,-0.6667
TKLF,2026-05-08,s09_short_squeeze_candidate,2026-04-30,25.07,-0.3131
TMC,2024-10-23,s09_short_squeeze_candidate,2024-10-15,27.55,-0.2681
TNGX,2022-02-23,s09_short_squeeze_candidate,2022-02-15,20.98,-0.3125
TNGX,2024-05-08,s09_short_squeeze_candidate,2024-04-30,24.7,-0.4022
TNGX,2025-05-08,s09_short_squeeze_candidate,2025-04-30,21.63,-0.5791
TNYA,2022-03-23,s09_short_squeeze_candidate,2022-03-15,20.54,-0.4625
TNYA,2022-06-23,s09_short_squeeze_candidate,2022-06-15,43.86,-0.6147
TOI,2022-02-23,s09_short_squeeze_candidate,2022-02-15,20.59,-0.4216
TOI,2022-08-06,s09_short_squeeze_candidate,2022-07-29,24.79,-0.3468
TOON,2023-10-07,s09_short_squeeze_candidate,2023-09-29,20.27,-0.4118
TRAK,2025-08-23,s09_short_squeeze_candidate,2025-08-15,25.87,-0.2714
TRDA,2022-02-08,s09_short_squeeze_candidate,2022-01-31,20.78,-0.6837
TRDA,2022-05-21,s09_short_squeeze_candidate,2022-05-13,26.57,-0.6027
TRDA,2023-03-08,s09_short_squeeze_candidate,2023-02-28,23.91,-0.398
TRDA,2023-06-08,s09_short_squeeze_candidate,2023-05-31,20.96,-0.3637
TRON,2023-10-07,s09_short_squeeze_candidate,2023-09-29,82.04,-0.5663
TRON,2024-01-06,s09_short_squeeze_candidate,2023-12-29,25.74,-0.5317
TRON,2026-03-07,s09_short_squeeze_candidate,2026-02-27,22.25,-0.3555
TROO,2022-07-08,s09_short_squeeze_candidate,2022-06-30,22.64,-0.5
TROO,2024-04-23,s09_short_squeeze_candidate,2024-04-15,20.7,-0.5081
TROO,2024-11-08,s09_short_squeeze_candidate,2024-10-31,33.33,-0.5336
TROO,2026-04-23,s09_short_squeeze_candidate,2026-04-15,23.87,-0.431
TSHA,2021-08-07,s09_short_squeeze_candidate,2021-07-30,20.13,-0.3446
TSHA,2022-01-22,s09_short_squeeze_candidate,2022-01-14,27.5,-0.4594
TSHA,2024-09-07,s09_short_squeeze_candidate,2024-08-30,24.68,-0.4628
TVRD,2025-08-23,s09_short_squeeze_candidate,2025-08-15,29.44,-0.2812
TYRA,2022-02-23,s09_short_squeeze_candidate,2022-02-15,23.16,-0.5308
TYRA,2022-06-08,s09_short_squeeze_candidate,2022-05-31,34.43,-0.4631
TYRA,2022-09-08,s09_short_squeeze_candidate,2022-08-31,43.77,-0.4678
TYRA,2022-12-23,s09_short_squeeze_candidate,2022-12-15,31.38,-0.281
TYRA,2023-11-08,s09_short_squeeze_candidate,2023-10-31,20.6,-0.2516
TYRA,2025-03-08,s09_short_squeeze_candidate,2025-02-28,20.26,-0.3001
UCFI,2025-11-08,s09_short_squeeze_candidate,2025-10-31,999.99,-0.5592
UP,2025-04-08,s09_short_squeeze_candidate,2025-03-31,24.64,-0.4451
URGN,2022-02-23,s09_short_squeeze_candidate,2022-02-15,23.15,-0.4525
URGN,2024-06-08,s09_short_squeeze_candidate,2024-05-31,21.38,-0.278
USEA,2025-05-23,s09_short_squeeze_candidate,2025-05-15,24.06,-0.3218
UWMC,2023-10-07,s09_short_squeeze_candidate,2023-09-29,20.52,-0.2775
VATE,2023-08-08,s09_short_squeeze_candidate,2023-07-31,24.32,-0.4086
VATE,2023-11-08,s09_short_squeeze_candidate,2023-10-31,23.45,-0.326
VATE,2024-02-08,s09_short_squeeze_candidate,2024-01-31,27.4,-0.3333
VATE,2024-06-08,s09_short_squeeze_candidate,2024-05-31,31.52,-0.3146
VATE,2025-05-08,s09_short_squeeze_candidate,2025-04-30,25.62,-0.5056
VATE,2026-03-21,s09_short_squeeze_candidate,2026-03-13,21.1,-0.2908
VAXX,2023-11-23,s09_short_squeeze_candidate,2023-11-15,24.38,-0.5424
VCEL,2022-06-08,s09_short_squeeze_candidate,2022-05-31,20.22,-0.3728
VELO,2022-02-23,s09_short_squeeze_candidate,2022-02-15,37.6,-0.4094
VERI,2022-10-22,s09_short_squeeze_candidate,2022-10-14,22.05,-0.377
VERU,2024-08-23,s09_short_squeeze_candidate,2024-08-15,22.17,-0.4085
VGAS,2023-08-23,s09_short_squeeze_candidate,2023-08-15,23.08,-0.6112
VHC,2022-11-08,s09_short_squeeze_candidate,2022-10-31,20.53,-0.4194
VHC,2024-05-23,s09_short_squeeze_candidate,2024-05-15,27.19,-0.5108
VINC,2022-04-22,s09_short_squeeze_candidate,2022-04-14,22.57,-0.6388
VINC,2023-04-08,s09_short_squeeze_candidate,2023-03-31,26.41,-0.3113
VLDWS,2023-05-06,s09_short_squeeze_candidate,2023-04-28,21.21,-0.4
VNRX,2022-07-23,s09_short_squeeze_candidate,2022-07-15,20.13,-0.2862
VOR,2022-01-22,s09_short_squeeze_candidate,2022-01-14,25.83,-0.4939
VOR,2022-05-21,s09_short_squeeze_candidate,2022-05-13,24.72,-0.5491
VOR,2023-09-08,s09_short_squeeze_candidate,2023-08-31,45.17,-0.531
VOR,2023-12-08,s09_short_squeeze_candidate,2023-11-30,25.74,-0.3071
VRA,2025-05-23,s09_short_squeeze_candidate,2025-05-15,23.68,-0.3866
VRCA,2021-07-08,s09_short_squeeze_candidate,2021-06-30,28.74,-0.2629
VRCA,2022-01-22,s09_short_squeeze_candidate,2022-01-14,30.3,-0.3749
VRCA,2023-10-07,s09_short_squeeze_candidate,2023-09-29,20.66,-0.4789
VRDN,2023-09-08,s09_short_squeeze_candidate,2023-08-31,24.35,-0.348
VRM,2026-01-23,s09_short_squeeze_candidate,2026-01-15,32.63,-0.2869
VSSYW,2021-10-08,s09_short_squeeze_candidate,2021-09-30,22.16,-0.4412
VSSYW,2022-02-08,s09_short_squeeze_candidate,2022-01-31,94.0,-0.3556
VSSYW,2022-09-23,s09_short_squeeze_candidate,2022-09-15,131.6,-0.3154
VSSYW,2023-09-08,s09_short_squeeze_candidate,2023-08-31,29.14,-0.4828
VSSYW,2023-12-23,s09_short_squeeze_candidate,2023-12-15,49.21,-0.7619
VTVT,2022-11-08,s09_short_squeeze_candidate,2022-10-31,20.84,-0.3693
VTVT,2023-11-08,s09_short_squeeze_candidate,2023-10-31,39.79,-0.4365
VUZI,2022-09-08,s09_short_squeeze_candidate,2022-08-31,20.13,-0.263
VUZI,2022-12-08,s09_short_squeeze_candidate,2022-11-30,21.31,-0.4715
VUZI,2023-04-08,s09_short_squeeze_candidate,2023-03-31,22.52,-0.2874
VUZI,2023-08-23,s09_short_squeeze_candidate,2023-08-15,23.08,-0.2628
VXRT,2023-05-06,s09_short_squeeze_candidate,2023-04-28,23.76,-0.2636
WALDW,2023-08-08,s09_short_squeeze_candidate,2023-07-31,21.18,-0.386
WALDW,2024-03-08,s09_short_squeeze_candidate,2024-02-29,241.86,-0.407
WALDW,2024-06-08,s09_short_squeeze_candidate,2024-05-31,28.18,-0.6578
WALDW,2024-10-08,s09_short_squeeze_candidate,2024-09-30,55.91,-0.4259
WATT,2022-10-22,s09_short_squeeze_candidate,2022-10-14,21.45,-0.3453
WATT,2024-06-08,s09_short_squeeze_candidate,2024-05-31,20.24,-0.3204
WATT,2024-09-21,s09_short_squeeze_candidate,2024-09-13,23.61,-0.3125
WEST,2023-11-08,s09_short_squeeze_candidate,2023-10-31,26.37,-0.2563
WEST,2025-01-23,s09_short_squeeze_candidate,2025-01-15,20.37,-0.2736
WPRT,2025-06-07,s09_short_squeeze_candidate,2025-05-30,61.72,-0.3137
WPRT,2025-09-06,s09_short_squeeze_candidate,2025-08-29,33.03,-0.306
WRAP,2022-02-23,s09_short_squeeze_candidate,2022-02-15,20.86,-0.5026
WRAP,2022-06-08,s09_short_squeeze_candidate,2022-05-31,23.73,-0.4451
WRAP,2023-01-07,s09_short_squeeze_candidate,2022-12-30,21.04,-0.3921
WRAP,2023-04-08,s09_short_squeeze_candidate,2023-03-31,44.55,-0.3509
WRAP,2024-04-23,s09_short_squeeze_candidate,2024-04-15,22.85,-0.5799
WRAP,2025-05-23,s09_short_squeeze_candidate,2025-05-15,75.69,-0.388
WRAP,2026-03-07,s09_short_squeeze_candidate,2026-02-27,26.58,-0.4452
WRAP,2026-06-06,s09_short_squeeze_candidate,2026-05-29,29.82,-0.2543
WTF,2026-02-21,s09_short_squeeze_candidate,2026-02-13,25.47,-0.2757
WVE,2022-06-08,s09_short_squeeze_candidate,2022-05-31,20.55,-0.4466
XBIT,2023-10-21,s09_short_squeeze_candidate,2023-10-13,22.89,-0.3236
XBIT,2024-08-23,s09_short_squeeze_candidate,2024-08-15,21.94,-0.2712
XFOR,2024-09-21,s09_short_squeeze_candidate,2024-09-13,21.79,-0.297
XMTR,2021-11-06,s09_short_squeeze_candidate,2021-10-29,25.79,-0.3362
XNCR,2023-05-06,s09_short_squeeze_candidate,2023-04-28,20.97,-0.2844
XNCR,2026-02-21,s09_short_squeeze_candidate,2026-02-13,22.9,-0.3611
XOMA,2021-12-08,s09_short_squeeze_candidate,2021-11-30,20.56,-0.3479
XOMA,2022-10-22,s09_short_squeeze_candidate,2022-10-14,45.91,-0.3595
XOS,2025-02-22,s09_short_squeeze_candidate,2025-02-14,32.79,-0.3194
XOS,2026-03-21,s09_short_squeeze_candidate,2026-03-13,22.44,-0.2842
XTNT,2023-06-08,s09_short_squeeze_candidate,2023-05-31,27.52,-0.4746
XXII,2023-03-08,s09_short_squeeze_candidate,2023-02-28,23.08,-0.2529
YALA,2023-04-22,s09_short_squeeze_candidate,2023-04-14,25.97,-0.2752
YCBD,2023-11-08,s09_short_squeeze_candidate,2023-10-31,23.12,-0.5903
YHGJ,2025-07-23,s09_short_squeeze_candidate,2025-07-15,29.15,-0.3113
ZBIO,2025-02-22,s09_short_squeeze_candidate,2025-02-14,21.07,-0.5381
ZBIO,2026-03-21,s09_short_squeeze_candidate,2026-03-13,22.25,-0.4431
ZCMD,2025-08-23,s09_short_squeeze_candidate,2025-08-15,41.48,-0.3741
ZIVO,2022-05-07,s09_short_squeeze_candidate,2022-04-29,28.31,-0.2506
ZNTL,2023-12-08,s09_short_squeeze_candidate,2023-11-30,21.09,-0.5855
ZURA,2025-03-08,s09_short_squeeze_candidate,2025-02-28,20.86,-0.5278
