ticker,event_date,setup_type,adsh,company_name
A,2023-01-09,s11_buyback_announcement,0000950170-23-000508,"AGILENT TECHNOLOGIES, INC.  (A)  (CIK 0001090872)"
A,2024-09-03,s11_buyback_announcement,0001090872-24-000036,"AGILENT TECHNOLOGIES, INC.  (A)  (CIK 0001090872)"
A,2025-03-03,s11_buyback_announcement,0001090872-25-000010,"AGILENT TECHNOLOGIES, INC.  (A)  (CIK 0001090872)"
ABT,2024-10-16,s11_buyback_announcement,0001628280-24-042893,ABBOTT LABORATORIES  (ABT)  (CIK 0000001800)
ABX,2023-12-12,s11_buyback_announcement,0001814287-23-000053,"Abacus Life, Inc.  (ABL, ABLLL, ABLLW)  (CIK 0001814287)"
ABX,2025-11-07,s11_buyback_announcement,0001628280-25-050621,"Abacus Global Management, Inc.  (ABL, ABLLL)  (CIK 0001814287)"
ABX,2026-01-30,s11_buyback_announcement,0001628280-26-004416,"Abacus Global Management, Inc.  (ABX, ABXL)  (CIK 0001814287)"
ACNT,2025-02-18,s11_buyback_announcement,0000095953-25-000002,ASCENT INDUSTRIES CO.  (ACNT)  (CIK 0000095953)
ACNT,2025-12-19,s11_buyback_announcement,0000095953-25-000132,ASCENT INDUSTRIES CO.  (ACNT)  (CIK 0000095953)
ACT,2023-08-01,s11_buyback_announcement,0001823529-23-000154,"Enact Holdings, Inc.  (ACT)  (CIK 0001823529)"
ACT,2023-11-01,s11_buyback_announcement,0001823529-23-000208,"Enact Holdings, Inc.  (ACT)  (CIK 0001823529)"
ACT,2024-05-01,s11_buyback_announcement,0001823529-24-000101,"Enact Holdings, Inc.  (ACT)  (CIK 0001823529)"
ACT,2024-07-31,s11_buyback_announcement,0001823529-24-000157,"Enact Holdings, Inc.  (ACT)  (CIK 0001823529)"
ACT,2025-04-30,s11_buyback_announcement,0001823529-25-000121,"Enact Holdings, Inc.  (ACT)  (CIK 0001823529)"
ACT,2026-02-03,s11_buyback_announcement,0001823529-26-000003,"Enact Holdings, Inc.  (ACT)  (CIK 0001823529)"
ACTG,2022-03-31,s11_buyback_announcement,0000934549-22-000004,ACACIA RESEARCH CORP  (ACTG)  (CIK 0000934549)
ACTG,2022-05-12,s11_buyback_announcement,0000934549-22-000025,ACACIA RESEARCH CORP  (ACTG)  (CIK 0000934549)
ACTG,2022-08-11,s11_buyback_announcement,0000934549-22-000041,ACACIA RESEARCH CORP  (ACTG)  (CIK 0000934549)
ADBE,2024-03-14,s11_buyback_announcement,0000796343-24-000057,ADOBE INC.  (ADBE)  (CIK 0000796343)
ADBE,2026-04-21,s11_buyback_announcement,0000796343-26-000101,ADOBE INC.  (ADBE)  (CIK 0000796343)
AEI,2025-06-23,s11_buyback_announcement,0001641172-25-016118,Alset Inc.  (AEI)  (CIK 0001750106)
AESI,2024-10-28,s11_buyback_announcement,0000950170-24-117759,Atlas Energy Solutions Inc.  (AESI)  (CIK 0001984060)
AFG,2025-12-05,s11_buyback_announcement,0001140361-25-044459,"AMERICAN FINANCIAL GROUP INC  (AFG, AFGB, AFGC, AFGD, AFGE)  (CIK 0001042046)"
AGCO,2025-07-09,s11_buyback_announcement,0000880266-25-000031,AGCO CORP /DE  (AGCO)  (CIK 0000880266)
AGCO,2025-07-31,s11_buyback_announcement,0000880266-25-000042,AGCO CORP /DE  (AGCO)  (CIK 0000880266)
AIN,2025-02-26,s11_buyback_announcement,0000819793-25-000006,ALBANY INTERNATIONAL CORP /DE/  (AIN)  (CIK 0000819793)
ALGN,2025-05-06,s11_buyback_announcement,0001097149-25-000030,ALIGN TECHNOLOGY INC  (ALGN)  (CIK 0001097149)
ALKS,2024-02-15,s11_buyback_announcement,0000950170-24-015597,Alkermes plc.  (ALKS)  (CIK 0001520262)
ALRM,2024-05-31,s11_buyback_announcement,0001104659-24-067141,"Alarm.com Holdings, Inc.  (ALRM)  (CIK 0001459200)"
ALRS,2023-12-14,s11_buyback_announcement,0001558370-23-019768,ALERUS FINANCIAL CORP  (ALRS)  (CIK 0000903419)
ALV,2025-06-04,s11_buyback_announcement,0000950170-25-081396,AUTOLIV INC  (ALV)  (CIK 0001034670)
AMAL,2025-03-10,s11_buyback_announcement,0001823608-25-000019,Amalgamated Financial Corp.  (AMAL)  (CIK 0001823608)
AMH,2026-02-19,s11_buyback_announcement,0001562401-26-000007,"American Homes 4 Rent  (AMH, AMH-PG, AMH-PH)  (CIK 0001562401)"
AMH,2026-05-06,s11_buyback_announcement,0001562401-26-000028,"American Homes 4 Rent  (AMH, AMH-PG, AMH-PH)  (CIK 0001562401)"
AMTB,2022-01-19,s11_buyback_announcement,0001734342-22-000002,Amerant Bancorp Inc.  (AMTB)  (CIK 0001734342)
AMTB,2022-01-31,s11_buyback_announcement,0001734342-22-000004,Amerant Bancorp Inc.  (AMTB)  (CIK 0001734342)
AMTB,2022-04-20,s11_buyback_announcement,0001734342-22-000020,Amerant Bancorp Inc.  (AMTB)  (CIK 0001734342)
AMTB,2022-12-19,s11_buyback_announcement,0001734342-22-000068,Amerant Bancorp Inc.  (AMTB)  (CIK 0001734342)
AMTB,2023-01-19,s11_buyback_announcement,0001734342-23-000005,Amerant Bancorp Inc.  (AMTB)  (CIK 0001734342)
AMTB,2026-01-22,s11_buyback_announcement,0001734342-26-000008,Amerant Bancorp Inc.  (AMTB)  (CIK 0001734342)
AMTB,2026-02-11,s11_buyback_announcement,0001734342-26-000011,Amerant Bancorp Inc.  (AMTB)  (CIK 0001734342)
ANIP,2026-05-08,s11_buyback_announcement,0001023024-26-000049,ANI PHARMACEUTICALS INC  (ANIP)  (CIK 0001023024)
APG,2025-05-01,s11_buyback_announcement,0001628280-25-021336,APi Group Corp  (APG)  (CIK 0001796209)
APO,2024-02-08,s11_buyback_announcement,0001858681-24-000005,"Apollo Global Management, Inc.  (APO, APOS, APO-PA)  (CIK 0001858681)"
APO,2024-05-02,s11_buyback_announcement,0001858681-24-000044,"Apollo Global Management, Inc.  (APO, APOS, APO-PA)  (CIK 0001858681)"
APO,2024-08-01,s11_buyback_announcement,0001858681-24-000090,"Apollo Global Management, Inc.  (APO, APOS, APO-PA)  (CIK 0001858681)"
APO,2024-11-05,s11_buyback_announcement,0001858681-24-000117,"Apollo Global Management, Inc.  (APO, APOS, APO-PA)  (CIK 0001858681)"
APO,2025-02-04,s11_buyback_announcement,0001858681-25-000010,"Apollo Global Management, Inc.  (APO, APOS, APO-PA)  (CIK 0001858681)"
APO,2025-05-02,s11_buyback_announcement,0001858681-25-000045,"Apollo Global Management, Inc.  (APO, APOS, APO-PA)  (CIK 0001858681)"
APO,2025-08-05,s11_buyback_announcement,0001858681-25-000113,"Apollo Global Management, Inc.  (APO, APOS, APO-PA)  (CIK 0001858681)"
APO,2026-02-09,s11_buyback_announcement,0001858681-26-000007,"Apollo Global Management, Inc.  (APO, APOS, APO-PA)  (CIK 0001858681)"
APO,2026-05-06,s11_buyback_announcement,0001858681-26-000021,"Apollo Global Management, Inc.  (APO, APOS, APO-PA)  (CIK 0001858681)"
AROW,2022-10-27,s11_buyback_announcement,0000717538-22-000229,ARROW FINANCIAL CORP  (AROW)  (CIK 0000717538)
AROW,2024-04-30,s11_buyback_announcement,0000717538-24-000072,ARROW FINANCIAL CORP  (AROW)  (CIK 0000717538)
ASO,2022-06-07,s11_buyback_announcement,0001817358-22-000117,"Academy Sports & Outdoors, Inc.  (ASO)  (CIK 0001817358)"
ASO,2023-11-30,s11_buyback_announcement,0001817358-23-000226,"Academy Sports & Outdoors, Inc.  (ASO)  (CIK 0001817358)"
ASO,2024-12-10,s11_buyback_announcement,0001817358-24-000194,"Academy Sports & Outdoors, Inc.  (ASO)  (CIK 0001817358)"
ASTH,2022-12-16,s11_buyback_announcement,0001628280-22-032081,"Apollo Medical Holdings, Inc.  (ASTH)  (CIK 0001083446)"
ATEX,2023-09-22,s11_buyback_announcement,0001304492-23-000056,Anterix Inc.  (ATEX)  (CIK 0001304492)
ATH-PA,2024-02-08,s11_buyback_announcement,0001527469-24-000008,"Athene Holding Ltd.  (ATHS, ATH-PA, ATH-PB, ATH-PC, ATH-PD, ATH-PE)  (CIK 0001527469)"
ATH-PA,2024-05-02,s11_buyback_announcement,0001527469-24-000031,"Athene Holding Ltd.  (ATHS, ATH-PA, ATH-PB, ATH-PC, ATH-PD, ATH-PE)  (CIK 0001527469)"
ATH-PA,2024-08-01,s11_buyback_announcement,0001527469-24-000066,"Athene Holding Ltd.  (ATHS, ATH-PA, ATH-PB, ATH-PC, ATH-PD, ATH-PE)  (CIK 0001527469)"
ATH-PA,2024-11-05,s11_buyback_announcement,0001527469-24-000086,"Athene Holding Ltd.  (ATHS, ATH-PA, ATH-PB, ATH-PC, ATH-PD, ATH-PE)  (CIK 0001527469)"
ATH-PA,2025-02-04,s11_buyback_announcement,0001527469-25-000008,"Athene Holding Ltd.  (ATHS, ATH-PA, ATH-PB, ATH-PC, ATH-PD, ATH-PE)  (CIK 0001527469)"
ATH-PA,2025-05-02,s11_buyback_announcement,0001527469-25-000029,"Athene Holding Ltd.  (ATHS, ATH-PA, ATH-PB, ATH-PC, ATH-PD, ATH-PE)  (CIK 0001527469)"
ATH-PA,2025-08-05,s11_buyback_announcement,0001527469-25-000053,"Athene Holding Ltd.  (ATHS, ATH-PA, ATH-PB, ATH-PD, ATH-PE)  (CIK 0001527469)"
ATH-PA,2026-02-09,s11_buyback_announcement,0001527469-26-000007,"Athene Holding Ltd.  (ATHS, ATH-PA, ATH-PB, ATH-PD, ATH-PE)  (CIK 0001527469)"
ATH-PA,2026-05-06,s11_buyback_announcement,0001527469-26-000024,"Athene Holding Ltd.  (ATHS, ATH-PA, ATH-PB, ATH-PD, ATH-PE)  (CIK 0001527469)"
AUBN,2022-04-12,s11_buyback_announcement,0001193125-22-102979,"AUBURN NATIONAL BANCORPORATION, INC  (AUBN)  (CIK 0000750574)"
AUBN,2026-03-17,s11_buyback_announcement,0001193125-26-111171,"AUBURN NATIONAL BANCORPORATION, INC  (AUBN)  (CIK 0000750574)"
AVGO,2022-05-26,s11_buyback_announcement,0001193125-22-160371,Broadcom Inc.  (AVGO)  (CIK 0001730168)
AVGO,2026-03-04,s11_buyback_announcement,0001730168-26-000011,Broadcom Inc.  (AVGO)  (CIK 0001730168)
AVPT,2022-03-17,s11_buyback_announcement,0001171843-22-001955,"AvePoint, Inc.  (AVPT, AVPTW)  (CIK 0001777921)"
AWRE,2022-03-01,s11_buyback_announcement,0001193125-22-061329,AWARE INC /MA/  (AWRE)  (CIK 0001015739)
AXS,2024-07-30,s11_buyback_announcement,0001214816-24-000083,"AXIS CAPITAL HOLDINGS LTD  (AXS, AXS-PE)  (CIK 0001214816)"
AXS,2025-04-30,s11_buyback_announcement,0001214816-25-000112,"AXIS CAPITAL HOLDINGS LTD  (AXS, AXS-PE)  (CIK 0001214816)"
AXS,2025-07-29,s11_buyback_announcement,0001214816-25-000148,"AXIS CAPITAL HOLDINGS LTD  (AXS, AXS-PE)  (CIK 0001214816)"
AZTA,2026-02-04,s11_buyback_announcement,0001437749-26-002876,"Azenta, Inc.  (AZTA)  (CIK 0000933974)"
BBSI,2022-03-02,s11_buyback_announcement,0001564590-22-008311,BARRETT BUSINESS SERVICES INC  (BBSI)  (CIK 0000902791)
BBSI,2022-05-04,s11_buyback_announcement,0001564590-22-017866,BARRETT BUSINESS SERVICES INC  (BBSI)  (CIK 0000902791)
BBSI,2022-08-03,s11_buyback_announcement,0001564590-22-027761,BARRETT BUSINESS SERVICES INC  (BBSI)  (CIK 0000902791)
BBSI,2022-11-02,s11_buyback_announcement,0000950170-22-021243,BARRETT BUSINESS SERVICES INC  (BBSI)  (CIK 0000902791)
BBSI,2023-08-02,s11_buyback_announcement,0000950170-23-037153,BARRETT BUSINESS SERVICES INC  (BBSI)  (CIK 0000902791)
BBW,2022-09-01,s11_buyback_announcement,0001157523-22-001175,BUILD-A-BEAR WORKSHOP INC  (BBW)  (CIK 0001113809)
BBW,2024-09-12,s11_buyback_announcement,0001437749-24-029058,BUILD-A-BEAR WORKSHOP INC  (BBW)  (CIK 0001113809)
BBWI,2024-02-29,s11_buyback_announcement,0000701985-24-000002,"Bath & Body Works, Inc.  (BBWI)  (CIK 0000701985)"
BBWI,2025-02-27,s11_buyback_announcement,0000701985-25-000005,"Bath & Body Works, Inc.  (BBWI)  (CIK 0000701985)"
BCC,2025-10-30,s11_buyback_announcement,0001328581-25-000084,BOISE CASCADE Co  (BCC)  (CIK 0001328581)
BCO,2025-12-11,s11_buyback_announcement,0000078890-25-000317,BRINKS CO  (BCO)  (CIK 0000078890)
BCPC,2025-12-10,s11_buyback_announcement,0001140361-25-045137,BALCHEM CORP  (BCPC)  (CIK 0000009326)
BFAM,2025-06-03,s11_buyback_announcement,0001437578-25-000017,BRIGHT HORIZONS FAMILY SOLUTIONS INC.  (BFAM)  (CIK 0001437578)
BFAM,2026-03-09,s11_buyback_announcement,0001193125-26-098803,BRIGHT HORIZONS FAMILY SOLUTIONS INC.  (BFAM)  (CIK 0001437578)
BHR,2022-12-08,s11_buyback_announcement,0001574085-22-000147,"Braemar Hotels & Resorts Inc.  (BHR, BHR-PB, BHR-PD)  (CIK 0001574085)"
BHR,2024-05-06,s11_buyback_announcement,0001574085-24-000087,"Braemar Hotels & Resorts Inc.  (BHR, BHR-PB, BHR-PD)  (CIK 0001574085)"
BILL,2024-08-22,s11_buyback_announcement,0001786352-24-000033,"BILL Holdings, Inc.  (BILL)  (CIK 0001786352)"
BILL,2025-08-27,s11_buyback_announcement,0001786352-25-000033,"BILL Holdings, Inc.  (BILL)  (CIK 0001786352)"
BIO,2023-07-20,s11_buyback_announcement,0000012208-23-000058,"BIO-RAD LABORATORIES, INC.  (BIO, BIO-B)  (CIK 0000012208)"
BJ,2022-03-03,s11_buyback_announcement,0001531152-22-000004,"BJ's Wholesale Club Holdings, Inc.  (BJ)  (CIK 0001531152)"
BJ,2024-11-21,s11_buyback_announcement,0001531152-24-000157,"BJ's Wholesale Club Holdings, Inc.  (BJ)  (CIK 0001531152)"
BJ,2025-03-06,s11_buyback_announcement,0001531152-25-000006,"BJ's Wholesale Club Holdings, Inc.  (BJ)  (CIK 0001531152)"
BLD,2022-08-02,s11_buyback_announcement,0001558370-22-011535,TopBuild Corp  (BLD)  (CIK 0001633931)
BLDR,2022-05-10,s11_buyback_announcement,0001193125-22-145363,"Builders FirstSource, Inc.  (BLDR)  (CIK 0001316835)"
BMRC,2025-07-28,s11_buyback_announcement,0001403475-25-000052,Bank of Marin Bancorp  (BMRC)  (CIK 0001403475)
BRX,2025-10-29,s11_buyback_announcement,0001104659-25-103809,Brixmor Property Group Inc.  (BRX)  (CIK 0001581068)
BSRR,2022-10-21,s11_buyback_announcement,0001558370-22-015163,SIERRA BANCORP  (BSRR)  (CIK 0001130144)
BSRR,2023-10-20,s11_buyback_announcement,0001558370-23-016566,SIERRA BANCORP  (BSRR)  (CIK 0001130144)
BSRR,2024-10-18,s11_buyback_announcement,0001558370-24-013389,SIERRA BANCORP  (BSRR)  (CIK 0001130144)
BSRR,2025-10-24,s11_buyback_announcement,0001104659-25-102011,SIERRA BANCORP  (BSRR)  (CIK 0001130144)
BTMD,2024-01-25,s11_buyback_announcement,0001193125-24-015456,biote Corp.  (BTMD)  (CIK 0001819253)
BTU,2023-04-17,s11_buyback_announcement,0001064728-23-000035,PEABODY ENERGY CORP  (BTU)  (CIK 0001064728)
BTU,2023-04-27,s11_buyback_announcement,0001064728-23-000039,PEABODY ENERGY CORP  (BTU)  (CIK 0001064728)
BWB,2022-08-18,s11_buyback_announcement,0001558370-22-013791,"Bridgewater Bancshares Inc  (BWB, BWBBP)  (CIK 0001341317)"
BWB,2022-10-27,s11_buyback_announcement,0001558370-22-015451,"Bridgewater Bancshares Inc  (BWB, BWBBP)  (CIK 0001341317)"
BWMN,2023-11-17,s11_buyback_announcement,0001193125-23-279886,Bowman Consulting Group Ltd.  (BWMN)  (CIK 0001847590)
BWMN,2025-06-10,s11_buyback_announcement,0001193125-25-138507,Bowman Consulting Group Ltd.  (BWMN)  (CIK 0001847590)
BXC,2023-10-31,s11_buyback_announcement,0001104659-23-112938,BlueLinx Holdings Inc.  (BXC)  (CIK 0001301787)
BXC,2025-07-29,s11_buyback_announcement,0001301787-25-000027,BlueLinx Holdings Inc.  (BXC)  (CIK 0001301787)
BXSL,2023-02-27,s11_buyback_announcement,0001193125-23-049569,Blackstone Secured Lending Fund  (BXSL)  (CIK 0001736035)
BY,2022-12-12,s11_buyback_announcement,0000950170-22-026342,"BYLINE BANCORP, INC.  (BY)  (CIK 0001702750)"
BY,2023-01-26,s11_buyback_announcement,0000950170-23-001227,"BYLINE BANCORP, INC.  (BY)  (CIK 0001702750)"
BY,2023-12-06,s11_buyback_announcement,0000950170-23-068445,"BYLINE BANCORP, INC.  (BY)  (CIK 0001702750)"
BY,2024-01-25,s11_buyback_announcement,0000950170-24-007494,"BYLINE BANCORP, INC.  (BY)  (CIK 0001702750)"
BY,2024-12-05,s11_buyback_announcement,0000950170-24-133714,"BYLINE BANCORP, INC.  (BY)  (CIK 0001702750)"
BY,2025-12-11,s11_buyback_announcement,0001193125-25-315106,"BYLINE BANCORP, INC.  (BY)  (CIK 0001702750)"
BZH,2025-05-01,s11_buyback_announcement,0000915840-25-000042,BEAZER HOMES USA INC  (BZH)  (CIK 0000915840)
BZH,2025-07-31,s11_buyback_announcement,0000915840-25-000055,BEAZER HOMES USA INC  (BZH)  (CIK 0000915840)
CALM,2025-02-25,s11_buyback_announcement,0001562762-25-000030,CAL-MAINE FOODS INC  (CALM)  (CIK 0000016160)
CALM,2025-04-08,s11_buyback_announcement,0001562762-25-000082,CAL-MAINE FOODS INC  (CALM)  (CIK 0000016160)
CALM,2025-07-22,s11_buyback_announcement,0001562762-25-000168,CAL-MAINE FOODS INC  (CALM)  (CIK 0000016160)
CARG,2022-12-08,s11_buyback_announcement,0001193125-22-300487,"CarGurus, Inc.  (CARG)  (CIK 0001494259)"
CARS,2022-02-24,s11_buyback_announcement,0000950170-22-001864,Cars.com Inc.  (CARS)  (CIK 0001683606)
CASH,2023-08-25,s11_buyback_announcement,0000907471-23-000093,"PATHWARD FINANCIAL, INC.  (CASH)  (CIK 0000907471)"
CB,2022-07-26,s11_buyback_announcement,0001193125-22-202081,Chubb Ltd  (CB)  (CIK 0000896159)
CB,2023-07-25,s11_buyback_announcement,0001193125-23-193451,Chubb Ltd  (CB)  (CIK 0000896159)
CBL,2025-11-06,s11_buyback_announcement,0001193125-25-268508,CBL & ASSOCIATES PROPERTIES INC  (CBL)  (CIK 0000910612)
CBL,2026-02-13,s11_buyback_announcement,0001193125-26-050190,CBL & ASSOCIATES PROPERTIES INC  (CBL)  (CIK 0000910612)
CBNK,2025-02-26,s11_buyback_announcement,0001419536-25-000020,Capital Bancorp Inc  (CBNK)  (CIK 0001419536)
CBRL,2022-06-07,s11_buyback_announcement,0001104659-22-068790,"CRACKER BARREL OLD COUNTRY STORE, INC  (CBRL)  (CIK 0001067294)"
CBRL,2025-09-17,s11_buyback_announcement,0001104659-25-090843,"CRACKER BARREL OLD COUNTRY STORE, INC  (CBRL)  (CIK 0001067294)"
CCBG,2024-02-02,s11_buyback_announcement,0001171200-24-000014,CAPITAL CITY BANK GROUP INC  (CCBG)  (CIK 0000726601)
CCC,2025-12-12,s11_buyback_announcement,0001193125-25-316877,CCC Intelligent Solutions Holdings Inc.  (CCC)  (CIK 0001818201)
CCS,2024-07-24,s11_buyback_announcement,0001576940-24-000057,"Century Communities, Inc.  (CCS)  (CIK 0001576940)"
CDNA,2025-06-03,s11_buyback_announcement,0001193125-25-134150,"CareDx, Inc.  (CDNA)  (CIK 0001217234)"
CELH,2025-11-10,s11_buyback_announcement,0001193125-25-273245,"Celsius Holdings, Inc.  (CELH)  (CIK 0001341766)"
CFBK,2023-07-05,s11_buyback_announcement,0001070680-23-000026,CF BANKSHARES INC.  (CFBK)  (CIK 0001070680)
CFBK,2025-02-04,s11_buyback_announcement,0001070680-25-000003,CF BANKSHARES INC.  (CFBK)  (CIK 0001070680)
CFR,2024-01-25,s11_buyback_announcement,0000039263-24-000002,"CULLEN/FROST BANKERS, INC.  (CFR, CFR-PB)  (CIK 0000039263)"
CFR,2025-01-30,s11_buyback_announcement,0000039263-25-000007,"CULLEN/FROST BANKERS, INC.  (CFR, CFR-PB)  (CIK 0000039263)"
CFR,2026-01-29,s11_buyback_announcement,0000039263-26-000004,"CULLEN/FROST BANKERS, INC.  (CFR, CFR-PB)  (CIK 0000039263)"
CHMG,2022-01-26,s11_buyback_announcement,0001171843-22-000508,CHEMUNG FINANCIAL CORP  (CHMG)  (CIK 0000763563)
CHMG,2022-04-21,s11_buyback_announcement,0001171843-22-002708,CHEMUNG FINANCIAL CORP  (CHMG)  (CIK 0000763563)
CHMG,2022-07-21,s11_buyback_announcement,0001171843-22-004948,CHEMUNG FINANCIAL CORP  (CHMG)  (CIK 0000763563)
CHMG,2022-10-21,s11_buyback_announcement,0001171843-22-006675,CHEMUNG FINANCIAL CORP  (CHMG)  (CIK 0000763563)
CHMG,2023-01-26,s11_buyback_announcement,0001171843-23-000494,CHEMUNG FINANCIAL CORP  (CHMG)  (CIK 0000763563)
CHMG,2023-04-20,s11_buyback_announcement,0001171843-23-002439,CHEMUNG FINANCIAL CORP  (CHMG)  (CIK 0000763563)
CHMG,2023-07-20,s11_buyback_announcement,0001171843-23-004584,CHEMUNG FINANCIAL CORP  (CHMG)  (CIK 0000763563)
CHMG,2023-10-25,s11_buyback_announcement,0001171843-23-006378,CHEMUNG FINANCIAL CORP  (CHMG)  (CIK 0000763563)
CHRD,2024-11-06,s11_buyback_announcement,0001486159-24-000059,"Chord Energy Corp  (CHRD, OASPW, WLLBW)  (CIK 0001486159)"
CHRD,2025-08-06,s11_buyback_announcement,0001486159-25-000035,"Chord Energy Corp  (CHRD, WLLBW)  (CIK 0001486159)"
CIA,2022-05-10,s11_buyback_announcement,0000024090-22-000042,"CITIZENS, INC.  (CIA)  (CIK 0000024090)"
CLBK,2022-12-14,s11_buyback_announcement,0001723596-22-000525,"Columbia Financial, Inc.  (CLBK)  (CIK 0001723596)"
CLBK,2023-05-25,s11_buyback_announcement,0001723596-23-000250,"Columbia Financial, Inc.  (CLBK)  (CIK 0001723596)"
CLBK,2025-09-08,s11_buyback_announcement,0001723596-25-000339,"Columbia Financial, Inc.  (CLBK)  (CIK 0001723596)"
CLBK,2025-11-10,s11_buyback_announcement,0001723596-25-000367,"Columbia Financial, Inc.  (CLBK)  (CIK 0001723596)"
CLF,2022-02-11,s11_buyback_announcement,0000764065-22-000031,CLEVELAND-CLIFFS INC.  (CLF)  (CIK 0000764065)
CLF,2024-04-22,s11_buyback_announcement,0000764065-24-000105,CLEVELAND-CLIFFS INC.  (CLF)  (CIK 0000764065)
CLVT,2024-12-16,s11_buyback_announcement,0001104659-24-128963,CLARIVATE PLC  (CLVT)  (CIK 0001764046)
CLVT,2025-02-19,s11_buyback_announcement,0001764046-25-000010,CLARIVATE PLC  (CLVT)  (CIK 0001764046)
CMCSA,2024-01-25,s11_buyback_announcement,0001166691-24-000005,"COMCAST CORP  (CCZ, CMCSA)  (CIK 0001166691)"
CMCSA,2025-01-30,s11_buyback_announcement,0001166691-25-000006,"COMCAST CORP  (CCZ, CMCSA)  (CIK 0001166691)"
COF,2024-03-11,s11_buyback_announcement,0001193125-24-064248,"CAPITAL ONE FINANCIAL CORP  (COF, COF-PI, COF-PJ, COF-PK, COF-PL, COF-PN)  (CIK 0000927628)"
COF,2025-01-24,s11_buyback_announcement,0001193125-25-011793,"CAPITAL ONE FINANCIAL CORP  (COF, COF-PI, COF-PJ, COF-PK, COF-PL, COF-PN)  (CIK 0000927628)"
COLL,2023-01-04,s11_buyback_announcement,0001104659-23-000644,"COLLEGIUM PHARMACEUTICAL, INC  (COLL)  (CIK 0001267565)"
COLL,2023-02-23,s11_buyback_announcement,0001558370-23-001897,"COLLEGIUM PHARMACEUTICAL, INC  (COLL)  (CIK 0001267565)"
COLL,2023-05-04,s11_buyback_announcement,0001558370-23-008080,"COLLEGIUM PHARMACEUTICAL, INC  (COLL)  (CIK 0001267565)"
COLL,2024-01-03,s11_buyback_announcement,0001104659-24-000579,"COLLEGIUM PHARMACEUTICAL, INC  (COLL)  (CIK 0001267565)"
COLL,2024-02-22,s11_buyback_announcement,0001558370-24-001524,"COLLEGIUM PHARMACEUTICAL, INC  (COLL)  (CIK 0001267565)"
COLL,2025-07-07,s11_buyback_announcement,0001104659-25-065981,"COLLEGIUM PHARMACEUTICAL, INC  (COLL)  (CIK 0001267565)"
COLL,2025-08-07,s11_buyback_announcement,0001558370-25-010647,"COLLEGIUM PHARMACEUTICAL, INC  (COLL)  (CIK 0001267565)"
COLL,2025-11-06,s11_buyback_announcement,0001104659-25-107389,"COLLEGIUM PHARMACEUTICAL, INC  (COLL)  (CIK 0001267565)"
COR,2024-05-01,s11_buyback_announcement,0001140859-24-000070,"Cencora, Inc.  (COR)  (CIK 0001140859)"
CPF,2024-01-31,s11_buyback_announcement,0000701347-24-000002,CENTRAL PACIFIC FINANCIAL CORP  (CPF)  (CIK 0000701347)
CPF,2024-02-27,s11_buyback_announcement,0000701347-24-000008,CENTRAL PACIFIC FINANCIAL CORP  (CPF)  (CIK 0000701347)
CPF,2025-01-29,s11_buyback_announcement,0000701347-25-000005,CENTRAL PACIFIC FINANCIAL CORP  (CPF)  (CIK 0000701347)
CPF,2025-03-10,s11_buyback_announcement,0000701347-25-000011,CENTRAL PACIFIC FINANCIAL CORP  (CPF)  (CIK 0000701347)
CPF,2026-01-28,s11_buyback_announcement,0000701347-26-000003,CENTRAL PACIFIC FINANCIAL CORP  (CPF)  (CIK 0000701347)
CPRI,2022-06-01,s11_buyback_announcement,0001530721-22-000050,Capri Holdings Ltd  (CPRI)  (CIK 0001530721)
CPRI,2022-11-09,s11_buyback_announcement,0001530721-22-000150,Capri Holdings Ltd  (CPRI)  (CIK 0001530721)
CPRX,2025-10-01,s11_buyback_announcement,0001193125-25-226837,"CATALYST PHARMACEUTICALS, INC.  (CPRX)  (CIK 0001369568)"
CPT,2026-02-05,s11_buyback_announcement,0001628280-26-005842,CAMDEN PROPERTY TRUST  (CPT)  (CIK 0000906345)
CSL,2023-08-03,s11_buyback_announcement,0000790051-23-000142,CARLISLE COMPANIES INC  (CSL)  (CIK 0000790051)
CSL,2025-09-05,s11_buyback_announcement,0000790051-25-000153,CARLISLE COMPANIES INC  (CSL)  (CIK 0000790051)
CSTM,2026-03-12,s11_buyback_announcement,0001563411-26-000092,CONSTELLIUM SE  (CSTM)  (CIK 0001563411)
CSX,2026-05-14,s11_buyback_announcement,0000950103-26-007181,CSX CORP  (CSX)  (CIK 0000277948)
CTEV,2023-02-28,s11_buyback_announcement,0001793229-23-000008,"MultiPlan Corp  (MPLN, MPLNW)  (CIK 0001793229)"
CTO,2025-09-24,s11_buyback_announcement,0001104659-25-092949,"CTO Realty Growth, Inc.  (CTO, CTO-PA)  (CIK 0000023795)"
CTS,2023-02-10,s11_buyback_announcement,0000950170-23-002491,CTS CORP  (CTS)  (CIK 0000026058)
CTS,2024-02-06,s11_buyback_announcement,0000950170-24-011541,CTS CORP  (CTS)  (CIK 0000026058)
CVLT,2022-05-03,s11_buyback_announcement,0001169561-22-000011,COMMVAULT SYSTEMS INC  (CVLT)  (CIK 0001169561)
CVSA,2024-01-19,s11_buyback_announcement,0001157523-24-000084,Adtalem Global Education Inc.  (ATGE)  (CIK 0000730464)
CVSA,2025-05-06,s11_buyback_announcement,0000730464-25-000005,Adtalem Global Education Inc.  (ATGE)  (CIK 0000730464)
DAVE,2025-08-13,s11_buyback_announcement,0001193125-25-179459,"Dave Inc./DE  (DAVE, DAVEW)  (CIK 0001841408)"
DAVE,2026-03-02,s11_buyback_announcement,0001841408-26-000003,"Dave Inc./DE  (DAVE, DAVEW)  (CIK 0001841408)"
DBD,2025-02-12,s11_buyback_announcement,0000028823-25-000017,"DIEBOLD NIXDORF, Inc  (DBD)  (CIK 0000028823)"
DCGO,2024-01-31,s11_buyback_announcement,0001822359-24-000009,DocGo Inc.  (DCGO)  (CIK 0001822359)
DCGO,2024-08-07,s11_buyback_announcement,0001822359-24-000079,DocGo Inc.  (DCGO)  (CIK 0001822359)
DCOM,2022-05-26,s11_buyback_announcement,0000846617-22-000041,"Dime Community Bancshares, Inc. /NY/  (DCOM, DCOMG, DCOMP)  (CIK 0000846617)"
DD,2022-11-08,s11_buyback_announcement,0001666700-22-000075,"DuPont de Nemours, Inc.  (DD)  (CIK 0001666700)"
DD,2024-02-06,s11_buyback_announcement,0001666700-24-000005,"DuPont de Nemours, Inc.  (DD)  (CIK 0001666700)"
DD,2025-05-02,s11_buyback_announcement,0001666700-25-000021,"DuPont de Nemours, Inc.  (DD)  (CIK 0001666700)"
DDS,2022-03-01,s11_buyback_announcement,0000028917-22-000004,"DILLARD'S, INC.  (DDS, DDT)  (CIK 0000028917)"
DDS,2023-05-22,s11_buyback_announcement,0000028917-23-000012,"DILLARD'S, INC.  (DDS, DDT)  (CIK 0000028917)"
DEC,2026-02-26,s11_buyback_announcement,0001922446-26-000022,Diversified Energy Co  (DEC)  (CIK 0001922446)
DFIN,2024-02-20,s11_buyback_announcement,0000950170-24-016795,"Donnelley Financial Solutions, Inc.  (DFIN)  (CIK 0001669811)"
DFIN,2025-07-31,s11_buyback_announcement,0000950170-25-100549,"Donnelley Financial Solutions, Inc.  (DFIN)  (CIK 0001669811)"
DFIN,2026-05-05,s11_buyback_announcement,0001193125-26-204994,"Donnelley Financial Solutions, Inc.  (DFIN)  (CIK 0001669811)"
DHR,2025-09-10,s11_buyback_announcement,0000313616-25-000178,DANAHER CORP /DE/  (DHR)  (CIK 0000313616)
DHX,2022-02-16,s11_buyback_announcement,0001393883-22-000028,"DHI GROUP, INC.  (DHX)  (CIK 0001393883)"
DHX,2023-02-09,s11_buyback_announcement,0001393883-23-000058,"DHI GROUP, INC.  (DHX)  (CIK 0001393883)"
DHX,2025-01-21,s11_buyback_announcement,0001393883-25-000012,"DHI GROUP, INC.  (DHX)  (CIK 0001393883)"
DHX,2025-11-06,s11_buyback_announcement,0001393883-25-000113,"DHI GROUP, INC.  (DHX)  (CIK 0001393883)"
DHX,2026-02-04,s11_buyback_announcement,0001393883-26-000030,"DHI GROUP, INC.  (DHX)  (CIK 0001393883)"
DIBS,2023-08-09,s11_buyback_announcement,0001600641-23-000160,"1stdibs.com, Inc.  (DIBS)  (CIK 0001600641)"
DIBS,2023-11-08,s11_buyback_announcement,0001600641-23-000217,"1stdibs.com, Inc.  (DIBS)  (CIK 0001600641)"
DIBS,2024-11-08,s11_buyback_announcement,0001600641-24-000192,"1stdibs.com, Inc.  (DIBS)  (CIK 0001600641)"
DIN,2022-02-22,s11_buyback_announcement,0001193125-22-047763,"Dine Brands Global, Inc.  (DIN)  (CIK 0000049754)"
DIN,2022-03-02,s11_buyback_announcement,0001193125-22-062244,"Dine Brands Global, Inc.  (DIN)  (CIK 0000049754)"
DIN,2022-05-04,s11_buyback_announcement,0001193125-22-139462,"Dine Brands Global, Inc.  (DIN)  (CIK 0000049754)"
DIN,2026-05-14,s11_buyback_announcement,0001193125-26-222891,"Dine Brands Global, Inc.  (DIN)  (CIK 0000049754)"
DIS,2024-02-07,s11_buyback_announcement,0001744489-24-000079,Walt Disney Co  (DIS)  (CIK 0001744489)
DKS,2025-03-11,s11_buyback_announcement,0001089063-25-000010,"DICK'S SPORTING GOODS, INC.  (DKS)  (CIK 0001089063)"
DOCN,2022-05-24,s11_buyback_announcement,0001582961-22-000027,"DigitalOcean Holdings, Inc.  (DOCN)  (CIK 0001582961)"
DOCN,2024-02-21,s11_buyback_announcement,0001582961-24-000030,"DigitalOcean Holdings, Inc.  (DOCN)  (CIK 0001582961)"
DOCS,2022-05-17,s11_buyback_announcement,0001516513-22-000029,"Doximity, Inc.  (DOCS)  (CIK 0001516513)"
DORM,2024-10-31,s11_buyback_announcement,0000868780-24-000037,"Dorman Products, Inc.  (DORM)  (CIK 0000868780)"
DRI,2022-06-23,s11_buyback_announcement,0000940944-22-000032,DARDEN RESTAURANTS INC  (DRI)  (CIK 0000940944)
DRI,2024-03-21,s11_buyback_announcement,0000940944-24-000011,DARDEN RESTAURANTS INC  (DRI)  (CIK 0000940944)
DRI,2025-06-20,s11_buyback_announcement,0000940944-25-000028,DARDEN RESTAURANTS INC  (DRI)  (CIK 0000940944)
DRI,2026-06-25,s11_buyback_announcement,0000940944-26-000016,DARDEN RESTAURANTS INC  (DRI)  (CIK 0000940944)
DT,2026-02-09,s11_buyback_announcement,0001773383-26-000006,"Dynatrace, Inc.  (DT)  (CIK 0001773383)"
DX,2022-05-17,s11_buyback_announcement,0000826675-22-000015,"DYNEX CAPITAL INC  (DX, DX-PC)  (CIK 0000826675)"
DX,2024-04-22,s11_buyback_announcement,0000826675-24-000047,"DYNEX CAPITAL INC  (DX, DX-PC)  (CIK 0000826675)"
DX,2026-04-21,s11_buyback_announcement,0000826675-26-000037,"DYNEX CAPITAL INC  (DX, DX-PC)  (CIK 0000826675)"
DXLG,2023-03-16,s11_buyback_announcement,0000950170-23-008305,"DESTINATION XL GROUP, INC.  (DXLG)  (CIK 0000813298)"
DXPE,2022-12-16,s11_buyback_announcement,0001020710-22-000100,DXP ENTERPRISES INC  (DXPE)  (CIK 0001020710)
DXPE,2024-08-28,s11_buyback_announcement,0001020710-24-000078,DXP ENTERPRISES INC  (DXPE)  (CIK 0001020710)
EA,2024-05-07,s11_buyback_announcement,0000712515-24-000013,ELECTRONIC ARTS INC.  (EA)  (CIK 0000712515)
EBC,2024-07-25,s11_buyback_announcement,0001628280-24-032992,"Eastern Bankshares, Inc.  (EBC)  (CIK 0001810546)"
EBC,2025-10-23,s11_buyback_announcement,0001628280-25-046111,"Eastern Bankshares, Inc.  (EBC)  (CIK 0001810546)"
ECVT,2022-04-28,s11_buyback_announcement,0001193125-22-127822,Ecovyst Inc.  (ECVT)  (CIK 0001708035)
ECVT,2022-07-29,s11_buyback_announcement,0001708035-22-000023,Ecovyst Inc.  (ECVT)  (CIK 0001708035)
ECVT,2022-11-01,s11_buyback_announcement,0001708035-22-000029,Ecovyst Inc.  (ECVT)  (CIK 0001708035)
EFOR,2022-01-04,s11_buyback_announcement,0000890564-22-000001,ASGN Inc  (ASGN)  (CIK 0000890564)
EFOR,2022-07-29,s11_buyback_announcement,0000890564-22-000015,ASGN Inc  (ASGN)  (CIK 0000890564)
EFSC,2022-05-09,s11_buyback_announcement,0001025835-22-000033,"ENTERPRISE FINANCIAL SERVICES CORP  (EFSC, EFSCP)  (CIK 0001025835)"
EIG,2023-07-26,s11_buyback_announcement,0001379041-23-000115,"Employers Holdings, Inc.  (EIG)  (CIK 0001379041)"
EIG,2025-05-01,s11_buyback_announcement,0001379041-25-000095,"Employers Holdings, Inc.  (EIG)  (CIK 0001379041)"
EIG,2026-04-29,s11_buyback_announcement,0001379041-26-000020,"Employers Holdings, Inc.  (EIG)  (CIK 0001379041)"
EME,2022-04-28,s11_buyback_announcement,0000105634-22-000016,"EMCOR Group, Inc.  (EME)  (CIK 0000105634)"
EME,2022-07-28,s11_buyback_announcement,0000105634-22-000031,"EMCOR Group, Inc.  (EME)  (CIK 0000105634)"
EML,2023-08-21,s11_buyback_announcement,0001654954-23-011104,EASTERN CO  (EML)  (CIK 0000031107)
EML,2025-05-06,s11_buyback_announcement,0001654954-25-005146,EASTERN CO  (EML)  (CIK 0000031107)
ENPH,2023-07-27,s11_buyback_announcement,0001463101-23-000138,"Enphase Energy, Inc.  (ENPH)  (CIK 0001463101)"
ENR,2024-11-19,s11_buyback_announcement,0001632790-24-000098,"ENERGIZER HOLDINGS, INC.  (ENR)  (CIK 0001632790)"
ENSG,2022-02-09,s11_buyback_announcement,0001125376-22-000020,"ENSIGN GROUP, INC  (ENSG)  (CIK 0001125376)"
ENVA,2023-10-24,s11_buyback_announcement,0000950170-23-054864,"Enova International, Inc.  (ENVA)  (CIK 0001529864)"
ENVA,2024-08-12,s11_buyback_announcement,0001193125-24-198919,"Enova International, Inc.  (ENVA)  (CIK 0001529864)"
ENVA,2025-11-12,s11_buyback_announcement,0001193125-25-277671,"Enova International, Inc.  (ENVA)  (CIK 0001529864)"
EPAC,2022-03-23,s11_buyback_announcement,0001157523-22-000360,ENERPAC TOOL GROUP CORP  (EPAC)  (CIK 0000006955)
EPAM,2024-08-08,s11_buyback_announcement,0001352010-24-000024,"EPAM Systems, Inc.  (EPAM)  (CIK 0001352010)"
EPAM,2025-10-21,s11_buyback_announcement,0001352010-25-000050,"EPAM Systems, Inc.  (EPAM)  (CIK 0001352010)"
EPAM,2025-11-06,s11_buyback_announcement,0001352010-25-000053,"EPAM Systems, Inc.  (EPAM)  (CIK 0001352010)"
ESE,2022-02-08,s11_buyback_announcement,0001104659-22-013878,ESCO TECHNOLOGIES INC  (ESE)  (CIK 0000866706)
ESE,2022-05-09,s11_buyback_announcement,0001104659-22-057524,ESCO TECHNOLOGIES INC  (ESE)  (CIK 0000866706)
ESE,2022-08-08,s11_buyback_announcement,0001104659-22-087247,ESCO TECHNOLOGIES INC  (ESE)  (CIK 0000866706)
ETSY,2023-06-16,s11_buyback_announcement,0001370637-23-000056,ETSY INC  (ETSY)  (CIK 0001370637)
ETSY,2024-10-30,s11_buyback_announcement,0001370637-24-000050,ETSY INC  (ETSY)  (CIK 0001370637)
EXFY,2022-05-12,s11_buyback_announcement,0001476840-22-000041,"Expensify, Inc.  (EXFY)  (CIK 0001476840)"
EXFY,2025-02-27,s11_buyback_announcement,0001476840-25-000016,"Expensify, Inc.  (EXFY)  (CIK 0001476840)"
EXPD,2026-02-24,s11_buyback_announcement,0001193125-26-066108,EXPEDITORS INTERNATIONAL OF WASHINGTON INC  (EXPD)  (CIK 0000746515)
EXPD,2026-05-05,s11_buyback_announcement,0001193125-26-206504,EXPEDITORS INTERNATIONAL OF WASHINGTON INC  (EXPD)  (CIK 0000746515)
EXPE,2023-11-02,s11_buyback_announcement,0001324424-23-000058,"Expedia Group, Inc.  (EXPE)  (CIK 0001324424)"
EZPW,2022-05-04,s11_buyback_announcement,0000876523-22-000044,EZCORP INC  (EZPW)  (CIK 0000876523)
FBP,2022-04-28,s11_buyback_announcement,0001157523-22-000496,FIRST BANCORP /PR/  (FBP)  (CIK 0001057706)
FCX,2022-01-26,s11_buyback_announcement,0000831259-22-000004,FREEPORT-MCMORAN INC  (FCX)  (CIK 0000831259)
FDS,2023-06-22,s11_buyback_announcement,0001013237-23-000065,FACTSET RESEARCH SYSTEMS INC  (FDS)  (CIK 0001013237)
FDS,2023-09-21,s11_buyback_announcement,0001013237-23-000094,FACTSET RESEARCH SYSTEMS INC  (FDS)  (CIK 0001013237)
FFBC,2022-01-27,s11_buyback_announcement,0000708955-22-000002,FIRST FINANCIAL BANCORP /OH/  (FFBC)  (CIK 0000708955)
FFBC,2026-04-23,s11_buyback_announcement,0000708955-26-000088,FIRST FINANCIAL BANCORP /OH/  (FFBC)  (CIK 0000708955)
FINW,2024-03-07,s11_buyback_announcement,0001856365-24-000010,Finwise Bancorp  (FINW)  (CIK 0001856365)
FISI,2025-09-22,s11_buyback_announcement,0001193125-25-211278,"FINANCIAL INSTITUTIONS INC  (FISI, FIISO, FIISP)  (CIK 0000862831)"
FIVE,2023-11-29,s11_buyback_announcement,0001177609-23-000025,"FIVE BELOW, INC  (FIVE)  (CIK 0001177609)"
FIVN,2026-04-30,s11_buyback_announcement,0001288847-26-000077,"Five9, Inc.  (FIVN)  (CIK 0001288847)"
FLXS,2022-03-15,s11_buyback_announcement,0000037472-22-000015,FLEXSTEEL INDUSTRIES INC  (FLXS)  (CIK 0000037472)
FLZH,2022-09-12,s11_buyback_announcement,0001493152-22-025569,"urban-gro, Inc.  (UGRO)  (CIK 0001706524)"
FMBH,2025-06-25,s11_buyback_announcement,0000950170-25-089979,"FIRST MID BANCSHARES, INC.  (FMBH)  (CIK 0000700565)"
FMCB,2024-09-16,s11_buyback_announcement,0001140361-24-041179,FARMERS & MERCHANTS BANCORP  (FMCB)  (CIK 0001085913)
FMCB,2024-10-16,s11_buyback_announcement,0001140361-24-043562,FARMERS & MERCHANTS BANCORP  (FMCB)  (CIK 0001085913)
FMCB,2025-01-22,s11_buyback_announcement,0001140361-25-001612,FARMERS & MERCHANTS BANCORP  (FMCB)  (CIK 0001085913)
FNB,2026-04-14,s11_buyback_announcement,0001552781-26-000246,FNB CORP/PA/  (FNB)  (CIK 0000037808)
FOUR,2022-05-11,s11_buyback_announcement,0001193125-22-146818,"Shift4 Payments, Inc.  (FOUR)  (CIK 0001794669)"
FOUR,2023-05-04,s11_buyback_announcement,0001794669-23-000008,"Shift4 Payments, Inc.  (FOUR)  (CIK 0001794669)"
FOUR,2024-05-09,s11_buyback_announcement,0001794669-24-000014,"Shift4 Payments, Inc.  (FOUR)  (CIK 0001794669)"
FR,2026-03-17,s11_buyback_announcement,0000921825-26-000030,FIRST INDUSTRIAL REALTY TRUST INC  (FR)  (CIK 0000921825)
FRST,2023-12-21,s11_buyback_announcement,0000950170-23-072260,Primis Financial Corp.  (FRST)  (CIK 0001325670)
FTI,2022-07-27,s11_buyback_announcement,0001681459-22-000051,TechnipFMC plc  (FTI)  (CIK 0001681459)
FTI,2022-10-26,s11_buyback_announcement,0001681459-22-000057,TechnipFMC plc  (FTI)  (CIK 0001681459)
GCT,2024-11-07,s11_buyback_announcement,0001857816-24-000210,GigaCloud Technology Inc  (GCT)  (CIK 0001857816)
GCT,2025-03-03,s11_buyback_announcement,0001857816-25-000013,GigaCloud Technology Inc  (GCT)  (CIK 0001857816)
GCT,2025-08-18,s11_buyback_announcement,0001857816-25-000101,GigaCloud Technology Inc  (GCT)  (CIK 0001857816)
GDRX,2024-02-29,s11_buyback_announcement,0001809519-24-000029,"GoodRx Holdings, Inc.  (GDRX)  (CIK 0001809519)"
GECC,2025-11-04,s11_buyback_announcement,0001193125-25-264872,"Great Elm Capital Corp.  (GECC, GECCG, GECCH, GECCI, GECCO, GECCZ)  (CIK 0001675033)"
GMED,2023-10-02,s11_buyback_announcement,0001562762-23-000357,GLOBUS MEDICAL INC  (GMED)  (CIK 0001237831)
GNRC,2022-08-03,s11_buyback_announcement,0001437749-22-018543,GENERAC HOLDINGS INC.  (GNRC)  (CIK 0001474735)
GNRC,2024-02-14,s11_buyback_announcement,0001437749-24-003977,GENERAC HOLDINGS INC.  (GNRC)  (CIK 0001474735)
GNRC,2026-02-11,s11_buyback_announcement,0001437749-26-003700,GENERAC HOLDINGS INC.  (GNRC)  (CIK 0001474735)
GNW,2023-08-01,s11_buyback_announcement,0001193125-23-200571,GENWORTH FINANCIAL INC  (GNW)  (CIK 0001276520)
GNW,2023-08-08,s11_buyback_announcement,0001193125-23-206257,GENWORTH FINANCIAL INC  (GNW)  (CIK 0001276520)
GO,2024-11-05,s11_buyback_announcement,0001771515-24-000148,Grocery Outlet Holding Corp.  (GO)  (CIK 0001771515)
GOVB,2025-07-25,s11_buyback_announcement,0001104659-25-070672,"Gouverneur Bancorp, Inc./MD/  (GOVB)  (CIK 0001978811)"
GRBK,2023-05-03,s11_buyback_announcement,0001373670-23-000031,"Green Brick Partners, Inc.  (GRBK, GRBK-PA)  (CIK 0001373670)"
GRBK,2025-12-16,s11_buyback_announcement,0001628280-25-057409,"Green Brick Partners, Inc.  (GRBK, GRBK-PA)  (CIK 0001373670)"
GSBC,2022-12-21,s11_buyback_announcement,0001104659-22-129111,"GREAT SOUTHERN BANCORP, INC.  (GSBC)  (CIK 0000854560)"
GSBC,2025-04-17,s11_buyback_announcement,0001171843-25-002297,"GREAT SOUTHERN BANCORP, INC.  (GSBC)  (CIK 0000854560)"
GSBC,2025-07-17,s11_buyback_announcement,0001171843-25-004521,"GREAT SOUTHERN BANCORP, INC.  (GSBC)  (CIK 0000854560)"
GSBC,2025-10-16,s11_buyback_announcement,0001171843-25-006476,"GREAT SOUTHERN BANCORP, INC.  (GSBC)  (CIK 0000854560)"
GSHD,2025-04-23,s11_buyback_announcement,0001726978-25-000054,"Goosehead Insurance, Inc.  (GSHD)  (CIK 0001726978)"
GTM,2023-07-31,s11_buyback_announcement,0001794515-23-000136,ZoomInfo Technologies Inc.  (ZI)  (CIK 0001794515)
GWRE,2026-01-08,s11_buyback_announcement,0001528396-26-000007,"Guidewire Software, Inc.  (GWRE)  (CIK 0001528396)"
HAFC,2024-04-25,s11_buyback_announcement,0001171843-24-002223,HANMI FINANCIAL CORP  (HAFC)  (CIK 0001109242)
HAS,2026-02-10,s11_buyback_announcement,0000046080-26-000006,"HASBRO, INC.  (HAS)  (CIK 0000046080)"
HBAN,2025-12-01,s11_buyback_announcement,0001140361-25-043724,"HUNTINGTON BANCSHARES INC /MD/  (HBAN, HBANL, HBANM, HBANP)  (CIK 0000049196)"
HBCP,2023-10-18,s11_buyback_announcement,0001436425-23-000049,"HOME BANCORP, INC.  (HBCP)  (CIK 0001436425)"
HBCP,2025-04-21,s11_buyback_announcement,0001436425-25-000016,"HOME BANCORP, INC.  (HBCP)  (CIK 0001436425)"
HBT,2022-01-27,s11_buyback_announcement,0001558370-22-000474,"HBT Financial, Inc.  (HBT)  (CIK 0000775215)"
HBT,2022-12-21,s11_buyback_announcement,0001558370-22-018850,"HBT Financial, Inc.  (HBT)  (CIK 0000775215)"
HBT,2023-01-25,s11_buyback_announcement,0001558370-23-000489,"HBT Financial, Inc.  (HBT)  (CIK 0000775215)"
HBT,2023-12-20,s11_buyback_announcement,0001628280-23-042074,"HBT Financial, Inc.  (HBT)  (CIK 0000775215)"
HBT,2024-01-24,s11_buyback_announcement,0001628280-24-002007,"HBT Financial, Inc.  (HBT)  (CIK 0000775215)"
HBT,2024-12-18,s11_buyback_announcement,0001628280-24-051808,"HBT Financial, Inc.  (HBT)  (CIK 0000775215)"
HBT,2025-01-22,s11_buyback_announcement,0001628280-25-002090,"HBT Financial, Inc.  (HBT)  (CIK 0000775215)"
HBT,2025-12-18,s11_buyback_announcement,0000775215-25-000060,"HBT Financial, Inc.  (HBT)  (CIK 0000775215)"
HBT,2026-01-26,s11_buyback_announcement,0000775215-26-000009,"HBT Financial, Inc.  (HBT)  (CIK 0000775215)"
HFWA,2024-04-26,s11_buyback_announcement,0001046025-24-000082,HERITAGE FINANCIAL CORP /WA/  (HFWA)  (CIK 0001046025)
HGV,2023-08-03,s11_buyback_announcement,0001628280-23-027010,Hilton Grand Vacations Inc.  (HGV)  (CIK 0001674168)
HGV,2024-08-08,s11_buyback_announcement,0001628280-24-035876,Hilton Grand Vacations Inc.  (HGV)  (CIK 0001674168)
HGV,2024-11-07,s11_buyback_announcement,0001628280-24-045988,Hilton Grand Vacations Inc.  (HGV)  (CIK 0001674168)
HGV,2025-07-31,s11_buyback_announcement,0001674168-25-000005,Hilton Grand Vacations Inc.  (HGV)  (CIK 0001674168)
HIMS,2024-08-05,s11_buyback_announcement,0001773751-24-000246,"Hims & Hers Health, Inc.  (HIMS)  (CIK 0001773751)"
HIMS,2025-11-17,s11_buyback_announcement,0001773751-25-000362,"Hims & Hers Health, Inc.  (HIMS)  (CIK 0001773751)"
HMN,2022-05-26,s11_buyback_announcement,0001628280-22-015472,HORACE MANN EDUCATORS CORP /DE/  (HMN)  (CIK 0000850141)
HOFT,2025-12-11,s11_buyback_announcement,0001171843-25-007874,HOOKER FURNISHINGS Corp  (HOFT)  (CIK 0001077688)
HOFT,2026-04-16,s11_buyback_announcement,0001171843-26-002494,HOOKER FURNISHINGS Corp  (HOFT)  (CIK 0001077688)
HOFT,2026-06-11,s11_buyback_announcement,0001171843-26-004044,HOOKER FURNISHINGS Corp  (HOFT)  (CIK 0001077688)
HOOD,2026-03-24,s11_buyback_announcement,0001783879-26-000045,"Robinhood Markets, Inc.  (HOOD)  (CIK 0001783879)"
HOPE,2022-01-24,s11_buyback_announcement,0001128361-22-000004,HOPE BANCORP INC  (HOPE)  (CIK 0001128361)
HQI,2025-12-17,s11_buyback_announcement,0001437749-25-038151,"HireQuest, Inc.  (HQI)  (CIK 0001140102)"
HSTM,2023-09-13,s11_buyback_announcement,0001437749-23-025780,HEALTHSTREAM INC  (HSTM)  (CIK 0001095565)
HSTM,2025-05-08,s11_buyback_announcement,0001437749-25-015532,HEALTHSTREAM INC  (HSTM)  (CIK 0001095565)
HSTM,2025-11-12,s11_buyback_announcement,0001437749-25-034261,HEALTHSTREAM INC  (HSTM)  (CIK 0001095565)
HSTM,2026-03-13,s11_buyback_announcement,0001437749-26-008226,HEALTHSTREAM INC  (HSTM)  (CIK 0001095565)
HTH,2022-01-27,s11_buyback_announcement,0001558370-22-000517,Hilltop Holdings Inc.  (HTH)  (CIK 0001265131)
HTH,2025-01-30,s11_buyback_announcement,0001558370-25-000545,Hilltop Holdings Inc.  (HTH)  (CIK 0001265131)
HTH,2026-01-29,s11_buyback_announcement,0001104659-26-008003,Hilltop Holdings Inc.  (HTH)  (CIK 0001265131)
HTZ,2022-06-15,s11_buyback_announcement,0001657853-22-000063,"HERTZ GLOBAL HOLDINGS, INC  (HTZ, HTZWW)  (CIK 0001657853)"
IBP,2022-08-04,s11_buyback_announcement,0001580905-22-000011,"Installed Building Products, Inc.  (IBP)  (CIK 0001580905)"
IBP,2023-02-22,s11_buyback_announcement,0001580905-23-000008,"Installed Building Products, Inc.  (IBP)  (CIK 0001580905)"
IBP,2024-02-22,s11_buyback_announcement,0001580905-24-000006,"Installed Building Products, Inc.  (IBP)  (CIK 0001580905)"
IBP,2025-02-27,s11_buyback_announcement,0001580905-25-000006,"Installed Building Products, Inc.  (IBP)  (CIK 0001580905)"
IBP,2026-02-26,s11_buyback_announcement,0001628280-26-011994,"Installed Building Products, Inc.  (IBP)  (CIK 0001580905)"
ICMB,2025-08-14,s11_buyback_announcement,0001193125-25-180789,"Investcorp Credit Management BDC, Inc.  (ICMB)  (CIK 0001578348)"
IFF,2025-08-05,s11_buyback_announcement,0000051253-25-000040,INTERNATIONAL FLAVORS & FRAGRANCES INC  (IFF)  (CIK 0000051253)
IIIV,2024-08-08,s11_buyback_announcement,0001728688-24-000081,"i3 Verticals, Inc.  (IIIV)  (CIK 0001728688)"
IIIV,2025-08-07,s11_buyback_announcement,0001728688-25-000103,"i3 Verticals, Inc.  (IIIV)  (CIK 0001728688)"
IIIV,2026-02-05,s11_buyback_announcement,0001728688-26-000017,"i3 Verticals, Inc.  (IIIV)  (CIK 0001728688)"
IIIV,2026-05-12,s11_buyback_announcement,0001728688-26-000034,"i3 Verticals, Inc.  (IIIV)  (CIK 0001728688)"
IIPR,2026-03-04,s11_buyback_announcement,0001104659-26-022984,"INNOVATIVE INDUSTRIAL PROPERTIES INC  (IIPR, IIPR-PA)  (CIK 0001677576)"
ILMN,2026-04-30,s11_buyback_announcement,0001110803-26-000087,"ILLUMINA, INC.  (ILMN)  (CIK 0001110803)"
IMMR,2023-01-03,s11_buyback_announcement,0001628280-23-000023,IMMERSION CORP  (IMMR)  (CIK 0001058811)
INBK,2022-12-20,s11_buyback_announcement,0001562463-22-000132,"First Internet Bancorp  (INBK, INBKZ)  (CIK 0001562463)"
INGR,2022-09-26,s11_buyback_announcement,0001193125-22-251261,Ingredion Inc  (INGR)  (CIK 0001046257)
INGR,2022-11-03,s11_buyback_announcement,0001104659-22-114157,Ingredion Inc  (INGR)  (CIK 0001046257)
INGR,2025-11-04,s11_buyback_announcement,0001628280-25-048508,Ingredion Inc  (INGR)  (CIK 0001046257)
INVA,2022-11-09,s11_buyback_announcement,0001104659-22-116491,"Innoviva, Inc.  (INVA)  (CIK 0001080014)"
INVA,2025-11-05,s11_buyback_announcement,0001104659-25-107014,"Innoviva, Inc.  (INVA)  (CIK 0001080014)"
INVH,2026-04-29,s11_buyback_announcement,0001687229-26-000030,Invitation Homes Inc.  (INVH)  (CIK 0001687229)
INVX,2025-02-25,s11_buyback_announcement,0000950170-25-026606,"Innovex International, Inc.  (INVX)  (CIK 0001042893)"
ITRI,2023-05-11,s11_buyback_announcement,0000780571-23-000020,"ITRON, INC.  (ITRI)  (CIK 0000780571)"
ITRI,2024-09-23,s11_buyback_announcement,0000780571-24-000045,"ITRON, INC.  (ITRI)  (CIK 0000780571)"
ITRI,2025-11-10,s11_buyback_announcement,0000780571-25-000076,"ITRON, INC.  (ITRI)  (CIK 0000780571)"
ITRI,2026-05-08,s11_buyback_announcement,0000780571-26-000116,"ITRON, INC.  (ITRI)  (CIK 0000780571)"
IVT,2022-03-07,s11_buyback_announcement,0001193125-22-068166,InvenTrust Properties Corp.  (IVT)  (CIK 0001307748)
JAZZ,2024-07-31,s11_buyback_announcement,0001232524-24-000065,Jazz Pharmaceuticals plc  (JAZZ)  (CIK 0001232524)
KEY,2026-05-14,s11_buyback_announcement,0001628280-26-035060,"KEYCORP /NEW/  (KEY, KEY-PI, KEY-PJ, KEY-PK, KEY-PL)  (CIK 0000091576)"
KEYS,2025-11-24,s11_buyback_announcement,0001601046-25-000121,"Keysight Technologies, Inc.  (KEYS)  (CIK 0001601046)"
KIM,2025-11-04,s11_buyback_announcement,0001140361-25-040255,"KIMCO REALTY CORP  (KIM, KIM-PL, KIM-PM, KIM-PN)  (CIK 0000879101)"
KLAC,2022-06-16,s11_buyback_announcement,0001193125-22-175500,KLA CORP  (KLAC)  (CIK 0000319201)
KLAC,2023-09-06,s11_buyback_announcement,0001193125-23-229585,KLA CORP  (KLAC)  (CIK 0000319201)
KLAC,2025-04-30,s11_buyback_announcement,0000319201-25-000009,KLA CORP  (KLAC)  (CIK 0000319201)
KLAC,2026-03-12,s11_buyback_announcement,0001193125-26-102999,KLA CORP  (KLAC)  (CIK 0000319201)
KLIC,2024-11-13,s11_buyback_announcement,0000056978-24-000145,KULICKE & SOFFA INDUSTRIES INC  (KLIC)  (CIK 0000056978)
KMT,2024-02-07,s11_buyback_announcement,0000055242-24-000005,KENNAMETAL INC  (KMT)  (CIK 0000055242)
KR,2024-12-11,s11_buyback_announcement,0001104659-24-127669,KROGER CO  (KR)  (CIK 0000056873)
KRC,2024-03-01,s11_buyback_announcement,0001193125-24-056219,KILROY REALTY CORP  (KRC)  (CIK 0001025996)
KTB,2026-05-07,s11_buyback_announcement,0001760965-26-000027,"Kontoor Brands, Inc.  (KTB)  (CIK 0001760965)"
KWR,2024-02-29,s11_buyback_announcement,0000081362-24-000019,QUAKER CHEMICAL CORP  (KWR)  (CIK 0000081362)
LAKE,2022-04-13,s11_buyback_announcement,0001193125-22-103716,LAKELAND INDUSTRIES INC  (LAKE)  (CIK 0000798081)
LAKE,2022-04-19,s11_buyback_announcement,0001193125-22-108973,LAKELAND INDUSTRIES INC  (LAKE)  (CIK 0000798081)
LAKE,2022-12-08,s11_buyback_announcement,0001654954-22-016252,LAKELAND INDUSTRIES INC  (LAKE)  (CIK 0000798081)
LAUR,2024-02-22,s11_buyback_announcement,0001628280-24-006140,"LAUREATE EDUCATION, INC.  (LAUR)  (CIK 0000912766)"
LAUR,2024-10-31,s11_buyback_announcement,0001628280-24-044415,"LAUREATE EDUCATION, INC.  (LAUR)  (CIK 0000912766)"
LAWIL,2024-06-13,s11_buyback_announcement,0000950157-24-000897,"Light & Wonder, Inc.  (LNW, LAWIL)  (CIK 0000750004)"
LCNB,2023-02-27,s11_buyback_announcement,0001074902-23-000041,LCNB CORP  (LCNB)  (CIK 0001074902)
LEAT,2026-05-13,s11_buyback_announcement,0001062993-26-002553,Leatt Corp  (LEAT)  (CIK 0001456189)
LILA,2022-02-23,s11_buyback_announcement,0001712184-22-000061,"Liberty Latin America Ltd.  (LILA, LILAB, LILAK)  (CIK 0001712184)"
LILA,2023-05-08,s11_buyback_announcement,0001712184-23-000146,"Liberty Latin America Ltd.  (LILA, LILAB, LILAK)  (CIK 0001712184)"
LILA,2024-05-07,s11_buyback_announcement,0001712184-24-000154,"Liberty Latin America Ltd.  (LILA, LILAB, LILAK)  (CIK 0001712184)"
LIVE,2024-06-07,s11_buyback_announcement,0001628280-24-027184,LIVE VENTURES Inc  (LIVE)  (CIK 0001045742)
LNN,2025-11-05,s11_buyback_announcement,0001193125-25-265663,LINDSAY CORP  (LNN)  (CIK 0000836157)
LNN,2026-01-08,s11_buyback_announcement,0001193125-26-007004,LINDSAY CORP  (LNN)  (CIK 0000836157)
LOCO,2022-10-11,s11_buyback_announcement,0001606366-22-000053,"El Pollo Loco Holdings, Inc.  (LOCO)  (CIK 0001606366)"
LQDT,2022-12-08,s11_buyback_announcement,0001235468-22-000135,LIQUIDITY SERVICES INC  (LQDT)  (CIK 0001235468)
LQDT,2023-01-20,s11_buyback_announcement,0000950170-23-000980,LIQUIDITY SERVICES INC  (LQDT)  (CIK 0001235468)
LQDT,2023-02-02,s11_buyback_announcement,0000950170-23-001722,LIQUIDITY SERVICES INC  (LQDT)  (CIK 0001235468)
LRHC,2025-04-25,s11_buyback_announcement,0001213900-25-035182,La Rosa Holdings Corp.  (LRHC)  (CIK 0001879403)
LULU,2022-03-29,s11_buyback_announcement,0001397187-22-000013,lululemon athletica inc.  (LULU)  (CIK 0001397187)
LULU,2023-12-07,s11_buyback_announcement,0001397187-23-000051,lululemon athletica inc.  (LULU)  (CIK 0001397187)
LYB,2022-05-27,s11_buyback_announcement,0001489393-22-000028,LyondellBasell Industries N.V.  (LYB)  (CIK 0001489393)
LYB,2023-05-19,s11_buyback_announcement,0001489393-23-000032,LyondellBasell Industries N.V.  (LYB)  (CIK 0001489393)
LYB,2024-05-24,s11_buyback_announcement,0001489393-24-000025,LyondellBasell Industries N.V.  (LYB)  (CIK 0001489393)
LYB,2025-05-23,s11_buyback_announcement,0001489393-25-000028,LyondellBasell Industries N.V.  (LYB)  (CIK 0001489393)
LYB,2026-05-22,s11_buyback_announcement,0001489393-26-000034,LyondellBasell Industries N.V.  (LYB)  (CIK 0001489393)
LYTS,2022-04-28,s11_buyback_announcement,0001437749-22-009987,LSI INDUSTRIES INC  (LYTS)  (CIK 0000763532)
LZ,2023-11-07,s11_buyback_announcement,0001286139-23-000130,"LEGALZOOM.COM, INC.  (LZ)  (CIK 0001286139)"
LZB,2026-06-16,s11_buyback_announcement,0000057131-26-000018,LA-Z-BOY INC  (LZB)  (CIK 0000057131)
MAN,2023-08-04,s11_buyback_announcement,0000950170-23-038589,ManpowerGroup Inc.  (MAN)  (CIK 0000871763)
MAX,2025-10-29,s11_buyback_announcement,0001818383-25-000124,"MediaAlpha, Inc.  (MAX)  (CIK 0001818383)"
MBC,2023-05-09,s11_buyback_announcement,0001213900-23-037676,"MasterBrand, Inc.  (MBC)  (CIK 0001941365)"
MBI,2023-05-09,s11_buyback_announcement,0001193125-23-139485,MBIA INC  (MBI)  (CIK 0000814585)
MCB,2026-06-22,s11_buyback_announcement,0001104659-26-076471,Metropolitan Bank Holding Corp.  (MCB)  (CIK 0001476034)
MCHX,2025-05-13,s11_buyback_announcement,0000950170-25-070400,MARCHEX INC  (MCHX)  (CIK 0001224133)
MDXG,2026-02-25,s11_buyback_announcement,0001376339-26-000012,"MIMEDX GROUP, INC.  (MDXG)  (CIK 0001376339)"
MFIN,2022-05-02,s11_buyback_announcement,0001193125-22-136840,"MEDALLION FINANCIAL CORP  (MFIN, MBNKP)  (CIK 0001000209)"
MGNI,2026-02-25,s11_buyback_announcement,0001595974-26-000010,"MAGNITE, INC.  (MGNI)  (CIK 0001595974)"
MHK,2022-02-10,s11_buyback_announcement,0000851968-22-000009,MOHAWK INDUSTRIES INC  (MHK)  (CIK 0000851968)
MHK,2025-07-24,s11_buyback_announcement,0000851968-25-000112,MOHAWK INDUSTRIES INC  (MHK)  (CIK 0000851968)
MITK,2026-02-05,s11_buyback_announcement,0001628280-26-005789,MITEK SYSTEMS INC  (MITK)  (CIK 0000807863)
MKL,2022-02-16,s11_buyback_announcement,0001096343-22-000011,MARKEL CORP  (MKL)  (CIK 0001096343)
MKL,2023-11-30,s11_buyback_announcement,0001096343-23-000211,MARKEL GROUP INC.  (MKL)  (CIK 0001096343)
MKL,2024-11-13,s11_buyback_announcement,0001096343-24-000127,MARKEL GROUP INC.  (MKL)  (CIK 0001096343)
MKTX,2024-08-06,s11_buyback_announcement,0001193125-24-194351,MARKETAXESS HOLDINGS INC  (MKTX)  (CIK 0001278021)
MLR,2024-04-02,s11_buyback_announcement,0001104659-24-042290,MILLER INDUSTRIES INC /TN/  (MLR)  (CIK 0000924822)
MNSB,2025-10-21,s11_buyback_announcement,0001437749-25-031387,"MainStreet Bancshares, Inc.  (MNSB, MNSBP)  (CIK 0001693577)"
MNSB,2025-10-27,s11_buyback_announcement,0001437749-25-031750,"MainStreet Bancshares, Inc.  (MNSB, MNSBP)  (CIK 0001693577)"
MNST,2022-06-15,s11_buyback_announcement,0001104659-22-071490,Monster Beverage Corp  (MNST)  (CIK 0000865752)
MNST,2022-11-03,s11_buyback_announcement,0001104659-22-114430,Monster Beverage Corp  (MNST)  (CIK 0000865752)
MNST,2023-11-08,s11_buyback_announcement,0001104659-23-115781,Monster Beverage Corp  (MNST)  (CIK 0000865752)
MNST,2024-08-19,s11_buyback_announcement,0001104659-24-090857,Monster Beverage Corp  (MNST)  (CIK 0000865752)
MNST,2026-05-15,s11_buyback_announcement,0001104659-26-062567,Monster Beverage Corp  (MNST)  (CIK 0000865752)
MOD,2025-03-07,s11_buyback_announcement,0001558370-25-002473,MODINE MANUFACTURING CO  (MOD)  (CIK 0000067347)
MPWR,2023-10-30,s11_buyback_announcement,0001437749-23-029394,MONOLITHIC POWER SYSTEMS INC  (MPWR)  (CIK 0001280452)
MPWR,2025-02-06,s11_buyback_announcement,0001437749-25-003024,MONOLITHIC POWER SYSTEMS INC  (MPWR)  (CIK 0001280452)
MQ,2024-05-07,s11_buyback_announcement,0001628280-24-021086,"Marqeta, Inc.  (MQ)  (CIK 0001522540)"
MRCY,2025-11-04,s11_buyback_announcement,0001049521-25-000060,MERCURY SYSTEMS INC  (MRCY)  (CIK 0001049521)
MRNA,2022-02-24,s11_buyback_announcement,0001193125-22-051058,"Moderna, Inc.  (MRNA)  (CIK 0001682852)"
MRNA,2022-08-03,s11_buyback_announcement,0001682852-22-000040,"Moderna, Inc.  (MRNA)  (CIK 0001682852)"
MSA,2024-05-13,s11_buyback_announcement,0000066570-24-000028,"MSA Safety Inc  (MSA, MNESP)  (CIK 0000066570)"
MSA,2026-02-26,s11_buyback_announcement,0000066570-26-000007,"MSA Safety Inc  (MSA, MNESP)  (CIK 0000066570)"
MSBI,2022-12-06,s11_buyback_announcement,0001171843-22-007860,"Midland States Bancorp, Inc.  (MSBI, MSBIP)  (CIK 0001466026)"
MSBI,2023-01-26,s11_buyback_announcement,0001466026-23-000003,"Midland States Bancorp, Inc.  (MSBI, MSBIP)  (CIK 0001466026)"
MSBI,2023-04-27,s11_buyback_announcement,0001466026-23-000012,"Midland States Bancorp, Inc.  (MSBI, MSBIP)  (CIK 0001466026)"
MSBI,2023-07-27,s11_buyback_announcement,0001466026-23-000021,"Midland States Bancorp, Inc.  (MSBI, MSBIP)  (CIK 0001466026)"
MSBI,2023-10-26,s11_buyback_announcement,0001466026-23-000027,"Midland States Bancorp, Inc.  (MSBI, MSBIP)  (CIK 0001466026)"
MSBI,2023-12-05,s11_buyback_announcement,0001171843-23-007443,"Midland States Bancorp, Inc.  (MSBI, MSBIP)  (CIK 0001466026)"
MSBI,2024-01-25,s11_buyback_announcement,0001466026-24-000005,"Midland States Bancorp, Inc.  (MSBI, MSBIP)  (CIK 0001466026)"
MSBI,2024-04-25,s11_buyback_announcement,0001466026-24-000013,"Midland States Bancorp, Inc.  (MSBI, MSBIP)  (CIK 0001466026)"
MSBI,2024-07-25,s11_buyback_announcement,0001466026-24-000030,"Midland States Bancorp, Inc.  (MSBI, MSBIP)  (CIK 0001466026)"
MSBI,2024-10-24,s11_buyback_announcement,0001466026-24-000038,"Midland States Bancorp, Inc.  (MSBI, MSBIP)  (CIK 0001466026)"
MSBI,2025-01-23,s11_buyback_announcement,0001466026-25-000003,"Midland States Bancorp, Inc.  (MSBI, MSBIP)  (CIK 0001466026)"
MSBI,2025-11-03,s11_buyback_announcement,0001104659-25-105532,"Midland States Bancorp, Inc.  (MSBI, MSBIP)  (CIK 0001466026)"
MSBI,2026-01-22,s11_buyback_announcement,0001466026-26-000012,"Midland States Bancorp, Inc.  (MSBI, MSBIP)  (CIK 0001466026)"
MSBI,2026-04-23,s11_buyback_announcement,0001466026-26-000045,"Midland States Bancorp, Inc.  (MSBI, MSBIP)  (CIK 0001466026)"
MSCI,2022-07-28,s11_buyback_announcement,0001564590-22-026882,MSCI Inc.  (MSCI)  (CIK 0001408198)
MSCI,2024-10-29,s11_buyback_announcement,0001408198-24-000165,MSCI Inc.  (MSCI)  (CIK 0001408198)
MSCI,2025-10-28,s11_buyback_announcement,0001408198-25-000194,MSCI Inc.  (MSCI)  (CIK 0001408198)
MTCH,2022-05-03,s11_buyback_announcement,0000891103-22-000036,"Match Group, Inc.  (MTCH)  (CIK 0000891103)"
MTW,2023-11-01,s11_buyback_announcement,0000950170-23-057505,MANITOWOC CO INC  (MTW)  (CIK 0000061986)
MUSA,2023-05-02,s11_buyback_announcement,0001573516-23-000019,Murphy USA Inc.  (MUSA)  (CIK 0001573516)
MUSA,2025-10-29,s11_buyback_announcement,0001573516-25-000071,Murphy USA Inc.  (MUSA)  (CIK 0001573516)
MYRG,2025-02-26,s11_buyback_announcement,0000700923-25-000005,MYR GROUP INC.  (MYRG)  (CIK 0000700923)
MYRG,2025-07-30,s11_buyback_announcement,0000700923-25-000028,MYR GROUP INC.  (MYRG)  (CIK 0000700923)
MYRG,2025-08-08,s11_buyback_announcement,0000700923-25-000032,MYR GROUP INC.  (MYRG)  (CIK 0000700923)
NBHC,2026-01-27,s11_buyback_announcement,0001475841-26-000003,National Bank Holdings Corp  (NBHC)  (CIK 0001475841)
NBHC,2026-04-21,s11_buyback_announcement,0001475841-26-000018,National Bank Holdings Corp  (NBHC)  (CIK 0001475841)
NCMI,2024-03-18,s11_buyback_announcement,0001377630-24-000040,"National CineMedia, Inc.  (NCMI)  (CIK 0001377630)"
NECB,2023-05-31,s11_buyback_announcement,0001104659-23-066489,"NorthEast Community Bancorp, Inc./MD/  (NECB)  (CIK 0001847398)"
NEU,2024-12-12,s11_buyback_announcement,0001193125-24-277254,NEWMARKET CORP  (NEU)  (CIK 0001282637)
NEWT,2024-11-04,s11_buyback_announcement,0001587987-24-000227,"NewtekOne, Inc.  (NEWT, NEWTG, NEWTH, NEWTI, NEWTZ)  (CIK 0001587987)"
NFBK,2022-06-17,s11_buyback_announcement,0001493225-22-000070,"Northfield Bancorp, Inc.  (NFBK)  (CIK 0001493225)"
NHC,2022-08-09,s11_buyback_announcement,0001437749-22-019432,NATIONAL HEALTHCARE CORP  (NHC)  (CIK 0001047335)
NLY,2022-01-03,s11_buyback_announcement,0001193125-22-000620,"ANNALY CAPITAL MANAGEMENT INC  (NLY, NLY-PF, NLY-PG, NLY-PI)  (CIK 0001043219)"
NMIH,2022-02-15,s11_buyback_announcement,0001547903-22-000050,"NMI Holdings, Inc.  (NMIH)  (CIK 0001547903)"
NNI,2022-05-09,s11_buyback_announcement,0001258602-22-000041,NELNET INC  (NNI)  (CIK 0001258602)
NNI,2025-05-08,s11_buyback_announcement,0001258602-25-000034,NELNET INC  (NNI)  (CIK 0001258602)
NOC,2022-01-27,s11_buyback_announcement,0001133421-22-000003,NORTHROP GRUMMAN CORP /DE/  (NOC)  (CIK 0001133421)
NOG,2024-07-30,s11_buyback_announcement,0001104485-24-000144,"NORTHERN OIL & GAS, INC.  (NOG)  (CIK 0001104485)"
NOG,2024-11-05,s11_buyback_announcement,0001104485-24-000211,"NORTHERN OIL & GAS, INC.  (NOG)  (CIK 0001104485)"
NPO,2022-11-01,s11_buyback_announcement,0001164863-22-000043,"ENPRO INDUSTRIES, INC  (NPO)  (CIK 0001164863)"
NRDS,2024-09-09,s11_buyback_announcement,0001625278-24-000152,"NERDWALLET, INC.  (NRDS)  (CIK 0001625278)"
NSA,2023-12-01,s11_buyback_announcement,0001628280-23-040440,"National Storage Affiliates Trust  (NSA, NSA-PA, NSA-PB)  (CIK 0001618563)"
NSA,2024-02-28,s11_buyback_announcement,0001628280-24-007575,"National Storage Affiliates Trust  (NSA, NSA-PA, NSA-PB)  (CIK 0001618563)"
NSA,2024-11-14,s11_buyback_announcement,0001628280-24-047883,"National Storage Affiliates Trust  (NSA, NSA-PA, NSA-PB)  (CIK 0001618563)"
NSA,2025-02-26,s11_buyback_announcement,0001628280-25-008129,"National Storage Affiliates Trust  (NSA, NSA-PA, NSA-PB)  (CIK 0001618563)"
NSTS,2023-12-21,s11_buyback_announcement,0001437749-23-035144,"NSTS Bancorp, Inc.  (NSTS)  (CIK 0001881592)"
NTCT,2022-05-05,s11_buyback_announcement,0001157523-22-000562,NETSCOUT SYSTEMS INC  (NTCT)  (CIK 0001078075)
NUE,2022-01-27,s11_buyback_announcement,0001193125-22-019362,NUCOR CORP  (NUE)  (CIK 0000073309)
NUE,2023-07-24,s11_buyback_announcement,0001193125-23-192367,NUCOR CORP  (NUE)  (CIK 0000073309)
NUE,2023-10-23,s11_buyback_announcement,0001193125-23-260894,NUCOR CORP  (NUE)  (CIK 0000073309)
NUE,2026-04-27,s11_buyback_announcement,0001193125-26-182332,NUCOR CORP  (NUE)  (CIK 0000073309)
NVST,2026-05-06,s11_buyback_announcement,0001757073-26-000040,Envista Holdings Corp  (NVST)  (CIK 0001757073)
NWPX,2025-12-16,s11_buyback_announcement,0001437749-25-038005,"NWPX Infrastructure, Inc.  (NWPX)  (CIK 0001001385)"
NXST,2022-07-29,s11_buyback_announcement,0000950170-22-013424,"NEXSTAR MEDIA GROUP, INC.  (NXST)  (CIK 0001142417)"
NXST,2022-11-08,s11_buyback_announcement,0000950170-22-022896,"NEXSTAR MEDIA GROUP, INC.  (NXST)  (CIK 0001142417)"
NXST,2024-07-31,s11_buyback_announcement,0000950170-24-088407,"NEXSTAR MEDIA GROUP, INC.  (NXST)  (CIK 0001142417)"
ODFL,2023-07-26,s11_buyback_announcement,0000950170-23-034576,"OLD DOMINION FREIGHT LINE, INC.  (ODFL)  (CIK 0000878927)"
OEC,2023-05-05,s11_buyback_announcement,0000950142-23-001359,Orion Engineered Carbons S.A.  (OEC)  (CIK 0001609804)
OLED,2025-05-01,s11_buyback_announcement,0000950170-25-061829,UNIVERSAL DISPLAY CORP \PA\  (OLED)  (CIK 0001005284)
OLED,2026-04-30,s11_buyback_announcement,0001193125-26-197240,UNIVERSAL DISPLAY CORP \PA\  (OLED)  (CIK 0001005284)
OLN,2024-12-12,s11_buyback_announcement,0000074303-24-000205,OLIN Corp  (OLN)  (CIK 0000074303)
OMCL,2025-05-22,s11_buyback_announcement,0001104659-25-051854,"OMNICELL, INC.  (OMCL)  (CIK 0000926326)"
ON,2023-02-06,s11_buyback_announcement,0001193125-23-024908,ON SEMICONDUCTOR CORP  (ON)  (CIK 0001097864)
OPBK,2023-08-28,s11_buyback_announcement,0001628280-23-030786,OP Bancorp  (OPBK)  (CIK 0001722010)
OPBK,2025-08-29,s11_buyback_announcement,0001722010-25-000007,OP Bancorp  (OPBK)  (CIK 0001722010)
OPFI,2024-04-09,s11_buyback_announcement,0001818502-24-000006,"OppFi Inc.  (OPFI, OPFI-WT)  (CIK 0001818502)"
OPFI,2026-05-07,s11_buyback_announcement,0001818502-26-000042,"OppFi Inc.  (OPFI, OPFI-WT)  (CIK 0001818502)"
OPXS,2026-02-11,s11_buyback_announcement,0001493152-26-006129,Optex Systems Holdings Inc  (OPXS)  (CIK 0001397016)
OSBC,2026-06-25,s11_buyback_announcement,0000357173-26-000030,OLD SECOND BANCORP INC  (OSBC)  (CIK 0000357173)
OSW,2024-05-01,s11_buyback_announcement,0000950170-24-050882,ONESPAWORLD HOLDINGS Ltd  (OSW)  (CIK 0001758488)
OSW,2025-04-30,s11_buyback_announcement,0000950170-25-060550,ONESPAWORLD HOLDINGS Ltd  (OSW)  (CIK 0001758488)
PANL,2025-05-12,s11_buyback_announcement,0001606909-25-000112,Pangaea Logistics Solutions Ltd.  (PANL)  (CIK 0001606909)
PATH,2026-03-11,s11_buyback_announcement,0001734722-26-000007,"UiPath, Inc.  (PATH)  (CIK 0001734722)"
PAYS,2023-03-22,s11_buyback_announcement,0001683168-23-001651,"Paysign, Inc.  (PAYS)  (CIK 0001496443)"
PCB,2023-10-25,s11_buyback_announcement,0001423869-23-000050,PCB BANCORP  (PCB)  (CIK 0001423869)
PCB,2024-01-25,s11_buyback_announcement,0001423869-24-000002,PCB BANCORP  (PCB)  (CIK 0001423869)
PCOR,2025-11-05,s11_buyback_announcement,0001628280-25-049520,"PROCORE TECHNOLOGIES, INC.  (PCOR)  (CIK 0001611052)"
PCRX,2024-05-07,s11_buyback_announcement,0001396814-24-000044,"Pacira BioSciences, Inc.  (PCRX)  (CIK 0001396814)"
PCRX,2025-04-22,s11_buyback_announcement,0001396814-25-000055,"Pacira BioSciences, Inc.  (PCRX)  (CIK 0001396814)"
PD,2025-03-13,s11_buyback_announcement,0001568100-25-000019,"PagerDuty, Inc.  (PD)  (CIK 0001568100)"
PEB,2023-02-24,s11_buyback_announcement,0001474098-23-000057,"Pebblebrook Hotel Trust  (PEB, PEB-PE, PEB-PF, PEB-PG, PEB-PH)  (CIK 0001474098)"
PEB,2025-10-27,s11_buyback_announcement,0001474098-25-000132,"Pebblebrook Hotel Trust  (PEB, PEB-PE, PEB-PF, PEB-PG, PEB-PH)  (CIK 0001474098)"
PFGC,2022-11-16,s11_buyback_announcement,0000950170-22-025311,Performance Food Group Co  (PFGC)  (CIK 0001618673)
PFGC,2023-08-16,s11_buyback_announcement,0000950170-23-042911,Performance Food Group Co  (PFGC)  (CIK 0001618673)
PFGC,2025-05-28,s11_buyback_announcement,0000950170-25-078073,Performance Food Group Co  (PFGC)  (CIK 0001618673)
PFGC,2025-08-13,s11_buyback_announcement,0001618673-25-000010,Performance Food Group Co  (PFGC)  (CIK 0001618673)
PK,2023-02-22,s11_buyback_announcement,0000950170-23-003765,Park Hotels & Resorts Inc.  (PK)  (CIK 0001617406)
PLNT,2024-06-13,s11_buyback_announcement,0001637207-24-000059,"Planet Fitness, Inc.  (PLNT)  (CIK 0001637207)"
PLNT,2025-12-15,s11_buyback_announcement,0001637207-25-000088,"Planet Fitness, Inc.  (PLNT)  (CIK 0001637207)"
PLXS,2022-08-18,s11_buyback_announcement,0000785786-22-000075,PLEXUS CORP  (PLXS)  (CIK 0000785786)
PLXS,2024-08-16,s11_buyback_announcement,0000785786-24-000060,PLEXUS CORP  (PLXS)  (CIK 0000785786)
PLXS,2025-05-14,s11_buyback_announcement,0000785786-25-000029,PLEXUS CORP  (PLXS)  (CIK 0000785786)
PRDO,2024-02-21,s11_buyback_announcement,0000950170-24-017942,PERDOCEO EDUCATION Corp  (PRDO)  (CIK 0001046568)
PRDO,2025-07-31,s11_buyback_announcement,0000950170-25-100874,PERDOCEO EDUCATION Corp  (PRDO)  (CIK 0001046568)
PROV,2026-04-28,s11_buyback_announcement,0000939057-26-000092,PROVIDENT FINANCIAL HOLDINGS INC  (PROV)  (CIK 0001010470)
PRPH,2023-03-15,s11_buyback_announcement,0001493152-23-007683,"ProPhase Labs, Inc.  (PRPH)  (CIK 0000868278)"
PWR,2023-05-30,s11_buyback_announcement,0001193125-23-156591,"QUANTA SERVICES, INC.  (PWR)  (CIK 0001050915)"
PWR,2026-05-27,s11_buyback_announcement,0001193125-26-241989,"QUANTA SERVICES, INC.  (PWR)  (CIK 0001050915)"
PZZA,2022-02-24,s11_buyback_announcement,0001157523-22-000248,PAPA JOHNS INTERNATIONAL INC  (PZZA)  (CIK 0000901491)
PZZA,2022-05-05,s11_buyback_announcement,0001157523-22-000559,PAPA JOHNS INTERNATIONAL INC  (PZZA)  (CIK 0000901491)
QCRH,2025-10-22,s11_buyback_announcement,0001104659-25-101522,QCR HOLDINGS INC  (QCRH)  (CIK 0000906465)
RBA,2026-03-09,s11_buyback_announcement,0001104659-26-024984,RB GLOBAL INC.  (RBA)  (CIK 0001046102)
RC,2025-01-16,s11_buyback_announcement,0001104659-25-004145,"Ready Capital Corp  (RC, RCB, RCC, RCD, RC-PC, RC-PE)  (CIK 0001527590)"
RC,2025-03-03,s11_buyback_announcement,0001628280-25-009228,"Ready Capital Corp  (RC, RCB, RCC, RCD, RC-PC, RC-PE)  (CIK 0001527590)"
RCKY,2025-02-25,s11_buyback_announcement,0001437749-25-005058,"ROCKY BRANDS, INC.  (RCKY)  (CIK 0000895456)"
RCKY,2026-02-24,s11_buyback_announcement,0001437749-26-005341,"ROCKY BRANDS, INC.  (RCKY)  (CIK 0000895456)"
RDN,2023-02-09,s11_buyback_announcement,0001157523-23-000222,RADIAN GROUP INC  (RDN)  (CIK 0000890926)
REG,2023-02-10,s11_buyback_announcement,0000950170-23-002408,"REGENCY CENTERS CORP  (REG, REGCO, REGCP)  (CIK 0000910606)"
REG,2024-08-01,s11_buyback_announcement,0000950170-24-089334,"REGENCY CENTERS CORP  (REG, REGCO, REGCP)  (CIK 0000910606)"
REGN,2022-02-04,s11_buyback_announcement,0001804220-22-000004,"REGENERON PHARMACEUTICALS, INC.  (REGN)  (CIK 0000872589)"
REGN,2023-02-03,s11_buyback_announcement,0001804220-23-000005,"REGENERON PHARMACEUTICALS, INC.  (REGN)  (CIK 0000872589)"
REGN,2023-05-04,s11_buyback_announcement,0001804220-23-000015,"REGENERON PHARMACEUTICALS, INC.  (REGN)  (CIK 0000872589)"
REGN,2024-05-02,s11_buyback_announcement,0001804220-24-000015,"REGENERON PHARMACEUTICALS, INC.  (REGN)  (CIK 0000872589)"
REGN,2024-08-01,s11_buyback_announcement,0001804220-24-000026,"REGENERON PHARMACEUTICALS, INC.  (REGN)  (CIK 0000872589)"
REGN,2025-04-29,s11_buyback_announcement,0001804220-25-000020,"REGENERON PHARMACEUTICALS, INC.  (REGN)  (CIK 0000872589)"
REGN,2026-04-29,s11_buyback_announcement,0000872589-26-000014,"REGENERON PHARMACEUTICALS, INC.  (REGN)  (CIK 0000872589)"
RGP,2024-10-21,s11_buyback_announcement,0001084765-24-000149,"RESOURCES CONNECTION, INC.  (RGP)  (CIK 0001084765)"
RLI,2026-05-14,s11_buyback_announcement,0001104659-26-060848,RLI CORP  (RLI)  (CIK 0000084246)
RM,2022-02-09,s11_buyback_announcement,0001564590-22-004410,Regional Management Corp.  (RM)  (CIK 0001519401)
RNST,2024-07-29,s11_buyback_announcement,0001193125-24-187608,RENASANT CORP  (RNST)  (CIK 0000715072)
RNST,2025-04-04,s11_buyback_announcement,0000715072-25-000123,RENASANT CORP  (RNST)  (CIK 0000715072)
RPRX,2025-02-11,s11_buyback_announcement,0001193125-25-023988,Royalty Pharma plc  (RPRX)  (CIK 0001802768)
RUSHA,2022-12-02,s11_buyback_announcement,0001437749-22-028345,"RUSH ENTERPRISES INC \TX\  (RUSHA, RUSHB)  (CIK 0001012019)"
RUSHA,2023-12-06,s11_buyback_announcement,0001437749-23-033734,"RUSH ENTERPRISES INC \TX\  (RUSHA, RUSHB)  (CIK 0001012019)"
RUSHA,2024-12-03,s11_buyback_announcement,0001437749-24-036578,"RUSH ENTERPRISES INC \TX\  (RUSHA, RUSHB)  (CIK 0001012019)"
RUSHA,2025-12-03,s11_buyback_announcement,0001437749-25-036807,"RUSH ENTERPRISES INC \TX\  (RUSHA, RUSHB)  (CIK 0001012019)"
RWAY,2024-08-08,s11_buyback_announcement,0000950170-24-093902,"Runway Growth Finance Corp.  (RWAY, RWAYL, RWAYZ)  (CIK 0001653384)"
RWT,2022-07-28,s11_buyback_announcement,0001628280-22-019704,"REDWOOD TRUST INC  (RWT, RWTN, RWTO, RWT-PA)  (CIK 0000930236)"
RYZ,2026-05-06,s11_buyback_announcement,0001193125-26-209039,Ryerson Holding Corp  (RYZ)  (CIK 0001481582)
SBFG,2022-12-23,s11_buyback_announcement,0001213900-22-082430,"SB FINANCIAL GROUP, INC.  (SBFG)  (CIK 0000767405)"
SBFG,2024-12-19,s11_buyback_announcement,0001213900-24-110525,"SB FINANCIAL GROUP, INC.  (SBFG)  (CIK 0000767405)"
SEG,2026-03-05,s11_buyback_announcement,0001104659-26-023682,Seaport Entertainment Group Inc.  (SEG)  (CIK 0002009684)
SFBC,2024-01-29,s11_buyback_announcement,0001541119-24-000004,"Sound Financial Bancorp, Inc.  (SFBC)  (CIK 0001541119)"
SFM,2022-03-03,s11_buyback_announcement,0000950170-22-002789,"Sprouts Farmers Market, Inc.  (SFM)  (CIK 0001575515)"
SFM,2024-05-23,s11_buyback_announcement,0001575515-24-000105,"Sprouts Farmers Market, Inc.  (SFM)  (CIK 0001575515)"
SFM,2025-08-19,s11_buyback_announcement,0001575515-25-000230,"Sprouts Farmers Market, Inc.  (SFM)  (CIK 0001575515)"
SFNC,2022-01-27,s11_buyback_announcement,0001171843-22-000548,SIMMONS FIRST NATIONAL CORP  (SFNC)  (CIK 0000090498)
SFNC,2022-04-28,s11_buyback_announcement,0001171843-22-002914,SIMMONS FIRST NATIONAL CORP  (SFNC)  (CIK 0000090498)
SFNC,2024-01-24,s11_buyback_announcement,0001193125-24-013592,SIMMONS FIRST NATIONAL CORP  (SFNC)  (CIK 0000090498)
SFNC,2026-02-17,s11_buyback_announcement,0001193125-26-054851,SIMMONS FIRST NATIONAL CORP  (SFNC)  (CIK 0000090498)
SGRY,2026-03-02,s11_buyback_announcement,0001638833-26-000006,"Surgery Partners, Inc.  (SGRY)  (CIK 0001638833)"
SHOE,2022-12-15,s11_buyback_announcement,0000950170-22-026611,SHOE CARNIVAL INC  (SCVL)  (CIK 0000895447)
SHOE,2023-12-18,s11_buyback_announcement,0000950170-23-070933,SHOE CARNIVAL INC  (SCVL)  (CIK 0000895447)
SHOE,2024-12-12,s11_buyback_announcement,0000950170-24-135589,SHOE CARNIVAL INC  (SCVL)  (CIK 0000895447)
SHOE,2025-12-12,s11_buyback_announcement,0001193125-25-316812,SHOE CARNIVAL INC  (SCVL)  (CIK 0000895447)
SIGI,2025-10-22,s11_buyback_announcement,0000230557-25-000022,"SELECTIVE INSURANCE GROUP INC  (SIGI, SIGIP)  (CIK 0000230557)"
SKIN,2022-09-27,s11_buyback_announcement,0001818093-22-000158,Beauty Health Co  (SKIN)  (CIK 0001818093)
SKY,2024-05-21,s11_buyback_announcement,0000950170-24-062895,Skyline Champion Corp  (SKY)  (CIK 0000090896)
SLAB,2022-02-02,s11_buyback_announcement,0001104659-22-010616,SILICON LABORATORIES INC.  (SLAB)  (CIK 0001038074)
SLM,2026-01-22,s11_buyback_announcement,0001032033-26-000003,"SLM Corp  (SLM, SLMBP)  (CIK 0001032033)"
SMBC,2026-01-22,s11_buyback_announcement,0001104659-26-005459,"SOUTHERN MISSOURI BANCORP, INC.  (SMBC)  (CIK 0000916907)"
SMBK,2026-01-30,s11_buyback_announcement,0001104659-26-008699,SMARTFINANCIAL INC.  (SMBK)  (CIK 0001038773)
SNAP,2024-10-29,s11_buyback_announcement,0001564408-24-000058,Snap Inc  (SNAP)  (CIK 0001564408)
SNAP,2025-11-05,s11_buyback_announcement,0001564408-25-000063,Snap Inc  (SNAP)  (CIK 0001564408)
SNAP,2026-02-04,s11_buyback_announcement,0001564408-26-000011,Snap Inc  (SNAP)  (CIK 0001564408)
SNDR,2023-02-01,s11_buyback_announcement,0001692063-23-000010,"Schneider National, Inc.  (SNDR)  (CIK 0001692063)"
SNDR,2026-01-28,s11_buyback_announcement,0001692063-26-000004,"Schneider National, Inc.  (SNDR)  (CIK 0001692063)"
SPB,2023-06-20,s11_buyback_announcement,0000109177-23-000030,"Spectrum Brands Holdings, Inc.  (SPB)  (CIK 0000109177)"
SPFI,2022-05-19,s11_buyback_announcement,0001140361-22-019973,"SOUTH PLAINS FINANCIAL, INC.  (SPFI)  (CIK 0001163668)"
SPFI,2023-05-05,s11_buyback_announcement,0001140361-23-023251,"SOUTH PLAINS FINANCIAL, INC.  (SPFI)  (CIK 0001163668)"
SPFI,2024-02-26,s11_buyback_announcement,0001140361-24-009525,"SOUTH PLAINS FINANCIAL, INC.  (SPFI)  (CIK 0001163668)"
SPFI,2025-02-25,s11_buyback_announcement,0001140361-25-005867,"SOUTH PLAINS FINANCIAL, INC.  (SPFI)  (CIK 0001163668)"
SPFI,2026-02-23,s11_buyback_announcement,0001140361-26-006370,"SOUTH PLAINS FINANCIAL, INC.  (SPFI)  (CIK 0001163668)"
SPGI,2025-11-13,s11_buyback_announcement,0000064040-25-000175,S&P Global Inc.  (SPGI)  (CIK 0000064040)
SRTS,2023-08-11,s11_buyback_announcement,0001213900-23-065938,"Sensus Healthcare, Inc.  (SRTS)  (CIK 0001494891)"
SSB,2026-01-22,s11_buyback_announcement,0001104659-26-005783,SouthState Bank Corp  (SSB)  (CIK 0000764038)
SSTI,2022-11-08,s11_buyback_announcement,0000950170-22-023311,"SHOTSPOTTER, INC  (SSTI)  (CIK 0001351636)"
SSTI,2022-11-14,s11_buyback_announcement,0000950170-22-024776,"SHOTSPOTTER, INC  (SSTI)  (CIK 0001351636)"
STEL,2022-09-22,s11_buyback_announcement,0001558370-22-014551,"CBTX, Inc.  (STEL)  (CIK 0001473844)"
STEL,2024-05-23,s11_buyback_announcement,0001473844-24-000017,"Stellar Bancorp, Inc.  (STEL)  (CIK 0001473844)"
STEL,2025-04-23,s11_buyback_announcement,0001473844-25-000028,"Stellar Bancorp, Inc.  (STEL)  (CIK 0001473844)"
STRL,2025-11-12,s11_buyback_announcement,0000874238-25-000138,"STERLING INFRASTRUCTURE, INC.  (STRL)  (CIK 0000874238)"
STRR,2025-09-12,s11_buyback_announcement,0001210708-25-000105,"Star Equity Holdings, Inc.  (HSON, HSONP)  (CIK 0001210708)"
STRR,2025-11-13,s11_buyback_announcement,0001210708-25-000126,"Star Equity Holdings, Inc.  (STRR, STRRP)  (CIK 0001210708)"
STRS,2022-09-02,s11_buyback_announcement,0000885508-22-000048,STRATUS PROPERTIES INC  (STRS)  (CIK 0000885508)
STRS,2022-11-14,s11_buyback_announcement,0000885508-22-000056,STRATUS PROPERTIES INC  (STRS)  (CIK 0000885508)
STRS,2023-03-31,s11_buyback_announcement,0000885508-23-000019,STRATUS PROPERTIES INC  (STRS)  (CIK 0000885508)
STRS,2023-11-14,s11_buyback_announcement,0000885508-23-000053,STRATUS PROPERTIES INC  (STRS)  (CIK 0000885508)
STRS,2024-03-28,s11_buyback_announcement,0000885508-24-000026,STRATUS PROPERTIES INC  (STRS)  (CIK 0000885508)
STRS,2024-08-13,s11_buyback_announcement,0000885508-24-000057,STRATUS PROPERTIES INC  (STRS)  (CIK 0000885508)
STRS,2024-11-13,s11_buyback_announcement,0000885508-24-000069,STRATUS PROPERTIES INC  (STRS)  (CIK 0000885508)
STRS,2025-03-28,s11_buyback_announcement,0000885508-25-000020,STRATUS PROPERTIES INC  (STRS)  (CIK 0000885508)
STRS,2025-05-15,s11_buyback_announcement,0000885508-25-000042,STRATUS PROPERTIES INC  (STRS)  (CIK 0000885508)
STRT,2026-05-28,s11_buyback_announcement,0001193125-26-245261,STRATTEC SECURITY CORP  (STRT)  (CIK 0000933034)
SUIG,2025-09-15,s11_buyback_announcement,0001213900-25-087368,SUI Group Holdings Ltd.  (SUIG)  (CIK 0001425355)
SWBI,2023-09-20,s11_buyback_announcement,0001193125-23-238033,"SMITH & WESSON BRANDS, INC.  (SWBI)  (CIK 0001092796)"
SWBI,2024-09-05,s11_buyback_announcement,0001193125-24-214184,"SMITH & WESSON BRANDS, INC.  (SWBI)  (CIK 0001092796)"
SXI,2022-05-09,s11_buyback_announcement,0001437749-22-011430,STANDEX INTERNATIONAL CORP/DE/  (SXI)  (CIK 0000310354)
SYBT,2025-07-18,s11_buyback_announcement,0001437749-25-022957,"Stock Yards Bancorp, Inc.  (SYBT)  (CIK 0000835324)"
SYF,2026-04-21,s11_buyback_announcement,0001601712-26-000013,"Synchrony Financial  (SYF, SYF-PA, SYF-PB)  (CIK 0001601712)"
SYNA,2025-08-07,s11_buyback_announcement,0000817720-25-000066,SYNAPTICS Inc  (SYNA)  (CIK 0000817720)
TAP,2023-11-02,s11_buyback_announcement,0001157523-23-001617,"MOLSON COORS BEVERAGE CO  (TAP, TAP-A)  (CIK 0000024545)"
TAP,2024-02-13,s11_buyback_announcement,0001157523-24-000225,"MOLSON COORS BEVERAGE CO  (TAP, TAP-A)  (CIK 0000024545)"
TBCH,2025-05-08,s11_buyback_announcement,0000950170-25-067080,Turtle Beach Corp  (TBCH)  (CIK 0001493761)
TCBI,2022-04-20,s11_buyback_announcement,0001077428-22-000045,"TEXAS CAPITAL BANCSHARES INC/TX  (TCBI, TCBIO)  (CIK 0001077428)"
TCBI,2023-01-18,s11_buyback_announcement,0001077428-23-000002,"TEXAS CAPITAL BANCSHARES INC/TX  (TCBI, TCBIO)  (CIK 0001077428)"
TCBI,2024-01-18,s11_buyback_announcement,0001077428-24-000002,"TEXAS CAPITAL BANCSHARES INC/TX  (TCBI, TCBIO)  (CIK 0001077428)"
TCBI,2025-01-23,s11_buyback_announcement,0001077428-25-000003,"TEXAS CAPITAL BANCSHARES INC/TX  (TCBI, TCBIO)  (CIK 0001077428)"
TCBI,2025-12-02,s11_buyback_announcement,0001077428-25-000154,"TEXAS CAPITAL BANCSHARES INC/TX  (TCBI, TCBIO)  (CIK 0001077428)"
TCBI,2026-01-22,s11_buyback_announcement,0001077428-26-000005,"TEXAS CAPITAL BANCSHARES INC/TX  (TCBI, TCBIO)  (CIK 0001077428)"
TCBS,2023-11-09,s11_buyback_announcement,0000943374-23-000444,"Texas Community Bancshares, Inc.  (TCBS)  (CIK 0001849466)"
TCBS,2025-02-27,s11_buyback_announcement,0001558370-25-001809,"Texas Community Bancshares, Inc.  (TCBS)  (CIK 0001849466)"
TCBS,2025-12-16,s11_buyback_announcement,0000943374-25-000515,"Texas Community Bancshares, Inc.  (TCBS)  (CIK 0001849466)"
TCBX,2025-06-17,s11_buyback_announcement,0000950170-25-087391,"Third Coast Bancshares, Inc.  (TCBX)  (CIK 0001781730)"
TDC,2025-11-18,s11_buyback_announcement,0001628280-25-052782,TERADATA CORP /DE/  (TDC)  (CIK 0000816761)
TDS,2025-11-07,s11_buyback_announcement,0001051512-25-000070,"TELEPHONE & DATA SYSTEMS INC /DE/  (TDS, TDS-PU, TDS-PV)  (CIK 0001051512)"
TDW,2024-02-29,s11_buyback_announcement,0001437749-24-006107,"TIDEWATER INC  (TDW, TDDWW, TDGMW, TDW-WT)  (CIK 0000098222)"
TDW,2025-02-27,s11_buyback_announcement,0001437749-25-005493,"TIDEWATER INC  (TDW, TDDWW, TDGMW)  (CIK 0000098222)"
TDW,2025-08-04,s11_buyback_announcement,0001437749-25-024633,"TIDEWATER INC  (TDW, TDDWW, TDGMW)  (CIK 0000098222)"
TDY,2024-04-24,s11_buyback_announcement,0001094285-24-000052,TELEDYNE TECHNOLOGIES INC  (TDY)  (CIK 0001094285)
TDY,2025-07-23,s11_buyback_announcement,0001094285-25-000120,TELEDYNE TECHNOLOGIES INC  (TDY)  (CIK 0001094285)
TEAD,2022-12-15,s11_buyback_announcement,0001454938-22-000026,Outbrain Inc.  (OB)  (CIK 0001454938)
TEAM,2024-10-31,s11_buyback_announcement,0001650372-24-000054,Atlassian Corp  (TEAM)  (CIK 0001650372)
TEAM,2025-10-30,s11_buyback_announcement,0001650372-25-000064,Atlassian Corp  (TEAM)  (CIK 0001650372)
TECH,2022-02-01,s11_buyback_announcement,0001437749-22-002038,BIO-TECHNE Corp  (TECH)  (CIK 0000842023)
TECH,2025-05-07,s11_buyback_announcement,0001558370-25-006594,BIO-TECHNE Corp  (TECH)  (CIK 0000842023)
TEX,2025-07-31,s11_buyback_announcement,0000097216-25-000136,TEREX CORP  (TEX)  (CIK 0000097216)
TFC,2025-12-16,s11_buyback_announcement,0001193125-25-320800,"TRUIST FINANCIAL CORP  (TFC, TFC-PI, TFC-PO, TFC-PR)  (CIK 0000092230)"
TFIN,2023-05-04,s11_buyback_announcement,0001628280-23-015487,"Triumph Financial, Inc.  (TFIN, TFINP)  (CIK 0001539638)"
TFIN,2023-07-20,s11_buyback_announcement,0001628280-23-025233,"Triumph Financial, Inc.  (TFIN, TFINP)  (CIK 0001539638)"
THRM,2024-06-05,s11_buyback_announcement,0001193125-24-155175,GENTHERM Inc  (THRM)  (CIK 0000903129)
TJX,2022-02-23,s11_buyback_announcement,0001157523-22-000235,TJX COMPANIES INC /DE/  (TJX)  (CIK 0000109198)
TJX,2022-05-18,s11_buyback_announcement,0001157523-22-000655,TJX COMPANIES INC /DE/  (TJX)  (CIK 0000109198)
TJX,2022-08-17,s11_buyback_announcement,0001157523-22-001130,TJX COMPANIES INC /DE/  (TJX)  (CIK 0000109198)
TJX,2022-11-16,s11_buyback_announcement,0001157523-22-001633,TJX COMPANIES INC /DE/  (TJX)  (CIK 0000109198)
TJX,2023-02-22,s11_buyback_announcement,0001157523-23-000327,TJX COMPANIES INC /DE/  (TJX)  (CIK 0000109198)
TJX,2023-05-17,s11_buyback_announcement,0001157523-23-000869,TJX COMPANIES INC /DE/  (TJX)  (CIK 0000109198)
TJX,2023-08-16,s11_buyback_announcement,0001157523-23-001335,TJX COMPANIES INC /DE/  (TJX)  (CIK 0000109198)
TJX,2023-11-15,s11_buyback_announcement,0001157523-23-001738,TJX COMPANIES INC /DE/  (TJX)  (CIK 0000109198)
TJX,2024-02-28,s11_buyback_announcement,0000109198-24-000010,TJX COMPANIES INC /DE/  (TJX)  (CIK 0000109198)
TJX,2024-05-22,s11_buyback_announcement,0000109198-24-000031,TJX COMPANIES INC /DE/  (TJX)  (CIK 0000109198)
TJX,2024-08-21,s11_buyback_announcement,0000109198-24-000044,TJX COMPANIES INC /DE/  (TJX)  (CIK 0000109198)
TJX,2024-11-20,s11_buyback_announcement,0000109198-24-000056,TJX COMPANIES INC /DE/  (TJX)  (CIK 0000109198)
TJX,2025-02-26,s11_buyback_announcement,0000109198-25-000006,TJX COMPANIES INC /DE/  (TJX)  (CIK 0000109198)
TJX,2025-05-21,s11_buyback_announcement,0000109198-25-000037,TJX COMPANIES INC /DE/  (TJX)  (CIK 0000109198)
TJX,2025-08-20,s11_buyback_announcement,0000109198-25-000051,TJX COMPANIES INC /DE/  (TJX)  (CIK 0000109198)
TJX,2025-11-19,s11_buyback_announcement,0000109198-25-000058,TJX COMPANIES INC /DE/  (TJX)  (CIK 0000109198)
TJX,2026-02-25,s11_buyback_announcement,0000109198-26-000004,TJX COMPANIES INC /DE/  (TJX)  (CIK 0000109198)
TJX,2026-05-20,s11_buyback_announcement,0000109198-26-000023,TJX COMPANIES INC /DE/  (TJX)  (CIK 0000109198)
TMP,2023-07-21,s11_buyback_announcement,0001005817-23-000007,TOMPKINS FINANCIAL CORP  (TMP)  (CIK 0001005817)
TMP,2025-07-25,s11_buyback_announcement,0001005817-25-000016,TOMPKINS FINANCIAL CORP  (TMP)  (CIK 0001005817)
TPR,2023-11-09,s11_buyback_announcement,0001140361-23-052466,"TAPESTRY, INC.  (TPR)  (CIK 0001116132)"
TREX,2023-05-08,s11_buyback_announcement,0001157523-23-000766,TREX CO INC  (TREX)  (CIK 0001069878)
TRGP,2023-05-04,s11_buyback_announcement,0000950170-23-017422,Targa Resources Corp.  (TRGP)  (CIK 0001389170)
TRGP,2024-08-01,s11_buyback_announcement,0000950170-24-088922,Targa Resources Corp.  (TRGP)  (CIK 0001389170)
TRGP,2025-08-07,s11_buyback_announcement,0001193125-25-174913,Targa Resources Corp.  (TRGP)  (CIK 0001389170)
TRMK,2022-12-06,s11_buyback_announcement,0000950170-22-026100,TRUSTMARK CORP  (TRMK)  (CIK 0000036146)
TRMK,2023-12-05,s11_buyback_announcement,0000950170-23-068201,TRUSTMARK CORP  (TRMK)  (CIK 0000036146)
TRMK,2024-12-03,s11_buyback_announcement,0000950170-24-132768,TRUSTMARK CORP  (TRMK)  (CIK 0000036146)
TRMK,2025-12-03,s11_buyback_announcement,0001193125-25-306957,TRUSTMARK CORP  (TRMK)  (CIK 0000036146)
TRN,2023-02-21,s11_buyback_announcement,0000099780-23-000010,TRINITY INDUSTRIES INC  (TRN)  (CIK 0000099780)
TRST,2025-12-19,s11_buyback_announcement,0001140361-25-046193,TRUSTCO BANK CORP N Y  (TRST)  (CIK 0000357301)
TRTX,2025-09-04,s11_buyback_announcement,0001193125-25-196146,"TPG RE Finance Trust, Inc.  (TRTX, TRTX-PC)  (CIK 0001630472)"
TRTX,2025-10-28,s11_buyback_announcement,0001630472-25-000031,"TPG RE Finance Trust, Inc.  (TRTX, TRTX-PC)  (CIK 0001630472)"
TRTX,2026-02-17,s11_buyback_announcement,0001630472-26-000005,"TPG RE Finance Trust, Inc.  (TRTX, TRTX-PC)  (CIK 0001630472)"
TTC,2022-12-13,s11_buyback_announcement,0001140361-22-045387,TORO CO  (TTC)  (CIK 0000737758)
TTC,2024-12-11,s11_buyback_announcement,0000737758-24-000075,TORO CO  (TTC)  (CIK 0000737758)
TTC,2025-12-09,s11_buyback_announcement,0001628280-25-056159,TORO CO  (TTC)  (CIK 0000737758)
TTC,2026-02-17,s11_buyback_announcement,0001628280-26-008467,TORO CO  (TTC)  (CIK 0000737758)
TTMI,2025-05-09,s11_buyback_announcement,0001193125-25-116469,TTM TECHNOLOGIES INC  (TTMI)  (CIK 0001116942)
TULP,2023-08-28,s11_buyback_announcement,0001654954-23-011258,"LENDWAY, INC.  (LDWY)  (CIK 0000875355)"
UAL,2024-10-15,s11_buyback_announcement,0000100517-24-000132,"United Airlines Holdings, Inc.  (UAL)  (CIK 0000100517)"
UEIC,2023-11-02,s11_buyback_announcement,0000101984-23-000055,UNIVERSAL ELECTRONICS INC  (UEIC)  (CIK 0000101984)
UNF,2024-01-03,s11_buyback_announcement,0000950170-24-000538,UNIFIRST CORP  (UNF)  (CIK 0000717954)
UNFI,2022-09-27,s11_buyback_announcement,0001020859-22-000042,UNITED NATURAL FOODS INC  (UNFI)  (CIK 0001020859)
UNM,2025-12-04,s11_buyback_announcement,0000005513-25-000137,"Unum Group  (UNM, UNMA)  (CIK 0000005513)"
UNTY,2023-04-27,s11_buyback_announcement,0000920427-23-000042,UNITY BANCORP INC /NJ/  (UNTY)  (CIK 0000920427)
UNTY,2024-08-01,s11_buyback_announcement,0000920427-24-000060,UNITY BANCORP INC /NJ/  (UNTY)  (CIK 0000920427)
USCB,2024-04-25,s11_buyback_announcement,0001562762-24-000098,"USCB FINANCIAL HOLDINGS, INC.  (USCB)  (CIK 0001901637)"
USFD,2024-08-08,s11_buyback_announcement,0001665918-24-000132,US Foods Holding Corp.  (USFD)  (CIK 0001665918)
USFD,2025-05-08,s11_buyback_announcement,0001665918-25-000080,US Foods Holding Corp.  (USFD)  (CIK 0001665918)
USFD,2025-08-07,s11_buyback_announcement,0001665918-25-000119,US Foods Holding Corp.  (USFD)  (CIK 0001665918)
UTHR,2026-03-09,s11_buyback_announcement,0001104659-26-025331,UNITED THERAPEUTICS Corp  (UTHR)  (CIK 0001082554)
UTZ,2026-02-12,s11_buyback_announcement,0001628280-26-007457,"Utz Brands, Inc.  (UTZ)  (CIK 0001739566)"
UVE,2023-06-12,s11_buyback_announcement,0000891166-23-000051,"UNIVERSAL INSURANCE HOLDINGS, INC.  (UVE)  (CIK 0000891166)"
UVE,2024-03-12,s11_buyback_announcement,0000891166-24-000016,"UNIVERSAL INSURANCE HOLDINGS, INC.  (UVE)  (CIK 0000891166)"
UVE,2025-05-01,s11_buyback_announcement,0000891166-25-000061,"UNIVERSAL INSURANCE HOLDINGS, INC.  (UVE)  (CIK 0000891166)"
UVE,2026-01-07,s11_buyback_announcement,0000891166-26-000002,"UNIVERSAL INSURANCE HOLDINGS, INC.  (UVE)  (CIK 0000891166)"
VIRC,2025-01-21,s11_buyback_announcement,0001628280-25-001999,VIRCO MFG CORPORATION  (VIRC)  (CIK 0000751365)
VLY,2026-02-24,s11_buyback_announcement,0000714310-26-000010,"VALLEY NATIONAL BANCORP  (VLY, VLYPN, VLYPO, VLYPP)  (CIK 0000714310)"
VMD,2026-03-04,s11_buyback_announcement,0001729149-26-000008,"VIEMED HEALTHCARE, INC.  (VMD)  (CIK 0001729149)"
VMD,2026-03-16,s11_buyback_announcement,0001729149-26-000011,"VIEMED HEALTHCARE, INC.  (VMD)  (CIK 0001729149)"
VMD,2026-06-02,s11_buyback_announcement,0001729149-26-000032,"VIEMED HEALTHCARE, INC.  (VMD)  (CIK 0001729149)"
VRME,2022-07-01,s11_buyback_announcement,0001214659-22-008509,"VerifyMe, Inc.  (VRME, VRMEW)  (CIK 0001104038)"
VRRM,2022-05-09,s11_buyback_announcement,0000950170-22-008506,VERRA MOBILITY Corp  (VRRM)  (CIK 0001682745)
VRRM,2022-11-21,s11_buyback_announcement,0000950170-22-025479,VERRA MOBILITY Corp  (VRRM)  (CIK 0001682745)
VRRM,2023-03-01,s11_buyback_announcement,0000950170-23-005534,VERRA MOBILITY Corp  (VRRM)  (CIK 0001682745)
VRRM,2023-11-09,s11_buyback_announcement,0000950170-23-062035,VERRA MOBILITY Corp  (VRRM)  (CIK 0001682745)
VRRM,2024-08-08,s11_buyback_announcement,0000950170-24-094008,VERRA MOBILITY Corp  (VRRM)  (CIK 0001682745)
VRRM,2024-10-31,s11_buyback_announcement,0000950170-24-119558,VERRA MOBILITY Corp  (VRRM)  (CIK 0001682745)
VRRM,2025-08-06,s11_buyback_announcement,0000950170-25-104068,VERRA MOBILITY Corp  (VRRM)  (CIK 0001682745)
VRTX,2023-02-07,s11_buyback_announcement,0000875320-23-000004,VERTEX PHARMACEUTICALS INC / MA  (VRTX)  (CIK 0000875320)
VSXY,2022-03-02,s11_buyback_announcement,0001856437-22-000004,Victoria's Secret & Co.  (VSCO)  (CIK 0001856437)
VSXY,2023-01-11,s11_buyback_announcement,0001856437-23-000005,Victoria's Secret & Co.  (VSCO)  (CIK 0001856437)
VSXY,2024-03-06,s11_buyback_announcement,0001856437-24-000002,Victoria's Secret & Co.  (VSCO)  (CIK 0001856437)
WDAY,2022-11-29,s11_buyback_announcement,0001327811-22-000182,"Workday, Inc.  (WDAY)  (CIK 0001327811)"
WDAY,2024-02-26,s11_buyback_announcement,0001327811-24-000031,"Workday, Inc.  (WDAY)  (CIK 0001327811)"
WDAY,2024-08-22,s11_buyback_announcement,0001327811-24-000163,"Workday, Inc.  (WDAY)  (CIK 0001327811)"
WDAY,2025-05-22,s11_buyback_announcement,0001327811-25-000105,"Workday, Inc.  (WDAY)  (CIK 0001327811)"
WERN,2024-05-15,s11_buyback_announcement,0000793074-24-000042,WERNER ENTERPRISES INC  (WERN)  (CIK 0000793074)
WERN,2025-08-11,s11_buyback_announcement,0000793074-25-000046,WERNER ENTERPRISES INC  (WERN)  (CIK 0000793074)
WEX,2022-08-23,s11_buyback_announcement,0001157523-22-001153,WEX Inc.  (WEX)  (CIK 0001309108)
WING,2023-08-17,s11_buyback_announcement,0001636222-23-000108,Wingstop Inc.  (WING)  (CIK 0001636222)
WSBC,2022-02-24,s11_buyback_announcement,0000950170-22-001991,"WESBANCO INC  (WSBC, WSBCP)  (CIK 0000203596)"
WSBC,2026-05-20,s11_buyback_announcement,0001193125-26-232649,"WESBANCO INC  (WSBC, WSBCO)  (CIK 0000203596)"
WSBF,2022-01-27,s11_buyback_announcement,0001569994-22-000007,"Waterstone Financial, Inc.  (WSBF)  (CIK 0001569994)"
WSBF,2023-07-25,s11_buyback_announcement,0001437749-23-020613,"Waterstone Financial, Inc.  (WSBF)  (CIK 0001569994)"
WSM,2023-03-16,s11_buyback_announcement,0001628280-23-008202,WILLIAMS SONOMA INC  (WSM)  (CIK 0000719955)
WST,2023-02-16,s11_buyback_announcement,0000105770-23-000004,WEST PHARMACEUTICAL SERVICES INC  (WST)  (CIK 0000105770)
XPRO,2022-08-04,s11_buyback_announcement,0001437749-22-018730,EXPRO GROUP HOLDINGS N.V.  (XPRO)  (CIK 0001575828)
XPRO,2023-05-04,s11_buyback_announcement,0001437749-23-012419,EXPRO GROUP HOLDINGS N.V.  (XPRO)  (CIK 0001575828)
ZYME,2026-01-12,s11_buyback_announcement,0001193125-26-010480,Zymeworks Inc.  (ZYME)  (CIK 0001937653)
ZYME,2026-03-02,s11_buyback_announcement,0001937653-26-000013,Zymeworks Inc.  (ZYME)  (CIK 0001937653)
