ticker,event_date,setup_type,fomc_direction,entry_date,entry_price,horizon,exit_date,exit_price,raw_return,net_return,sl_hit_pct10,sl_return_pct10,sl_hit_atr2,sl_return_atr2,spy_return,edge_vs_spy
XLU,2021-12-15,s14_rate_sensitivity,hold,2021-12-16,30.620544262657067,10,2021-12-31,31.267473220825195,0.021127284760809495,0.018127284760809496,False,0.018127284760809496,False,0.018127284760809496,0.008588487132857647,0.009538797627951848
XLU,2021-12-15,s14_rate_sensitivity,hold,2021-12-16,30.620544262657067,20,2022-01-14,30.315200805664062,-0.00997184943460927,-0.01297184943460927,False,-0.01297184943460927,False,-0.01297184943460927,-0.013156384833513335,0.0001845353989040656
XLU,2021-12-15,s14_rate_sensitivity,hold,2021-12-16,30.620544262657067,30,2022-01-31,30.249685287475586,-0.01211144295804556,-0.015111442958045559,False,-0.015111442958045559,True,-0.0319131297279428,-0.04460572895814363,0.029494286000098072
VNQ,2021-12-15,s14_rate_sensitivity,hold,2021-12-16,93.21661947488003,10,2021-12-31,97.22671508789062,0.043019105773206334,0.04001910577320633,False,0.04001910577320633,False,0.04001910577320633,0.008588487132857647,0.031430618640348684
VNQ,2021-12-15,s14_rate_sensitivity,hold,2021-12-16,93.21661947488003,20,2022-01-14,91.74563598632812,-0.01578027069462984,-0.018780270694629838,False,-0.018780270694629838,False,-0.018780270694629838,-0.013156384833513335,-0.005623885861116503
VNQ,2021-12-15,s14_rate_sensitivity,hold,2021-12-16,93.21661947488003,30,2022-01-31,89.0385971069336,-0.04482057375050308,-0.04782057375050308,False,-0.04782057375050308,True,-0.03485340092575129,-0.04460572895814363,-0.0032148447923594503
KRE,2021-12-15,s14_rate_sensitivity,hold,2021-12-16,62.13464552883285,10,2021-12-31,62.47819900512695,0.005529177375521943,0.002529177375521943,False,0.002529177375521943,True,-0.052876070657758345,0.008588487132857647,-0.006059309757335704
KRE,2021-12-15,s14_rate_sensitivity,hold,2021-12-16,62.13464552883285,20,2022-01-14,69.4711685180664,0.11807459311615665,0.11507459311615664,False,0.11507459311615664,True,-0.052876070657758345,-0.013156384833513335,0.12823097794966998
KRE,2021-12-15,s14_rate_sensitivity,hold,2021-12-16,62.13464552883285,30,2022-01-31,63.13957214355469,0.016173370044503033,0.013173370044503033,False,0.013173370044503033,True,-0.052876070657758345,-0.04460572895814363,0.05777909900264666
XHB,2021-12-15,s14_rate_sensitivity,hold,2021-12-16,81.57258763671211,10,2021-12-31,82.5604019165039,0.012109635214602621,0.009109635214602622,False,0.009109635214602622,True,-0.04183064732381003,0.008588487132857647,0.0005211480817449744
XHB,2021-12-15,s14_rate_sensitivity,hold,2021-12-16,81.57258763671211,20,2022-01-14,75.91937255859375,-0.06930287786499134,-0.07230287786499134,False,-0.07230287786499134,True,-0.04183064732381003,-0.013156384833513335,-0.05914649303147801
XHB,2021-12-15,s14_rate_sensitivity,hold,2021-12-16,81.57258763671211,30,2022-01-31,71.64603424072266,-0.12168981864591444,-0.12468981864591444,True,-0.10299999999999998,True,-0.04183064732381003,-0.04460572895814363,-0.08008408968777081
XLU,2022-01-26,s14_rate_sensitivity,hold,2022-01-27,29.34546715052,10,2022-02-10,29.262470245361328,-0.0028282700266095695,-0.0058282700266095696,False,-0.0058282700266095696,False,-0.0058282700266095696,0.025236100149467644,-0.031064370176077213
XLU,2022-01-26,s14_rate_sensitivity,hold,2022-01-27,29.34546715052,20,2022-02-25,29.520193099975586,0.005954103526768728,0.002954103526768728,False,0.002954103526768728,True,-0.03873216307587102,-0.001163852464077686,0.004117955990846414
XLU,2022-01-26,s14_rate_sensitivity,hold,2022-01-27,29.34546715052,30,2022-03-11,30.76513671875,0.048377814568368205,0.0453778145683682,False,0.0453778145683682,True,-0.03873216307587102,-0.041504875790980056,0.08688269035934826
VNQ,2022-01-26,s14_rate_sensitivity,hold,2022-01-27,87.15290028007637,10,2022-02-10,87.34565734863281,0.0022117114626936107,-0.0007882885373063893,False,-0.0007882885373063893,False,-0.0007882885373063893,0.025236100149467644,-0.026024388686774032
VNQ,2022-01-26,s14_rate_sensitivity,hold,2022-01-27,87.15290028007637,20,2022-02-25,87.23668670654297,0.0009613727850403819,-0.002038627214959618,False,-0.002038627214959618,True,-0.04726950258477747,-0.001163852464077686,-0.0008747747508819322
VNQ,2022-01-26,s14_rate_sensitivity,hold,2022-01-27,87.15290028007637,30,2022-03-11,86.88469696044922,-0.0030773883458294904,-0.0060773883458294905,False,-0.0060773883458294905,True,-0.04726950258477747,-0.041504875790980056,0.03542748744515056
KRE,2022-01-26,s14_rate_sensitivity,hold,2022-01-27,64.08314860434272,10,2022-02-10,65.97028350830078,0.029448223831969544,0.026448223831969545,False,0.026448223831969545,False,0.026448223831969545,0.025236100149467644,0.0012121236825019012
KRE,2022-01-26,s14_rate_sensitivity,hold,2022-01-27,64.08314860434272,20,2022-02-25,65.1148910522461,0.01610005860157515,0.013100058601575152,False,0.013100058601575152,True,-0.06487836614882714,-0.001163852464077686,0.014263911065652838
KRE,2022-01-26,s14_rate_sensitivity,hold,2022-01-27,64.08314860434272,30,2022-03-11,61.74626541137695,-0.03646642282503898,-0.03946642282503898,False,-0.03946642282503898,True,-0.06487836614882714,-0.041504875790980056,0.0020384529659410733
XHB,2022-01-26,s14_rate_sensitivity,hold,2022-01-27,69.85584212064201,10,2022-02-10,69.05699157714844,-0.011435701284853828,-0.014435701284853827,False,-0.014435701284853827,False,-0.014435701284853827,0.025236100149467644,-0.039671801434321474
XHB,2022-01-26,s14_rate_sensitivity,hold,2022-01-27,69.85584212064201,20,2022-02-25,67.43041229248047,-0.034720500884847794,-0.037720500884847796,True,-0.10299999999999998,True,-0.06884172098099173,-0.001163852464077686,-0.03655664842077011
XHB,2022-01-26,s14_rate_sensitivity,hold,2022-01-27,69.85584212064201,30,2022-03-11,64.45640563964844,-0.07729398597283632,-0.08029398597283632,True,-0.10299999999999998,True,-0.06884172098099173,-0.041504875790980056,-0.03878911018185627
XLU,2022-03-16,s14_rate_sensitivity,hike,2022-03-17,31.083998510530325,10,2022-03-31,32.74284362792969,0.05336652930405328,0.050366529304053276,False,0.050366529304053276,False,0.050366529304053276,0.04486521991981207,0.005501309384241204
XLU,2022-03-16,s14_rate_sensitivity,hike,2022-03-17,31.083998510530325,20,2022-04-14,33.4596061706543,0.07642542060086588,0.07342542060086588,False,0.07342542060086588,False,0.07342542060086588,0.012823386664323033,0.06060203393654284
XLU,2022-03-16,s14_rate_sensitivity,hike,2022-03-17,31.083998510530325,30,2022-04-29,31.335683822631836,0.0080969413254941,0.0050969413254941,False,0.0050969413254941,False,0.0050969413254941,-0.04684167102115777,0.05193861234665187
VNQ,2022-03-16,s14_rate_sensitivity,hike,2022-03-17,87.49650547452336,10,2022-03-31,91.32072448730469,0.043707105695722115,0.04070710569572211,False,0.04070710569572211,False,0.04070710569572211,0.04486521991981207,-0.004158114224089959
VNQ,2022-03-16,s14_rate_sensitivity,hike,2022-03-17,87.49650547452336,20,2022-04-14,91.63250732421875,0.04727048042964044,0.044270480429640435,False,0.044270480429640435,False,0.044270480429640435,0.012823386664323033,0.0314470937653174
VNQ,2022-03-16,s14_rate_sensitivity,hike,2022-03-17,87.49650547452336,30,2022-04-29,87.58767700195312,0.0010420019283663429,-0.001957998071633657,False,-0.001957998071633657,False,-0.001957998071633657,-0.04684167102115777,0.04488367294952411
KRE,2022-03-16,s14_rate_sensitivity,hike,2022-03-17,63.360033450626716,10,2022-03-31,61.05076217651367,-0.03644681273586359,-0.03944681273586359,False,-0.03944681273586359,False,-0.03944681273586359,0.04486521991981207,-0.08431203265567566
KRE,2022-03-16,s14_rate_sensitivity,hike,2022-03-17,63.360033450626716,20,2022-04-14,57.32035446166992,-0.0953231660406747,-0.0983231660406747,True,-0.10299999999999998,True,-0.0687614267720823,0.012823386664323033,-0.11114655270499774
KRE,2022-03-16,s14_rate_sensitivity,hike,2022-03-17,63.360033450626716,30,2022-04-29,54.79503631591797,-0.13517980765245363,-0.13817980765245363,True,-0.10299999999999998,True,-0.0687614267720823,-0.04684167102115777,-0.09133813663129586
XHB,2022-03-16,s14_rate_sensitivity,hike,2022-03-17,67.10318929203963,10,2022-03-31,60.96105194091797,-0.09153271872653446,-0.09453271872653446,False,-0.09453271872653446,True,-0.06601733994453873,0.04486521991981207,-0.13939793864634653
XHB,2022-03-16,s14_rate_sensitivity,hike,2022-03-17,67.10318929203963,20,2022-04-14,59.27305221557617,-0.11668800185317474,-0.11968800185317474,True,-0.10299999999999998,True,-0.06601733994453873,0.012823386664323033,-0.13251138851749777
XHB,2022-03-16,s14_rate_sensitivity,hike,2022-03-17,67.10318929203963,30,2022-04-29,59.11872482299805,-0.1189878536814758,-0.1219878536814758,True,-0.10299999999999998,True,-0.06601733994453873,-0.04684167102115777,-0.07514618266031803
XLU,2022-05-04,s14_rate_sensitivity,hike,2022-05-05,31.61710398400024,10,2022-05-19,31.458803176879883,-0.005006809200503226,-0.008006809200503225,False,-0.008006809200503225,False,-0.008006809200503225,-0.08265216366394312,0.0746453544634399
XLU,2022-05-04,s14_rate_sensitivity,hike,2022-05-05,31.61710398400024,20,2022-06-03,32.69446563720703,0.03407527943583899,0.03107527943583899,False,0.03107527943583899,False,0.03107527943583899,-0.03299970243812633,0.06407498187396532
XLU,2022-05-04,s14_rate_sensitivity,hike,2022-05-05,31.61710398400024,30,2022-06-17,28.525758743286133,-0.09777445911170346,-0.10077445911170346,True,-0.10300000000000009,True,-0.04171833110638257,-0.13451796078176603,0.03374350167006257
VNQ,2022-05-04,s14_rate_sensitivity,hike,2022-05-05,87.1663134336603,10,2022-05-19,79.40528869628906,-0.08903697347803896,-0.09203697347803896,True,-0.10299999999999998,True,-0.051958539581619,-0.08265216366394312,-0.00938480981409584
VNQ,2022-05-04,s14_rate_sensitivity,hike,2022-05-05,87.1663134336603,20,2022-06-03,82.80970001220703,-0.049980471237537905,-0.05298047123753791,True,-0.10299999999999998,True,-0.051958539581619,-0.03299970243812633,-0.019980768799411575
VNQ,2022-05-04,s14_rate_sensitivity,hike,2022-05-05,87.1663134336603,30,2022-06-17,73.90264129638672,-0.15216511533860122,-0.15516511533860122,True,-0.10299999999999998,True,-0.051958539581619,-0.13451796078176603,-0.02064715455683519
KRE,2022-05-04,s14_rate_sensitivity,hike,2022-05-05,57.29378941282015,10,2022-05-19,53.00516891479492,-0.0748531479934822,-0.0778531479934822,False,-0.0778531479934822,True,-0.06241769295250643,-0.08265216366394312,0.004799015670460927
KRE,2022-05-04,s14_rate_sensitivity,hike,2022-05-05,57.29378941282015,20,2022-06-03,56.6646614074707,-0.010980736512580469,-0.013980736512580468,False,-0.013980736512580468,True,-0.06241769295250643,-0.03299970243812633,0.019018965925545864
KRE,2022-05-04,s14_rate_sensitivity,hike,2022-05-05,57.29378941282015,30,2022-06-17,51.14440155029297,-0.1073307931897971,-0.1103307931897971,True,-0.10299999999999998,True,-0.06241769295250643,-0.13451796078176603,0.024187167591968928
XHB,2022-05-04,s14_rate_sensitivity,hike,2022-05-05,62.25359752875762,10,2022-05-19,57.208866119384766,-0.08103517884315803,-0.08403517884315803,True,-0.10299999999999998,True,-0.07576728648807951,-0.08265216366394312,-0.0013830151792149081
XHB,2022-05-04,s14_rate_sensitivity,hike,2022-05-05,62.25359752875762,20,2022-06-03,60.37266159057617,-0.0302140922428229,-0.0332140922428229,True,-0.10299999999999998,True,-0.07576728648807951,-0.03299970243812633,-0.00021438980469656865
XHB,2022-05-04,s14_rate_sensitivity,hike,2022-05-05,62.25359752875762,30,2022-06-17,50.41826248168945,-0.19011487716193298,-0.19311487716193299,True,-0.10299999999999998,True,-0.07576728648807951,-0.13451796078176603,-0.05859691638016695
XLU,2022-06-15,s14_rate_sensitivity,hike,2022-06-16,28.996281307003393,10,2022-07-01,31.84796142578125,0.09834640823715213,0.09534640823715212,False,0.09534640823715212,False,0.09534640823715212,0.033404825043712005,0.06194158319344012
XLU,2022-06-15,s14_rate_sensitivity,hike,2022-06-16,28.996281307003393,20,2022-07-18,30.491600036621094,0.051569327590174074,0.04856932759017407,False,0.04856932759017407,False,0.04856932759017407,0.035329414562120576,0.013239913028053496
XLU,2022-06-15,s14_rate_sensitivity,hike,2022-06-16,28.996281307003393,30,2022-08-01,32.814266204833984,0.13167153599480508,0.12867153599480508,False,0.12867153599480508,False,0.12867153599480508,0.11344982433883266,0.015221711655972414
VNQ,2022-06-15,s14_rate_sensitivity,hike,2022-06-16,73.54027015257634,10,2022-07-01,78.65601348876953,0.06956383659700172,0.06656383659700171,False,0.06656383659700171,False,0.06656383659700171,0.033404825043712005,0.03315901155328971
VNQ,2022-06-15,s14_rate_sensitivity,hike,2022-06-16,73.54027015257634,20,2022-07-18,77.29065704345703,0.05099773067327118,0.04799773067327118,False,0.04799773067327118,False,0.04799773067327118,0.035329414562120576,0.012668316111150602
VNQ,2022-06-15,s14_rate_sensitivity,hike,2022-06-16,73.54027015257634,30,2022-08-01,83.24393463134766,0.13195035126521582,0.1289503512652158,False,0.1289503512652158,False,0.1289503512652158,0.11344982433883266,0.015500526926383151
KRE,2022-06-15,s14_rate_sensitivity,hike,2022-06-16,51.16212807803449,10,2022-07-01,52.65558624267578,0.029190696727145582,0.026190696727145583,False,0.026190696727145583,False,0.026190696727145583,0.033404825043712005,-0.007214128316566423
KRE,2022-06-15,s14_rate_sensitivity,hike,2022-06-16,51.16212807803449,20,2022-07-18,52.67341995239258,0.029539269204224672,0.026539269204224673,False,0.026539269204224673,False,0.026539269204224673,0.035329414562120576,-0.008790145357895903
KRE,2022-06-15,s14_rate_sensitivity,hike,2022-06-16,51.16212807803449,30,2022-08-01,56.90833282470703,0.11231363828158591,0.10931363828158591,False,0.10931363828158591,False,0.10931363828158591,0.11344982433883266,-0.004136186057246749
XHB,2022-06-15,s14_rate_sensitivity,hike,2022-06-16,52.2220107003704,10,2022-07-01,54.700706481933594,0.04746457955793759,0.04446457955793759,False,0.04446457955793759,False,0.04446457955793759,0.033404825043712005,0.011059754514225584
XHB,2022-06-15,s14_rate_sensitivity,hike,2022-06-16,52.2220107003704,20,2022-07-18,56.480220794677734,0.08154052356848718,0.07854052356848717,False,0.07854052356848717,False,0.07854052356848717,0.035329414562120576,0.0432111090063666
XHB,2022-06-15,s14_rate_sensitivity,hike,2022-06-16,52.2220107003704,30,2022-08-01,62.31198501586914,0.19321305672029943,0.19021305672029942,False,0.19021305672029942,False,0.19021305672029942,0.11344982433883266,0.07676323238146676
XLU,2022-07-27,s14_rate_sensitivity,hike,2022-07-28,31.92775636176429,10,2022-08-11,33.46141815185547,0.048035376263640295,0.04503537626364029,False,0.04503537626364029,False,0.04503537626364029,0.04503726504127581,-1.8887776355169805e-06
XLU,2022-07-27,s14_rate_sensitivity,hike,2022-07-28,31.92775636176429,20,2022-08-25,34.08197784423828,0.06747174646615073,0.06447174646615073,False,0.06447174646615073,False,0.06447174646615073,0.043842946900541024,0.0206287995656097
XLU,2022-07-27,s14_rate_sensitivity,hike,2022-07-28,31.92775636176429,30,2022-09-09,34.299171447753906,0.0742744043496133,0.0712744043496133,False,0.0712744043496133,False,0.0712744043496133,0.01171972217795525,0.05955468217165805
VNQ,2022-07-27,s14_rate_sensitivity,hike,2022-07-28,81.38670725747899,10,2022-08-11,84.80432891845703,0.0419923815097456,0.0389923815097456,False,0.0389923815097456,False,0.0389923815097456,0.04503726504127581,-0.00604488353153021
VNQ,2022-07-27,s14_rate_sensitivity,hike,2022-07-28,81.38670725747899,20,2022-08-25,83.1845474243164,0.022090095881993177,0.019090095881993178,False,0.019090095881993178,False,0.019090095881993178,0.043842946900541024,-0.024752851018547847
VNQ,2022-07-27,s14_rate_sensitivity,hike,2022-07-28,81.38670725747899,30,2022-09-09,81.25102996826172,-0.0016670693997735686,-0.004667069399773569,False,-0.004667069399773569,True,-0.040026351795787174,0.01171972217795525,-0.016386791577728817
KRE,2022-07-27,s14_rate_sensitivity,hike,2022-07-28,55.99895248224647,10,2022-08-11,59.342308044433594,0.059703894697799464,0.05670389469779946,False,0.05670389469779946,False,0.05670389469779946,0.04503726504127581,0.011666629656523653
KRE,2022-07-27,s14_rate_sensitivity,hike,2022-07-28,55.99895248224647,20,2022-08-25,58.59339141845703,0.046330133354424374,0.04333013335442437,False,0.04333013335442437,False,0.04333013335442437,0.043842946900541024,-0.0005128135461166528
KRE,2022-07-27,s14_rate_sensitivity,hike,2022-07-28,55.99895248224647,30,2022-09-09,57.1044807434082,0.019741945378571435,0.016741945378571436,False,0.016741945378571436,False,0.016741945378571436,0.01171972217795525,0.005022223200616186
XHB,2022-07-27,s14_rate_sensitivity,hike,2022-07-28,60.28104039824184,10,2022-08-11,63.30812454223633,0.05021618943529016,0.04721618943529016,False,0.04721618943529016,False,0.04721618943529016,0.04503726504127581,0.0021789243940143477
XHB,2022-07-27,s14_rate_sensitivity,hike,2022-07-28,60.28104039824184,20,2022-08-25,62.253963470458984,0.032728749523617706,0.029728749523617707,False,0.029728749523617707,False,0.029728749523617707,0.043842946900541024,-0.014114197376923317
XHB,2022-07-27,s14_rate_sensitivity,hike,2022-07-28,60.28104039824184,30,2022-09-09,60.0198974609375,-0.004332090746595019,-0.007332090746595019,False,-0.007332090746595019,True,-0.05476908266612324,0.01171972217795525,-0.019051812924550268
XLU,2022-09-21,s14_rate_sensitivity,hike,2022-09-22,32.48762258491538,10,2022-10-06,29.055891036987305,-0.10563196918944417,-0.10863196918944418,True,-0.10299999999999998,True,-0.03950233900891087,-0.008975410484701296,-0.09965655870474288
XLU,2022-09-21,s14_rate_sensitivity,hike,2022-09-22,32.48762258491538,20,2022-10-20,27.739429473876953,-0.14615391134354971,-0.14915391134354972,True,-0.10299999999999998,True,-0.03950233900891087,-0.02966155264232817,-0.11949235870122155
XLU,2022-09-21,s14_rate_sensitivity,hike,2022-09-22,32.48762258491538,30,2022-11-03,29.756513595581055,-0.08406613879473068,-0.08706613879473069,True,-0.10299999999999998,True,-0.03950233900891087,-0.014790998683994583,-0.0722751401107361
VNQ,2022-09-21,s14_rate_sensitivity,hike,2022-09-22,73.20309112033034,10,2022-10-06,68.02114868164062,-0.0707885740804538,-0.0737885740804538,False,-0.0737885740804538,True,-0.04412970411175776,-0.008975410484701296,-0.06481316359575251
VNQ,2022-09-21,s14_rate_sensitivity,hike,2022-09-22,73.20309112033034,20,2022-10-20,66.46955871582031,-0.09198426325251119,-0.09498426325251119,True,-0.10299999999999998,True,-0.04412970411175776,-0.02966155264232817,-0.06532271061018302
VNQ,2022-09-21,s14_rate_sensitivity,hike,2022-09-22,73.20309112033034,30,2022-11-03,69.05839538574219,-0.0566191354921769,-0.0596191354921769,True,-0.10299999999999998,True,-0.04412970411175776,-0.014790998683994583,-0.04482813680818232
KRE,2022-09-21,s14_rate_sensitivity,hike,2022-09-22,56.41791394354538,10,2022-10-06,55.37762451171875,-0.018438991432182306,-0.021438991432182305,False,-0.021438991432182305,True,-0.0487413642171729,-0.008975410484701296,-0.012463580947481009
KRE,2022-09-21,s14_rate_sensitivity,hike,2022-09-22,56.41791394354538,20,2022-10-20,53.5033073425293,-0.05166101327200057,-0.05466101327200057,False,-0.05466101327200057,True,-0.0487413642171729,-0.02966155264232817,-0.0249994606296724
KRE,2022-09-21,s14_rate_sensitivity,hike,2022-09-22,56.41791394354538,30,2022-11-03,55.52111053466797,-0.015895720812626912,-0.01889572081262691,False,-0.01889572081262691,True,-0.0487413642171729,-0.014790998683994583,-0.004104722128632329
XHB,2022-09-21,s14_rate_sensitivity,hike,2022-09-22,54.68696208771095,10,2022-10-06,57.111026763916016,0.044326190076478644,0.04132619007647864,False,0.04132619007647864,False,0.04132619007647864,-0.008975410484701296,0.05030160056117994
XHB,2022-09-21,s14_rate_sensitivity,hike,2022-09-22,54.68696208771095,20,2022-10-20,51.77808380126953,-0.05319144043466795,-0.05619144043466795,False,-0.05619144043466795,False,-0.05619144043466795,-0.02966155264232817,-0.02652988779233978
XHB,2022-09-21,s14_rate_sensitivity,hike,2022-09-22,54.68696208771095,30,2022-11-03,53.251914978027344,-0.026241119544764158,-0.029241119544764157,False,-0.029241119544764157,True,-0.059879334608470614,-0.014790998683994583,-0.014450120860769574
XLU,2022-11-02,s14_rate_sensitivity,hike,2022-11-03,29.3459622816175,10,2022-11-17,30.086742401123047,0.02524299978295752,0.02224299978295752,False,0.02224299978295752,False,0.02224299978295752,0.06129704635288813,-0.03905404656993061
XLU,2022-11-02,s14_rate_sensitivity,hike,2022-11-03,29.3459622816175,20,2022-12-02,31.697744369506836,0.08013988654795301,0.07713988654795301,False,0.07713988654795301,False,0.07713988654795301,0.0954047088892267,-0.01826482234127369
XLU,2022-11-02,s14_rate_sensitivity,hike,2022-11-03,29.3459622816175,30,2022-12-16,31.452293395996094,0.07177584071584575,0.06877584071584575,False,0.06877584071584575,False,0.06877584071584575,0.03650355737391142,0.03227228334193433
VNQ,2022-11-02,s14_rate_sensitivity,hike,2022-11-03,68.51834324153965,10,2022-11-17,72.37586975097656,0.05629917956186459,0.053299179561864585,False,0.053299179561864585,False,0.053299179561864585,0.06129704635288813,-0.007997866791023545
VNQ,2022-11-02,s14_rate_sensitivity,hike,2022-11-03,68.51834324153965,20,2022-12-02,75.11900329589844,0.09633420398228631,0.09333420398228631,False,0.09333420398228631,False,0.09333420398228631,0.0954047088892267,-0.0020705049069403847
VNQ,2022-11-02,s14_rate_sensitivity,hike,2022-11-03,68.51834324153965,30,2022-12-16,72.08441925048828,0.052045566781694586,0.04904556678169458,False,0.04904556678169458,False,0.04904556678169458,0.03650355737391142,0.012542009407783161
KRE,2022-11-02,s14_rate_sensitivity,hike,2022-11-03,55.44039807412387,10,2022-11-17,56.095062255859375,0.011808432198849195,0.008808432198849196,False,0.008808432198849196,False,0.008808432198849196,0.06129704635288813,-0.05248861415403894
KRE,2022-11-02,s14_rate_sensitivity,hike,2022-11-03,55.44039807412387,20,2022-12-02,57.3505859375,0.03445480064595152,0.03145480064595152,False,0.03145480064595152,False,0.03145480064595152,0.0954047088892267,-0.06394990824327518
KRE,2022-11-02,s14_rate_sensitivity,hike,2022-11-03,55.44039807412387,30,2022-12-16,51.063995361328125,-0.07893887606911643,-0.08193887606911643,False,-0.08193887606911643,True,-0.05359822213726073,0.03650355737391142,-0.11844243344302785
XHB,2022-11-02,s14_rate_sensitivity,hike,2022-11-03,53.15494994632523,10,2022-11-17,58.74970626831055,0.10525372195129123,0.10225372195129123,False,0.10225372195129123,False,0.10225372195129123,0.06129704635288813,0.0409566755984031
XHB,2022-11-02,s14_rate_sensitivity,hike,2022-11-03,53.15494994632523,20,2022-12-02,60.727745056152344,0.14246641408700333,0.13946641408700333,False,0.13946641408700333,False,0.13946641408700333,0.0954047088892267,0.044061705197776635
XHB,2022-11-02,s14_rate_sensitivity,hike,2022-11-03,53.15494994632523,30,2022-12-16,59.72901916503906,0.1236774604312898,0.1206774604312898,False,0.1206774604312898,False,0.1206774604312898,0.03650355737391142,0.08417390305737837
XLU,2022-12-14,s14_rate_sensitivity,hike,2022-12-15,32.26448860907856,10,2022-12-30,31.718652725219727,-0.01691754332362949,-0.01991754332362949,False,-0.01991754332362949,True,-0.03793622480805259,-0.02565007218693971,0.005732528863310219
XLU,2022-12-14,s14_rate_sensitivity,hike,2022-12-15,32.26448860907856,20,2023-01-17,32.047080993652344,-0.006738294167943026,-0.009738294167943026,False,-0.009738294167943026,True,-0.03793622480805259,0.013432685602019712,-0.023170979769962737
XLU,2022-12-14,s14_rate_sensitivity,hike,2022-12-15,32.26448860907856,30,2023-01-31,31.084272384643555,-0.03657941828041,-0.039579418280410006,False,-0.039579418280410006,True,-0.03793622480805259,0.035624248109523915,-0.07520366638993392
VNQ,2022-12-14,s14_rate_sensitivity,hike,2022-12-15,74.15890837424948,10,2022-12-30,71.7035903930664,-0.03310887437544374,-0.036108874375443745,False,-0.036108874375443745,True,-0.04387193864526584,-0.02565007218693971,-0.010458802188504035
VNQ,2022-12-14,s14_rate_sensitivity,hike,2022-12-15,74.15890837424948,20,2023-01-17,76.87618255615234,0.03664123760007221,0.033641237600072205,False,0.033641237600072205,True,-0.04387193864526584,0.013432685602019712,0.020208551998052493
VNQ,2022-12-14,s14_rate_sensitivity,hike,2022-12-15,74.15890837424948,30,2023-01-31,79.1625747680664,0.06747222287261145,0.06447222287261145,False,0.06447222287261145,True,-0.04387193864526584,0.035624248109523915,0.028847974763087536
KRE,2022-12-14,s14_rate_sensitivity,hike,2022-12-15,51.81732080845935,10,2022-12-30,53.056549072265625,0.023915328783343126,0.020915328783343127,False,0.020915328783343127,False,0.020915328783343127,-0.02565007218693971,0.04656540097028283
KRE,2022-12-14,s14_rate_sensitivity,hike,2022-12-15,51.81732080845935,20,2023-01-17,54.41141891479492,0.05006237423823112,0.04706237423823112,False,0.04706237423823112,False,0.04706237423823112,0.013432685602019712,0.03362968863621141
KRE,2022-12-14,s14_rate_sensitivity,hike,2022-12-15,51.81732080845935,30,2023-01-31,56.10951232910156,0.0828331425414317,0.0798331425414317,False,0.0798331425414317,False,0.0798331425414317,0.035624248109523915,0.044208894431907786
XHB,2022-12-14,s14_rate_sensitivity,hike,2022-12-15,59.76780609686237,10,2022-12-30,58.67363739013672,-0.01830699130820357,-0.021306991308203568,False,-0.021306991308203568,False,-0.021306991308203568,-0.02565007218693971,0.004343080878736142
XHB,2022-12-14,s14_rate_sensitivity,hike,2022-12-15,59.76780609686237,20,2023-01-17,64.2375259399414,0.07478474006282254,0.07178474006282254,False,0.07178474006282254,False,0.07178474006282254,0.013432685602019712,0.05835205446080283
XHB,2022-12-14,s14_rate_sensitivity,hike,2022-12-15,59.76780609686237,30,2023-01-31,67.554443359375,0.13028146373472804,0.12728146373472804,False,0.12728146373472804,False,0.12728146373472804,0.035624248109523915,0.09165721562520412
XLU,2023-02-01,s14_rate_sensitivity,hike,2023-02-02,31.156253437407397,10,2023-02-16,30.481393814086914,-0.021660487024740327,-0.024660487024740326,False,-0.024660487024740326,True,-0.036415669910993986,-0.0158608174144661,-0.008799669610274227
XLU,2023-02-01,s14_rate_sensitivity,hike,2023-02-02,31.156253437407397,20,2023-03-03,29.806528091430664,-0.0433211698155016,-0.046321169815501606,False,-0.046321169815501606,True,-0.036415669910993986,-0.02571950047862015,-0.020601669336881456
XLU,2023-02-01,s14_rate_sensitivity,hike,2023-02-02,31.156253437407397,30,2023-03-17,30.130460739135742,-0.032924135128521215,-0.03592413512852122,False,-0.03592413512852122,True,-0.036415669910993986,-0.05636036560493174,0.020436230476410522
VNQ,2023-02-01,s14_rate_sensitivity,hike,2023-02-02,80.37096764232325,10,2023-02-16,77.8237533569336,-0.03169321410593917,-0.034693214105939174,False,-0.034693214105939174,True,-0.04155763314991623,-0.0158608174144661,-0.018832396691473074
VNQ,2023-02-01,s14_rate_sensitivity,hike,2023-02-02,80.37096764232325,20,2023-03-03,75.57217407226562,-0.059708047704661316,-0.06270804770466132,False,-0.06270804770466132,True,-0.04155763314991623,-0.02571950047862015,-0.03698854722604117
VNQ,2023-02-01,s14_rate_sensitivity,hike,2023-02-02,80.37096764232325,30,2023-03-17,70.02576446533203,-0.1287181613021099,-0.1317181613021099,True,-0.10299999999999987,True,-0.04155763314991623,-0.05636036560493174,-0.07535779569717815
KRE,2023-02-01,s14_rate_sensitivity,hike,2023-02-02,57.455350799835585,10,2023-02-16,56.79598617553711,-0.011476122156064972,-0.014476122156064971,False,-0.014476122156064971,False,-0.014476122156064971,-0.0158608174144661,0.0013846952584011286
KRE,2023-02-01,s14_rate_sensitivity,hike,2023-02-02,57.455350799835585,20,2023-03-03,54.53787612915039,-0.050778119532315924,-0.05377811953231593,False,-0.05377811953231593,True,-0.0475092185577336,-0.02571950047862015,-0.028058619053695777
KRE,2023-02-01,s14_rate_sensitivity,hike,2023-02-02,57.455350799835585,30,2023-03-17,39.23691940307617,-0.3170885068690861,-0.3200885068690861,True,-0.10299999999999998,True,-0.0475092185577336,-0.05636036560493174,-0.26372814126415434
XHB,2023-02-01,s14_rate_sensitivity,hike,2023-02-02,69.53876048426424,10,2023-02-16,67.81707763671875,-0.024758607078351536,-0.027758607078351535,False,-0.027758607078351535,False,-0.027758607078351535,-0.0158608174144661,-0.011897789663885435
XHB,2023-02-01,s14_rate_sensitivity,hike,2023-02-02,69.53876048426424,20,2023-03-03,66.93191528320312,-0.03748765699743839,-0.04048765699743839,False,-0.04048765699743839,True,-0.04926095005535047,-0.02571950047862015,-0.014768156518818243
XHB,2023-02-01,s14_rate_sensitivity,hike,2023-02-02,69.53876048426424,30,2023-03-17,63.15781021118164,-0.09176105856138372,-0.09476105856138373,True,-0.10299999999999998,True,-0.04926095005535047,-0.05636036560493174,-0.03840069295645199
XLU,2023-03-22,s14_rate_sensitivity,hike,2023-03-23,29.178686913740698,10,2023-04-06,31.639705657958984,0.08434302583572917,0.08134302583572917,False,0.08134302583572917,False,0.08134302583572917,0.03568819399641754,0.04565483183931163
XLU,2023-03-22,s14_rate_sensitivity,hike,2023-03-23,29.178686913740698,20,2023-04-21,31.55359649658203,0.0813919279459745,0.0783919279459745,False,0.0783919279459745,False,0.0783919279459745,0.04330671527245311,0.03508521267352138
XLU,2023-03-22,s14_rate_sensitivity,hike,2023-03-23,29.178686913740698,30,2023-05-05,31.28618621826172,0.07222735247652845,0.06922735247652845,False,0.06922735247652845,False,0.06922735247652845,0.04439513293653241,0.024832219539996037
VNQ,2023-03-22,s14_rate_sensitivity,hike,2023-03-23,68.22622281718083,10,2023-04-06,72.3432846069336,0.060344272623516826,0.05734427262351682,False,0.05734427262351682,False,0.05734427262351682,0.03568819399641754,0.021656078627099284
VNQ,2023-03-22,s14_rate_sensitivity,hike,2023-03-23,68.22622281718083,20,2023-04-21,72.32571411132812,0.06008673974422285,0.05708673974422285,False,0.05708673974422285,False,0.05708673974422285,0.04330671527245311,0.013780024471769736
VNQ,2023-03-22,s14_rate_sensitivity,hike,2023-03-23,68.22622281718083,30,2023-05-05,72.87013244628906,0.06806634512879417,0.06506634512879417,False,0.06506634512879417,False,0.06506634512879417,0.04439513293653241,0.020671212192261756
KRE,2023-03-22,s14_rate_sensitivity,hike,2023-03-23,40.03209495912761,10,2023-04-06,38.82977294921875,-0.030033951786345936,-0.03303395178634594,False,-0.03303395178634594,False,-0.03303395178634594,0.03568819399641754,-0.06872214578276348
KRE,2023-03-22,s14_rate_sensitivity,hike,2023-03-23,40.03209495912761,20,2023-04-21,39.103031158447266,-0.023207973542951232,-0.02620797354295123,False,-0.02620797354295123,False,-0.02620797354295123,0.04330671527245311,-0.06951468881540435
KRE,2023-03-22,s14_rate_sensitivity,hike,2023-03-23,40.03209495912761,30,2023-05-05,34.931304931640625,-0.12741751418942338,-0.13041751418942338,True,-0.10300000000000009,True,-0.12092177563161832,0.04439513293653241,-0.1748126471259558
XHB,2023-03-22,s14_rate_sensitivity,hike,2023-03-23,64.06592600920261,10,2023-04-06,62.895423889160156,-0.01827027552640581,-0.02127027552640581,False,-0.02127027552640581,False,-0.02127027552640581,0.03568819399641754,-0.05695846952282335
XHB,2023-03-22,s14_rate_sensitivity,hike,2023-03-23,64.06592600920261,20,2023-04-21,67.70426940917969,0.05679061595791901,0.05379061595791901,False,0.05379061595791901,False,0.05379061595791901,0.04330671527245311,0.010483900685465897
XHB,2023-03-22,s14_rate_sensitivity,hike,2023-03-23,64.06592600920261,30,2023-05-05,69.03083801269531,0.07749692094951577,0.07449692094951577,False,0.07449692094951577,False,0.07449692094951577,0.04439513293653241,0.030101788012983355
XLU,2023-05-03,s14_rate_sensitivity,hike,2023-05-04,30.905485266087503,10,2023-05-18,30.008094787597656,-0.029036608574936396,-0.0320366085749364,False,-0.0320366085749364,True,-0.03355881296979879,0.03022639393471005,-0.06226300250964645
XLU,2023-05-03,s14_rate_sensitivity,hike,2023-05-04,30.905485266087503,20,2023-06-02,29.51407814025879,-0.045021364778746964,-0.04802136477874697,False,-0.04802136477874697,True,-0.03355881296979879,0.05158147699469251,-0.09960284177343948
XLU,2023-05-03,s14_rate_sensitivity,hike,2023-05-04,30.905485266087503,30,2023-06-16,30.502111434936523,-0.013051852371125827,-0.016051852371125826,False,-0.016051852371125826,True,-0.03355881296979879,0.08395175343743677,-0.1000036058085626
VNQ,2023-05-03,s14_rate_sensitivity,hike,2023-05-04,71.05254317718435,10,2023-05-18,70.71009826660156,-0.004819601034249055,-0.007819601034249054,False,-0.007819601034249054,False,-0.007819601034249054,0.03022639393471005,-0.03804599496895911
VNQ,2023-05-03,s14_rate_sensitivity,hike,2023-05-04,71.05254317718435,20,2023-06-02,71.9657211303711,0.012852150146259289,0.00985215014625929,False,0.00985215014625929,True,-0.03983588588838305,0.05158147699469251,-0.041729326848433224
VNQ,2023-05-03,s14_rate_sensitivity,hike,2023-05-04,71.05254317718435,30,2023-06-16,73.68672943115234,0.03707377858944616,0.03407377858944616,False,0.03407377858944616,True,-0.03983588588838305,0.08395175343743677,-0.049877974847990614
KRE,2023-05-03,s14_rate_sensitivity,hike,2023-05-04,33.337308314066014,10,2023-05-18,36.36134338378906,0.0907102349486062,0.08771023494860619,False,0.08771023494860619,False,0.08771023494860619,0.03022639393471005,0.05748384101389614
KRE,2023-05-03,s14_rate_sensitivity,hike,2023-05-04,33.337308314066014,20,2023-06-02,38.44721221923828,0.15327883874224613,0.15027883874224612,False,0.15027883874224612,False,0.15027883874224612,0.05158147699469251,0.09869736174755361
KRE,2023-05-03,s14_rate_sensitivity,hike,2023-05-04,33.337308314066014,30,2023-06-16,39.23054504394531,0.1767760214580001,0.17377602145800009,False,0.17377602145800009,False,0.17377602145800009,0.08395175343743677,0.08982426802056331
XHB,2023-05-03,s14_rate_sensitivity,hike,2023-05-04,68.77724785922227,10,2023-05-18,71.09876251220703,0.0337541080116579,0.030754108011657903,False,0.030754108011657903,False,0.030754108011657903,0.03022639393471005,0.0005277140769478529
XHB,2023-05-03,s14_rate_sensitivity,hike,2023-05-04,68.77724785922227,20,2023-06-02,70.87439727783203,0.03049190660990586,0.027491906609905862,False,0.027491906609905862,False,0.027491906609905862,0.05158147699469251,-0.024089570384786648
XHB,2023-05-03,s14_rate_sensitivity,hike,2023-05-04,68.77724785922227,30,2023-06-16,74.59077453613281,0.08452688727542634,0.08152688727542634,False,0.08152688727542634,False,0.08152688727542634,0.08395175343743677,-0.0024248661620104306
XLU,2023-06-14,s14_rate_sensitivity,hold,2023-06-15,30.12592864473183,10,2023-06-30,29.897672653198242,-0.00757672881142879,-0.01057672881142879,False,-0.01057672881142879,True,-0.030824013394490476,0.019702194283074848,-0.030278923094503637
XLU,2023-06-14,s14_rate_sensitivity,hold,2023-06-15,30.12592864473183,20,2023-07-17,30.190067291259766,0.0021290180722495222,-0.0008709819277504778,False,-0.0008709819277504778,True,-0.030824013394490476,0.037092822504519285,-0.037963804432269765
XLU,2023-06-14,s14_rate_sensitivity,hold,2023-06-15,30.12592864473183,30,2023-07-31,30.64236831665039,0.017142697176535826,0.014142697176535827,False,0.014142697176535827,True,-0.030824013394490476,0.053080442422132945,-0.03893774524559712
VNQ,2023-06-14,s14_rate_sensitivity,hold,2023-06-15,73.08085091505343,10,2023-06-30,74.19911193847656,0.015301696811425458,0.012301696811425459,False,0.012301696811425459,True,-0.034547638115398516,0.019702194283074848,-0.007400497471649389
VNQ,2023-06-14,s14_rate_sensitivity,hold,2023-06-15,73.08085091505343,20,2023-07-17,75.98394775390625,0.03972445315705575,0.03672445315705575,False,0.03672445315705575,True,-0.034547638115398516,0.037092822504519285,-0.00036836934746353744
VNQ,2023-06-14,s14_rate_sensitivity,hold,2023-06-15,73.08085091505343,30,2023-07-31,75.70867919921875,0.03595782275742532,0.032957822757425315,False,0.032957822757425315,True,-0.034547638115398516,0.053080442422132945,-0.02012261966470763
KRE,2023-06-14,s14_rate_sensitivity,hold,2023-06-15,38.71135467793541,10,2023-06-30,37.53797912597656,-0.030310888412997006,-0.03331088841299701,False,-0.03331088841299701,False,-0.03331088841299701,0.019702194283074848,-0.053013082696071856
KRE,2023-06-14,s14_rate_sensitivity,hold,2023-06-15,38.71135467793541,20,2023-07-17,40.34206771850586,0.04212492830946868,0.039124928309468676,False,0.039124928309468676,False,0.039124928309468676,0.037092822504519285,0.002032105804949391
KRE,2023-06-14,s14_rate_sensitivity,hold,2023-06-15,38.71135467793541,30,2023-07-31,44.76424789428711,0.15635963315439616,0.15335963315439616,False,0.15335963315439616,False,0.15335963315439616,0.053080442422132945,0.10027919073226321
XHB,2023-06-14,s14_rate_sensitivity,hold,2023-06-15,73.8982242778163,10,2023-06-30,78.51043701171875,0.062413038729632886,0.05941303872963288,False,0.05941303872963288,False,0.05941303872963288,0.019702194283074848,0.039710844446558036
XHB,2023-06-14,s14_rate_sensitivity,hold,2023-06-15,73.8982242778163,20,2023-07-17,81.90309143066406,0.10832286203189279,0.10532286203189278,False,0.10532286203189278,False,0.10532286203189278,0.037092822504519285,0.0682300395273735
XHB,2023-06-14,s14_rate_sensitivity,hold,2023-06-15,73.8982242778163,30,2023-07-31,82.62659454345703,0.11811339651176067,0.11511339651176067,False,0.11511339651176067,False,0.11511339651176067,0.053080442422132945,0.06203295408962772
XLU,2023-07-26,s14_rate_sensitivity,hike,2023-07-27,31.126651862815542,10,2023-08-10,29.340282440185547,-0.05739034928983233,-0.060390349289832335,False,-0.060390349289832335,True,-0.03255758212606097,-0.028561003730306345,-0.03182934555952599
XLU,2023-07-26,s14_rate_sensitivity,hike,2023-07-27,31.126651862815542,20,2023-08-24,28.85143280029297,-0.07309552831284727,-0.07609552831284727,False,-0.07609552831284727,True,-0.03255758212606097,-0.048211412234500206,-0.027884116078347065
XLU,2023-07-26,s14_rate_sensitivity,hike,2023-07-27,31.126651862815542,30,2023-09-08,28.865137100219727,-0.07265525288627206,-0.07565525288627206,False,-0.07565525288627206,True,-0.03255758212606097,-0.02941051760994906,-0.046244735276323
VNQ,2023-07-26,s14_rate_sensitivity,hike,2023-07-27,77.35140570584716,10,2023-08-10,73.87943267822266,-0.04488571340031955,-0.04788571340031955,False,-0.04788571340031955,True,-0.03183686886475745,-0.028561003730306345,-0.019324709670013207
VNQ,2023-07-26,s14_rate_sensitivity,hike,2023-07-27,77.35140570584716,20,2023-08-24,71.8193359375,-0.07151867141735702,-0.07451867141735702,False,-0.07451867141735702,True,-0.03183686886475745,-0.048211412234500206,-0.026307259182856813
VNQ,2023-07-26,s14_rate_sensitivity,hike,2023-07-27,77.35140570584716,30,2023-09-08,72.44092559814453,-0.06348275203137554,-0.06648275203137555,False,-0.06648275203137555,True,-0.03183686886475745,-0.02941051760994906,-0.037072234421426487
KRE,2023-07-26,s14_rate_sensitivity,hike,2023-07-27,45.35264629325313,10,2023-08-10,43.826480865478516,-0.033651077776285176,-0.03665107777628518,False,-0.03665107777628518,False,-0.03665107777628518,-0.028561003730306345,-0.008090074045978835
KRE,2023-07-26,s14_rate_sensitivity,hike,2023-07-27,45.35264629325313,20,2023-08-24,40.3972282409668,-0.10926414349108282,-0.11226414349108282,True,-0.10299999999999998,True,-0.061885490908704655,-0.048211412234500206,-0.06405273125658262
KRE,2023-07-26,s14_rate_sensitivity,hike,2023-07-27,45.35264629325313,30,2023-09-08,39.86399459838867,-0.12102164136960125,-0.12402164136960125,True,-0.10299999999999998,True,-0.061885490908704655,-0.02941051760994906,-0.0946111237596522
XHB,2023-07-26,s14_rate_sensitivity,hike,2023-07-27,82.54839929654017,10,2023-08-10,81.4631118774414,-0.013147286056996221,-0.01614728605699622,False,-0.01614728605699622,False,-0.01614728605699622,-0.028561003730306345,0.012413717673310124
XHB,2023-07-26,s14_rate_sensitivity,hike,2023-07-27,82.54839929654017,20,2023-08-24,77.84558868408203,-0.05697034288410785,-0.05997034288410785,False,-0.05997034288410785,True,-0.03189871870885219,-0.048211412234500206,-0.011758930649607646
XHB,2023-07-26,s14_rate_sensitivity,hike,2023-07-27,82.54839929654017,30,2023-09-08,79.43926239013672,-0.03766441182262592,-0.04066441182262592,False,-0.04066441182262592,True,-0.03189871870885219,-0.02941051760994906,-0.011253894212676863
XLU,2023-09-20,s14_rate_sensitivity,hold,2023-09-21,29.490528373738094,10,2023-10-05,25.99938201904297,-0.11838195336656165,-0.12138195336656166,True,-0.10299999999999998,True,-0.02865559218727753,-0.02570574195688813,-0.09567621140967353
XLU,2023-09-20,s14_rate_sensitivity,hold,2023-09-21,29.490528373738094,20,2023-10-19,27.008037567138672,-0.08417925834147244,-0.08717925834147244,True,-0.10299999999999998,True,-0.02865559218727753,-0.021276044641476366,-0.06590321369999608
XLU,2023-09-20,s14_rate_sensitivity,hold,2023-09-21,29.490528373738094,30,2023-11-02,28.325273513793945,-0.03951285121706505,-0.04251285121706505,True,-0.10299999999999998,True,-0.02865559218727753,-0.01133804193398269,-0.03117480928308236
VNQ,2023-09-20,s14_rate_sensitivity,hold,2023-09-21,71.19775788209886,10,2023-10-05,66.45698547363281,-0.06658597896181795,-0.06958597896181795,False,-0.06958597896181795,True,-0.03114763630812611,-0.02570574195688813,-0.04388023700492982
VNQ,2023-09-20,s14_rate_sensitivity,hold,2023-09-21,71.19775788209886,20,2023-10-19,65.35414123535156,-0.08207585211354729,-0.08507585211354729,False,-0.08507585211354729,True,-0.03114763630812611,-0.021276044641476366,-0.06379980747207092
VNQ,2023-09-20,s14_rate_sensitivity,hold,2023-09-21,71.19775788209886,30,2023-11-02,67.94535064697266,-0.04568131542164677,-0.048681315421646776,True,-0.10299999999999987,True,-0.03114763630812611,-0.01133804193398269,-0.037343273487664086
KRE,2023-09-20,s14_rate_sensitivity,hold,2023-09-21,38.790148933516704,10,2023-10-05,38.00191879272461,-0.020320369023152263,-0.023320369023152262,False,-0.023320369023152262,True,-0.05196036193188924,-0.02570574195688813,0.0023853729337358666
KRE,2023-09-20,s14_rate_sensitivity,hold,2023-09-21,38.790148933516704,20,2023-10-19,37.770076751708984,-0.02629719683613596,-0.02929719683613596,False,-0.02929719683613596,True,-0.05196036193188924,-0.021276044641476366,-0.008021152194659594
KRE,2023-09-20,s14_rate_sensitivity,hold,2023-09-21,38.790148933516704,30,2023-11-02,39.031246185302734,0.0062154247512493654,0.0032154247512493654,False,0.0032154247512493654,True,-0.05196036193188924,-0.01133804193398269,0.014553466685232056
XHB,2023-09-20,s14_rate_sensitivity,hold,2023-09-21,75.66171337823347,10,2023-10-05,72.84890747070312,-0.03717607997414896,-0.04017607997414896,False,-0.04017607997414896,True,-0.042886344692917966,-0.02570574195688813,-0.014470338017260831
XHB,2023-09-20,s14_rate_sensitivity,hold,2023-09-21,75.66171337823347,20,2023-10-19,70.06549835205078,-0.07396363069664003,-0.07696363069664003,False,-0.07696363069664003,True,-0.042886344692917966,-0.021276044641476366,-0.05568758605516366
XHB,2023-09-20,s14_rate_sensitivity,hold,2023-09-21,75.66171337823347,30,2023-11-02,73.91716766357422,-0.02305717960599507,-0.02605717960599507,True,-0.10299999999999998,True,-0.042886344692917966,-0.01133804193398269,-0.01471913767201238
XLU,2023-11-01,s14_rate_sensitivity,hold,2023-11-02,27.864705589728626,10,2023-11-16,28.610836029052734,0.026776900151392447,0.023776900151392447,False,0.023776900151392447,False,0.023776900151392447,0.05544118301710155,-0.031664282865709104
XLU,2023-11-01,s14_rate_sensitivity,hold,2023-11-02,27.864705589728626,20,2023-12-01,29.260242462158203,0.0500825988609761,0.0470825988609761,False,0.0470825988609761,False,0.0470825988609761,0.07623427758222046,-0.029151678721244356
XLU,2023-11-01,s14_rate_sensitivity,hold,2023-11-02,27.864705589728626,30,2023-12-15,29.4628963470459,0.05735537926897716,0.054355379268977155,False,0.054355379268977155,False,0.054355379268977155,0.10467637229360993,-0.050320993024632776
VNQ,2023-11-01,s14_rate_sensitivity,hold,2023-11-02,66.88735425429145,10,2023-11-16,70.99384307861328,0.061394098632004956,0.058394098632004954,False,0.058394098632004954,False,0.058394098632004954,0.05544118301710155,0.0029529156149034064
VNQ,2023-11-01,s14_rate_sensitivity,hold,2023-11-02,66.88735425429145,20,2023-12-01,75.0823974609375,0.1225200682253067,0.1195200682253067,False,0.1195200682253067,False,0.1195200682253067,0.07623427758222046,0.04328579064308624
VNQ,2023-11-01,s14_rate_sensitivity,hold,2023-11-02,66.88735425429145,30,2023-12-15,79.15303039550781,0.1833781030504642,0.1803781030504642,False,0.1803781030504642,False,0.1803781030504642,0.10467637229360993,0.07570173075685427
KRE,2023-11-01,s14_rate_sensitivity,hold,2023-11-02,37.46406271624194,10,2023-11-16,41.293922424316406,0.10222755970387842,0.09922755970387842,False,0.09922755970387842,False,0.09922755970387842,0.05544118301710155,0.04378637668677687
KRE,2023-11-01,s14_rate_sensitivity,hold,2023-11-02,37.46406271624194,20,2023-12-01,44.01100540161133,0.17475260851864483,0.17175260851864482,False,0.17175260851864482,False,0.17175260851864482,0.07623427758222046,0.09551833093642437
KRE,2023-11-01,s14_rate_sensitivity,hold,2023-11-02,37.46406271624194,30,2023-12-15,49.111305236816406,0.31089106936405453,0.3078910693640545,False,0.3078910693640545,False,0.3078910693640545,0.10467637229360993,0.2032146970704446
XHB,2023-11-01,s14_rate_sensitivity,hold,2023-11-02,73.54474988493807,10,2023-11-16,79.91524505615234,0.08662066539326085,0.08362066539326085,False,0.08362066539326085,False,0.08362066539326085,0.05544118301710155,0.028179482376159304
XHB,2023-11-01,s14_rate_sensitivity,hold,2023-11-02,73.54474988493807,20,2023-12-01,83.75712585449219,0.13885934734337324,0.13585934734337324,False,0.13585934734337324,False,0.13585934734337324,0.07623427758222046,0.05962506976115278
XHB,2023-11-01,s14_rate_sensitivity,hold,2023-11-02,73.54474988493807,30,2023-12-15,92.82279968261719,0.2621267980085584,0.2591267980085584,False,0.2591267980085584,False,0.2591267980085584,0.10467637229360993,0.1544504257149485
XLU,2023-12-13,s14_rate_sensitivity,hold,2023-12-14,30.56366689203275,10,2023-12-29,29.442899703979492,-0.036669918960064773,-0.039669918960064776,False,-0.039669918960064776,True,-0.03518050598430855,0.010025662226401666,-0.04969558118646644
XLU,2023-12-13,s14_rate_sensitivity,hold,2023-12-14,30.56366689203275,20,2024-01-16,29.117467880249023,-0.04731758845862555,-0.05031758845862555,False,-0.05031758845862555,True,-0.03518050598430855,0.009218249360647413,-0.05953583781927296
XLU,2023-12-13,s14_rate_sensitivity,hold,2023-12-14,30.56366689203275,30,2024-01-30,28.629308700561523,-0.06328946714098205,-0.06628946714098205,False,-0.06628946714098205,True,-0.03518050598430855,0.04313299680955329,-0.10942246395053534
VNQ,2023-12-13,s14_rate_sensitivity,hold,2023-12-14,79.48478283505142,10,2023-12-29,80.20177459716797,0.009020490923457247,0.006020490923457247,False,0.006020490923457247,False,0.006020490923457247,0.010025662226401666,-0.004005171302944419
VNQ,2023-12-13,s14_rate_sensitivity,hold,2023-12-14,79.48478283505142,20,2024-01-16,78.4499740600586,-0.013018954548071004,-0.016018954548071004,False,-0.016018954548071004,False,-0.016018954548071004,0.009218249360647413,-0.025237203908718416
VNQ,2023-12-13,s14_rate_sensitivity,hold,2023-12-14,79.48478283505142,30,2024-01-30,76.87969970703125,-0.03277461465078535,-0.03577461465078535,False,-0.03577461465078535,True,-0.03713289437545475,0.04313299680955329,-0.07890761146033864
KRE,2023-12-13,s14_rate_sensitivity,hold,2023-12-14,49.250411171166654,10,2023-12-29,49.01874923706055,-0.004703756346337462,-0.007703756346337462,False,-0.007703756346337462,False,-0.007703756346337462,0.010025662226401666,-0.017729418572739127
KRE,2023-12-13,s14_rate_sensitivity,hold,2023-12-14,49.250411171166654,20,2024-01-16,46.31678009033203,-0.059565616023772416,-0.06256561602377242,False,-0.06256561602377242,True,-0.05438915215119633,0.009218249360647413,-0.07178386538441983
KRE,2023-12-13,s14_rate_sensitivity,hold,2023-12-14,49.250411171166654,30,2024-01-30,49.35532760620117,0.002130265160018352,-0.0008697348399816481,False,-0.0008697348399816481,True,-0.05438915215119633,0.04313299680955329,-0.04400273164953494
XHB,2023-12-13,s14_rate_sensitivity,hold,2023-12-14,90.33342647083201,10,2023-12-29,93.94035339355469,0.03992903915681012,0.03692903915681012,False,0.03692903915681012,False,0.03692903915681012,0.010025662226401666,0.02690337693040845
XHB,2023-12-13,s14_rate_sensitivity,hold,2023-12-14,90.33342647083201,20,2024-01-16,92.0254135131836,0.01873046455176719,0.01573046455176719,False,0.01573046455176719,False,0.01573046455176719,0.009218249360647413,0.006512215191119778
XHB,2023-12-13,s14_rate_sensitivity,hold,2023-12-14,90.33342647083201,30,2024-01-30,93.8716049194336,0.03916798672243482,0.03616798672243482,False,0.03616798672243482,False,0.03616798672243482,0.04313299680955329,-0.006965010087118473
XLU,2024-01-31,s14_rate_sensitivity,hold,2024-02-01,28.447989076660306,10,2024-02-15,28.49913215637207,0.0017977748646467173,-0.0012022251353532827,False,-0.0012022251353532827,True,-0.035641716537899604,0.03586241470351603,-0.03706463983886932
XLU,2024-01-31,s14_rate_sensitivity,hold,2024-02-01,28.447989076660306,20,2024-03-01,28.69439697265625,0.00866169820762841,0.00566169820762841,False,0.00566169820762841,True,-0.035641716537899604,0.058229959572783985,-0.05256826136515558
XLU,2024-01-31,s14_rate_sensitivity,hold,2024-02-01,28.447989076660306,30,2024-03-15,29.503339767456055,0.03709754977590296,0.03409754977590296,False,0.03409754977590296,True,-0.035641716537899604,0.055266999239191206,-0.021169449463288248
VNQ,2024-01-31,s14_rate_sensitivity,hold,2024-02-01,76.06279685584802,10,2024-02-15,77.37891387939453,0.0173030322043084,0.0143030322043084,False,0.0143030322043084,False,0.0143030322043084,0.03586241470351603,-0.021559382499207632
VNQ,2024-01-31,s14_rate_sensitivity,hold,2024-02-01,76.06279685584802,20,2024-03-01,78.57704162597656,0.033054855646361014,0.030054855646361015,False,0.030054855646361015,False,0.030054855646361015,0.058229959572783985,-0.02817510392642297
VNQ,2024-01-31,s14_rate_sensitivity,hold,2024-02-01,76.06279685584802,30,2024-03-15,77.324462890625,0.0165871633299004,0.013587163329900401,False,0.013587163329900401,False,0.013587163329900401,0.055266999239191206,-0.04167983590929081
KRE,2024-01-31,s14_rate_sensitivity,hold,2024-02-01,46.625308814206626,10,2024-02-15,46.017601013183594,-0.01303386114705718,-0.01603386114705718,False,-0.01603386114705718,True,-0.06124953700423352,0.03586241470351603,-0.051896275850573215
KRE,2024-01-31,s14_rate_sensitivity,hold,2024-02-01,46.625308814206626,20,2024-03-01,44.51234817504883,-0.04531789049542945,-0.04831789049542945,False,-0.04831789049542945,True,-0.06124953700423352,0.058229959572783985,-0.10654785006821343
KRE,2024-01-31,s14_rate_sensitivity,hold,2024-02-01,46.625308814206626,30,2024-03-15,44.746089935302734,-0.04030469559766858,-0.043304695597668585,False,-0.043304695597668585,True,-0.06124953700423352,0.055266999239191206,-0.09857169483685979
XHB,2024-01-31,s14_rate_sensitivity,hold,2024-02-01,93.08598793425483,10,2024-02-15,97.94701385498047,0.05222081248317312,0.049220812483173115,False,0.049220812483173115,False,0.049220812483173115,0.03586241470351603,0.013358397779657083
XHB,2024-01-31,s14_rate_sensitivity,hold,2024-02-01,93.08598793425483,20,2024-03-01,102.51342010498047,0.10127659790627219,0.09827659790627219,False,0.09827659790627219,False,0.09827659790627219,0.058229959572783985,0.040046638333488205
XHB,2024-01-31,s14_rate_sensitivity,hold,2024-02-01,93.08598793425483,30,2024-03-15,103.29903411865234,0.10971625709780097,0.10671625709780097,False,0.10671625709780097,False,0.10671625709780097,0.055266999239191206,0.051449257858609765
XLU,2024-03-20,s14_rate_sensitivity,hold,2024-03-21,30.01897201980161,10,2024-04-05,30.543975830078125,0.017489066911758444,0.014489066911758445,False,0.014489066911758445,False,0.014489066911758445,-0.00947671976531661,0.023965786677075055
XLU,2024-03-20,s14_rate_sensitivity,hold,2024-03-21,30.01897201980161,20,2024-04-19,30.6705379486084,0.021705137949993514,0.018705137949993515,False,0.018705137949993515,False,0.018705137949993515,-0.053936916129707524,0.07264205407970104
XLU,2024-03-20,s14_rate_sensitivity,hold,2024-03-21,30.01897201980161,30,2024-05-03,32.06742477416992,0.06823860434051765,0.06523860434051765,False,0.06523860434051765,False,0.06523860434051765,-0.023118498169867885,0.08835710251038553
VNQ,2024-03-20,s14_rate_sensitivity,hold,2024-03-21,78.17766152640992,10,2024-04-05,76.8410415649414,-0.01709721083198401,-0.02009721083198401,False,-0.02009721083198401,False,-0.02009721083198401,-0.00947671976531661,-0.0106204910666674
VNQ,2024-03-20,s14_rate_sensitivity,hold,2024-03-21,78.17766152640992,20,2024-04-19,72.3188247680664,-0.07494259413687232,-0.07794259413687232,False,-0.07794259413687232,True,-0.03210505684742804,-0.053936916129707524,-0.0240056780071648
VNQ,2024-03-20,s14_rate_sensitivity,hold,2024-03-21,78.17766152640992,30,2024-05-03,74.42431640625,-0.048010455248676975,-0.05101045524867698,False,-0.05101045524867698,True,-0.03210505684742804,-0.023118498169867885,-0.027891957078809093
KRE,2024-03-20,s14_rate_sensitivity,hold,2024-03-21,46.27183465416026,10,2024-04-05,45.43309783935547,-0.01812629261566101,-0.02112629261566101,False,-0.02112629261566101,False,-0.02112629261566101,-0.00947671976531661,-0.0116495728503444
KRE,2024-03-20,s14_rate_sensitivity,hold,2024-03-21,46.27183465416026,20,2024-04-19,44.5943603515625,-0.036252599775551286,-0.03925259977555129,False,-0.03925259977555129,True,-0.05275137911056227,-0.053936916129707524,0.014684316354156235
KRE,2024-03-20,s14_rate_sensitivity,hold,2024-03-21,46.27183465416026,30,2024-05-03,46.79015350341797,0.011201605752866106,0.008201605752866107,False,0.008201605752866107,True,-0.05275137911056227,-0.023118498169867885,0.03132010392273399
XHB,2024-03-20,s14_rate_sensitivity,hold,2024-03-21,107.48717580250836,10,2024-04-05,106.80850219726562,-0.006313996066746541,-0.00931399606674654,False,-0.00931399606674654,False,-0.00931399606674654,-0.00947671976531661,0.00016272369857006988
XHB,2024-03-20,s14_rate_sensitivity,hold,2024-03-21,107.48717580250836,20,2024-04-19,98.51680755615234,-0.08345524179403252,-0.08645524179403252,False,-0.08645524179403252,True,-0.03876368308421185,-0.053936916129707524,-0.032518325664325
XHB,2024-03-20,s14_rate_sensitivity,hold,2024-03-21,107.48717580250836,30,2024-05-03,103.4937973022461,-0.037152139038423515,-0.04015213903842352,False,-0.04015213903842352,True,-0.03876368308421185,-0.023118498169867885,-0.017033640868555633
XLU,2024-05-01,s14_rate_sensitivity,hold,2024-05-02,31.77679177933224,10,2024-05-16,33.881500244140625,0.06623413966470015,0.06323413966470015,False,0.06323413966470015,False,0.06323413966470015,0.04867600059476773,0.014558139069932419
XLU,2024-05-01,s14_rate_sensitivity,hold,2024-05-02,31.77679177933224,20,2024-05-31,34.08775329589844,0.07272482170680483,0.06972482170680483,False,0.06972482170680483,False,0.06972482170680483,0.046057955677189844,0.023666866029614986
XLU,2024-05-01,s14_rate_sensitivity,hold,2024-05-02,31.77679177933224,30,2024-06-14,32.78461837768555,0.03171580710072819,0.02871580710072819,False,0.02871580710072819,False,0.02871580710072819,0.07662406835786784,-0.04790826125713965
VNQ,2024-05-01,s14_rate_sensitivity,hold,2024-05-02,73.5912589016074,10,2024-05-16,77.7198486328125,0.05610163208004204,0.05310163208004204,False,0.05310163208004204,False,0.05310163208004204,0.04867600059476773,0.004425631485274306
VNQ,2024-05-01,s14_rate_sensitivity,hold,2024-05-02,73.5912589016074,20,2024-05-31,76.20023345947266,0.03545223436595224,0.03245223436595224,False,0.03245223436595224,False,0.03245223436595224,0.046057955677189844,-0.013605721311237606
VNQ,2024-05-01,s14_rate_sensitivity,hold,2024-05-02,73.5912589016074,30,2024-06-14,76.8959732055664,0.044906342863049176,0.04190634286304917,False,0.04190634286304917,False,0.04190634286304917,0.07662406835786784,-0.03471772549481866
KRE,2024-05-01,s14_rate_sensitivity,hold,2024-05-02,46.00796095906287,10,2024-05-16,47.92103576660156,0.04158138651788801,0.038581386517888006,False,0.038581386517888006,False,0.038581386517888006,0.04867600059476773,-0.010094614076879727
KRE,2024-05-01,s14_rate_sensitivity,hold,2024-05-02,46.00796095906287,20,2024-05-31,46.03622817993164,0.0006143984710367256,-0.0023856015289632744,False,-0.0023856015289632744,False,-0.0023856015289632744,0.046057955677189844,-0.04844355720615312
KRE,2024-05-01,s14_rate_sensitivity,hold,2024-05-02,46.00796095906287,30,2024-06-14,43.46348190307617,-0.0553051907310288,-0.0583051907310288,False,-0.0583051907310288,True,-0.04911533299263571,0.07662406835786784,-0.13492925908889664
XHB,2024-05-01,s14_rate_sensitivity,hold,2024-05-02,101.64464237136195,10,2024-05-16,105.2642593383789,0.03561050422896428,0.03261050422896428,False,0.03261050422896428,False,0.03261050422896428,0.04867600059476773,-0.016065496365803456
XHB,2024-05-01,s14_rate_sensitivity,hold,2024-05-02,101.64464237136195,20,2024-05-31,103.57247924804688,0.018966438679979936,0.015966438679979936,False,0.015966438679979936,False,0.015966438679979936,0.046057955677189844,-0.030091516997209907
XHB,2024-05-01,s14_rate_sensitivity,hold,2024-05-02,101.64464237136195,30,2024-06-14,102.28397369384766,0.006289867400486093,0.003289867400486093,False,0.003289867400486093,False,0.003289867400486093,0.07662406835786784,-0.07333420095738175
XLU,2024-06-12,s14_rate_sensitivity,hold,2024-06-13,32.84086448661312,10,2024-06-28,32.19839859008789,-0.019563001966258153,-0.022563001966258153,False,-0.022563001966258153,False,-0.022563001966258153,0.005202206679929322,-0.027765208646187475
XLU,2024-06-12,s14_rate_sensitivity,hold,2024-06-13,32.84086448661312,20,2024-07-15,32.8552131652832,0.0004369153764491873,-0.0025630846235508127,False,-0.0025630846235508127,False,-0.0025630846235508127,0.03717474058531356,-0.039737825208864375
XLU,2024-06-12,s14_rate_sensitivity,hold,2024-06-13,32.84086448661312,30,2024-07-29,33.781375885009766,0.02863844825948547,0.025638448259485472,False,0.025638448259485472,False,0.025638448259485472,0.006199642550638984,0.01943880570884649
VNQ,2024-06-12,s14_rate_sensitivity,hold,2024-06-13,76.77695986133213,10,2024-06-28,77.62944030761719,0.01110333683210074,0.008103336832100742,False,0.008103336832100742,False,0.008103336832100742,0.005202206679929322,0.0029011301521714196
VNQ,2024-06-12,s14_rate_sensitivity,hold,2024-06-13,76.77695986133213,20,2024-07-15,81.60546112060547,0.06288997725351675,0.059889977253516746,False,0.059889977253516746,False,0.059889977253516746,0.03717474058531356,0.022715236668203187
VNQ,2024-06-12,s14_rate_sensitivity,hold,2024-06-13,76.77695986133213,30,2024-07-29,83.44053649902344,0.08679135836749041,0.08379135836749041,False,0.08379135836749041,False,0.08379135836749041,0.006199642550638984,0.07759171581685143
KRE,2024-06-12,s14_rate_sensitivity,hold,2024-06-13,44.46242215245293,10,2024-06-28,46.66092300415039,0.04944626822531695,0.046446268225316945,False,0.046446268225316945,False,0.046446268225316945,0.005202206679929322,0.04124406154538762
KRE,2024-06-12,s14_rate_sensitivity,hold,2024-06-13,44.46242215245293,20,2024-07-15,50.94688415527344,0.14584140244511556,0.14284140244511556,False,0.14284140244511556,False,0.14284140244511556,0.03717474058531356,0.105666661859802
KRE,2024-06-12,s14_rate_sensitivity,hold,2024-06-13,44.46242215245293,30,2024-07-29,55.09029769897461,0.23903051232973271,0.2360305123297327,False,0.2360305123297327,False,0.2360305123297327,0.006199642550638984,0.22983086977909373
XHB,2024-06-12,s14_rate_sensitivity,hold,2024-06-13,103.64133543973466,10,2024-06-28,99.56394958496094,-0.03934130950237169,-0.04234130950237169,False,-0.04234130950237169,True,-0.045372543668303456,0.005202206679929322,-0.047543516182301016
XHB,2024-06-12,s14_rate_sensitivity,hold,2024-06-13,103.64133543973466,20,2024-07-15,107.10905456542969,0.033458842564909164,0.030458842564909164,False,0.030458842564909164,True,-0.045372543668303456,0.03717474058531356,-0.006715898020404395
XHB,2024-06-12,s14_rate_sensitivity,hold,2024-06-13,103.64133543973466,30,2024-07-29,115.62930297851562,0.11566782199320191,0.11266782199320191,False,0.11266782199320191,True,-0.045372543668303456,0.006199642550638984,0.10646817944256293
XLU,2024-07-31,s14_rate_sensitivity,hold,2024-08-01,34.46182772040046,10,2024-08-15,35.019412994384766,0.0161797940175481,0.0131797940175481,False,0.0131797940175481,False,0.0131797940175481,0.0009049424834981501,0.01227485153404995
XLU,2024-07-31,s14_rate_sensitivity,hold,2024-08-01,34.46182772040046,20,2024-08-29,35.78019332885742,0.03825582378141035,0.035255823781410345,False,0.035255823781410345,False,0.035255823781410345,0.010460299310180332,0.024795524471230013
XLU,2024-07-31,s14_rate_sensitivity,hold,2024-08-01,34.46182772040046,30,2024-09-13,37.112735748291016,0.07692302478551638,0.07392302478551638,False,0.07392302478551638,False,0.07392302478551638,0.0170840441231197,0.056838980662396676
VNQ,2024-07-31,s14_rate_sensitivity,hold,2024-08-01,84.76586859710171,10,2024-08-15,84.69172668457031,-0.0008746670535968448,-0.003874667053596845,False,-0.003874667053596845,True,-0.031281396361316216,0.0009049424834981501,-0.004779609537094995
VNQ,2024-07-31,s14_rate_sensitivity,hold,2024-08-01,84.76586859710171,20,2024-08-29,87.32386016845703,0.030177141032007082,0.027177141032007083,False,0.027177141032007083,True,-0.031281396361316216,0.010460299310180332,0.01671684172182675
VNQ,2024-07-31,s14_rate_sensitivity,hold,2024-08-01,84.76586859710171,30,2024-09-13,91.42034912109375,0.07850424509446441,0.0755042450944644,False,0.0755042450944644,True,-0.031281396361316216,0.0170840441231197,0.058420200971344705
KRE,2024-07-31,s14_rate_sensitivity,hold,2024-08-01,55.26135594791423,10,2024-08-15,51.308006286621094,-0.07153913604688433,-0.07453913604688434,True,-0.10299999999999998,True,-0.057911619912466294,0.0009049424834981501,-0.07544407853038249
KRE,2024-07-31,s14_rate_sensitivity,hold,2024-08-01,55.26135594791423,20,2024-08-29,54.548614501953125,-0.01289764671415028,-0.01589764671415028,True,-0.10299999999999998,True,-0.057911619912466294,0.010460299310180332,-0.02635794602433061
KRE,2024-07-31,s14_rate_sensitivity,hold,2024-08-01,55.26135594791423,30,2024-09-13,53.04710006713867,-0.04006879387582485,-0.04306879387582485,True,-0.10299999999999998,True,-0.057911619912466294,0.0170840441231197,-0.06015283799894455
XHB,2024-07-31,s14_rate_sensitivity,hold,2024-08-01,116.78175753875483,10,2024-08-15,109.30560302734375,-0.06401817089394346,-0.06701817089394346,True,-0.10299999999999998,True,-0.05764088073061879,0.0009049424834981501,-0.06792311337744161
XHB,2024-07-31,s14_rate_sensitivity,hold,2024-08-01,116.78175753875483,20,2024-08-29,114.16165161132812,-0.022435917926284077,-0.025435917926284076,True,-0.10299999999999998,True,-0.05764088073061879,0.010460299310180332,-0.03589621723646441
XHB,2024-07-31,s14_rate_sensitivity,hold,2024-08-01,116.78175753875483,30,2024-09-13,117.7372055053711,0.008181483022287939,0.005181483022287939,True,-0.10299999999999998,True,-0.05764088073061879,0.0170840441231197,-0.011902561100831762
XLU,2024-09-18,s14_rate_sensitivity,cut,2024-09-19,36.9520719061365,10,2024-10-03,38.743858337402344,0.048489471329705935,0.04548947132970593,False,0.04548947132970593,False,0.04548947132970593,-0.002536539036590013,0.048026010366295946
XLU,2024-09-18,s14_rate_sensitivity,cut,2024-09-19,36.9520719061365,20,2024-10-17,38.76288986206055,0.04900450401059464,0.04600450401059464,False,0.04600450401059464,False,0.04600450401059464,0.022987486548293967,0.02301701746230067
XLU,2024-09-18,s14_rate_sensitivity,cut,2024-09-19,36.9520719061365,30,2024-10-31,38.0159797668457,0.028791561767136598,0.0257915617671366,False,0.0257915617671366,False,0.0257915617671366,-0.0010960213579527256,0.026887583125089324
VNQ,2024-09-18,s14_rate_sensitivity,cut,2024-09-19,91.76327096638701,10,2024-10-03,89.32099151611328,-0.02661499992920191,-0.02961499992920191,False,-0.02961499992920191,True,-0.028564311042259757,-0.002536539036590013,-0.027078460892611896
VNQ,2024-09-18,s14_rate_sensitivity,cut,2024-09-19,91.76327096638701,20,2024-10-17,90.46122741699219,-0.014189157989712098,-0.017189157989712097,False,-0.017189157989712097,True,-0.028564311042259757,0.022987486548293967,-0.04017664453800607
VNQ,2024-09-18,s14_rate_sensitivity,cut,2024-09-19,91.76327096638701,30,2024-10-31,87.99385070800781,-0.04107765796360885,-0.04407765796360885,False,-0.04407765796360885,True,-0.028564311042259757,-0.0010960213579527256,-0.042981636605656126
KRE,2024-09-18,s14_rate_sensitivity,cut,2024-09-19,55.736511639655355,10,2024-10-03,52.34837341308594,-0.06078848723928443,-0.06378848723928443,False,-0.06378848723928443,True,-0.05728591960249485,-0.002536539036590013,-0.06125194820269442
KRE,2024-09-18,s14_rate_sensitivity,cut,2024-09-19,55.736511639655355,20,2024-10-17,57.839595794677734,0.037732611768370505,0.0347326117683705,False,0.0347326117683705,True,-0.05728591960249485,0.022987486548293967,0.011745125220076535
KRE,2024-09-18,s14_rate_sensitivity,cut,2024-09-19,55.736511639655355,30,2024-10-31,56.395042419433594,0.011815069877995521,0.008815069877995522,False,0.008815069877995522,True,-0.05728591960249485,-0.0010960213579527256,0.009911091235948247
XHB,2024-09-18,s14_rate_sensitivity,cut,2024-09-19,123.13503016460187,10,2024-10-03,121.24076843261719,-0.01538361365935037,-0.01838361365935037,False,-0.01838361365935037,False,-0.01838361365935037,-0.002536539036590013,-0.015847074622760356
XHB,2024-09-18,s14_rate_sensitivity,cut,2024-09-19,123.13503016460187,20,2024-10-17,122.63105010986328,-0.004092905601800645,-0.007092905601800645,False,-0.007092905601800645,False,-0.007092905601800645,0.022987486548293967,-0.03008039215009461
XHB,2024-09-18,s14_rate_sensitivity,cut,2024-09-19,123.13503016460187,30,2024-10-31,112.61309051513672,-0.08545041679366017,-0.08845041679366017,True,-0.10299999999999998,True,-0.050311063011495016,-0.0010960213579527256,-0.08735439543570744
XLU,2024-11-07,s14_rate_sensitivity,cut,2024-11-08,37.14538582261229,10,2024-11-22,38.74861145019531,0.043160828514185345,0.04016082851418534,False,0.04016082851418534,False,0.04016082851418534,-0.0011070086742912544,0.0412678371884766
XLU,2024-11-07,s14_rate_sensitivity,cut,2024-11-08,37.14538582261229,20,2024-12-09,37.43558120727539,0.007812420795652253,0.004812420795652253,False,0.004812420795652253,False,0.004812420795652253,0.014274618184592747,-0.009462197388940493
XLU,2024-11-07,s14_rate_sensitivity,cut,2024-11-08,37.14538582261229,30,2024-12-23,36.48417663574219,-0.017800573940131015,-0.020800573940131014,False,-0.020800573940131014,True,-0.03578419042387626,0.000874805358363151,-0.021675379298494165
VNQ,2024-11-07,s14_rate_sensitivity,cut,2024-11-08,88.62937811811702,10,2024-11-22,89.94718170166016,0.01486869942590463,0.011868699425904631,False,0.011868699425904631,False,0.011868699425904631,-0.0011070086742912544,0.012975708100195885
VNQ,2024-11-07,s14_rate_sensitivity,cut,2024-11-08,88.62937811811702,20,2024-12-09,89.6107177734375,0.011072396942835905,0.008072396942835906,False,0.008072396942835906,False,0.008072396942835906,0.014274618184592747,-0.006202221241756841
VNQ,2024-11-07,s14_rate_sensitivity,cut,2024-11-08,88.62937811811702,30,2024-12-23,83.81551361083984,-0.05431454681834391,-0.057314546818343914,False,-0.057314546818343914,True,-0.03481322278758325,0.000874805358363151,-0.058189352176707065
KRE,2024-11-07,s14_rate_sensitivity,cut,2024-11-08,62.08715801813026,10,2024-11-22,64.8519058227539,0.04453010723757567,0.041530107237575664,False,0.041530107237575664,False,0.041530107237575664,-0.0011070086742912544,0.04263711591186692
KRE,2024-11-07,s14_rate_sensitivity,cut,2024-11-08,62.08715801813026,20,2024-12-09,62.642032623291016,0.008937026961336025,0.005937026961336025,False,0.005937026961336025,False,0.005937026961336025,0.014274618184592747,-0.00833759122325672
KRE,2024-11-07,s14_rate_sensitivity,cut,2024-11-08,62.08715801813026,30,2024-12-23,58.368988037109375,-0.059886296936560224,-0.06288629693656023,False,-0.06288629693656023,True,-0.05868490882997346,0.000874805358363151,-0.06376110229492338
XHB,2024-11-07,s14_rate_sensitivity,cut,2024-11-08,116.49801327790428,10,2024-11-22,118.26298522949219,0.015150232196471825,0.012150232196471825,False,0.012150232196471825,False,0.012150232196471825,-0.0011070086742912544,0.01325724087076308
XHB,2024-11-07,s14_rate_sensitivity,cut,2024-11-08,116.49801327790428,20,2024-12-09,118.26298522949219,0.015150232196471825,0.012150232196471825,False,0.012150232196471825,False,0.012150232196471825,0.014274618184592747,-0.0021243859881209214
XHB,2024-11-07,s14_rate_sensitivity,cut,2024-11-08,116.49801327790428,30,2024-12-23,104.46753692626953,-0.10326765249580883,-0.10626765249580883,True,-0.10299999999999998,True,-0.04714659262203447,0.000874805358363151,-0.10714245785417198
XLU,2024-12-18,s14_rate_sensitivity,cut,2024-12-19,35.6610926782515,10,2025-01-06,36.56093215942383,0.02523308776012656,0.02223308776012656,False,0.02223308776012656,False,0.02223308776012656,0.010152381293310864,0.012080706466815697
XLU,2024-12-18,s14_rate_sensitivity,cut,2024-12-19,35.6610926782515,20,2025-01-22,37.56825637817383,0.05348023733118645,0.05048023733118645,False,0.05048023733118645,False,0.05048023733118645,0.02895221134033532,0.02152802599085113
XLU,2024-12-18,s14_rate_sensitivity,cut,2024-12-19,35.6610926782515,30,2025-02-05,37.601829528808594,0.05442168774992928,0.05142168774992928,False,0.05142168774992928,False,0.05142168774992928,0.025185335564953615,0.026236352184975664
VNQ,2024-12-18,s14_rate_sensitivity,cut,2024-12-19,83.61984998247226,10,2025-01-06,83.32481384277344,-0.0035283026668986306,-0.006528302666898631,False,-0.006528302666898631,False,-0.006528302666898631,0.010152381293310864,-0.016680683960209493
VNQ,2024-12-18,s14_rate_sensitivity,cut,2024-12-19,83.61984998247226,20,2025-01-22,84.68367767333984,0.012722190856484072,0.009722190856484073,False,0.009722190856484073,True,-0.03547132472807135,0.02895221134033532,-0.019230020483851248
VNQ,2024-12-18,s14_rate_sensitivity,cut,2024-12-19,83.61984998247226,30,2025-02-05,86.53324127197266,0.03484090548011132,0.031840905480111314,False,0.031840905480111314,True,-0.03547132472807135,0.025185335564953615,0.0066555699151577
KRE,2024-12-18,s14_rate_sensitivity,cut,2024-12-19,58.8153884175528,10,2025-01-06,58.446044921875,-0.006279708518724614,-0.009279708518724613,False,-0.009279708518724613,False,-0.009279708518724613,0.010152381293310864,-0.019432089812035477
KRE,2024-12-18,s14_rate_sensitivity,cut,2024-12-19,58.8153884175528,20,2025-01-22,60.76731872558594,0.033187408271040164,0.030187408271040165,False,0.030187408271040165,True,-0.057254909895550155,0.02895221134033532,0.001235196930704844
KRE,2024-12-18,s14_rate_sensitivity,cut,2024-12-19,58.8153884175528,30,2025-02-05,62.36620330810547,0.060372208465989896,0.05737220846598989,False,0.05737220846598989,True,-0.057254909895550155,0.025185335564953615,0.03218687290103628
XHB,2024-12-18,s14_rate_sensitivity,cut,2024-12-19,104.74467755745486,10,2025-01-06,103.39096069335938,-0.012923968030289168,-0.015923968030289167,False,-0.015923968030289167,False,-0.015923968030289167,0.010152381293310864,-0.02607634932360003
XHB,2024-12-18,s14_rate_sensitivity,cut,2024-12-19,104.74467755745486,20,2025-01-22,110.15660095214844,0.05166776509216908,0.04866776509216908,False,0.04866776509216908,False,0.04866776509216908,0.02895221134033532,0.01971555375183376
XHB,2024-12-18,s14_rate_sensitivity,cut,2024-12-19,104.74467755745486,30,2025-02-05,106.32438659667969,0.015081520856831343,0.012081520856831344,False,0.012081520856831344,False,0.012081520856831344,0.025185335564953615,-0.013103814708122271
XLU,2025-01-29,s14_rate_sensitivity,hold,2025-01-30,37.23726917009421,10,2025-02-13,38.10069274902344,0.023187081066155635,0.020187081066155636,False,0.020187081066155636,False,0.020187081066155636,0.009553478272919635,0.010633602793236
XLU,2025-01-29,s14_rate_sensitivity,hold,2025-01-30,37.23726917009421,20,2025-02-28,37.999961853027344,0.020481971420870604,0.017481971420870605,False,0.017481971420870605,False,0.017481971420870605,-0.016193158943028196,0.0336751303638988
XLU,2025-01-29,s14_rate_sensitivity,hold,2025-01-30,37.23726917009421,30,2025-03-14,37.832069396972656,0.015973250459411892,0.012973250459411893,False,0.012973250459411893,False,0.012973250459411893,-0.06813387116207414,0.08110712162148603
VNQ,2025-01-29,s14_rate_sensitivity,hold,2025-01-30,85.57072415484562,10,2025-02-13,86.86353302001953,0.0151080743787384,0.012108074378738402,False,0.012108074378738402,False,0.012108074378738402,0.009553478272919635,0.002554596105818766
VNQ,2025-01-29,s14_rate_sensitivity,hold,2025-01-30,85.57072415484562,20,2025-02-28,88.60929870605469,0.03550951077275655,0.032509510772756545,False,0.032509510772756545,False,0.032509510772756545,-0.016193158943028196,0.04870266971578474
VNQ,2025-01-29,s14_rate_sensitivity,hold,2025-01-30,85.57072415484562,30,2025-03-14,85.08944702148438,-0.005624319977593606,-0.008624319977593605,False,-0.008624319977593605,False,-0.008624319977593605,-0.06813387116207414,0.059509551184480536
KRE,2025-01-29,s14_rate_sensitivity,hold,2025-01-30,61.855717005012536,10,2025-02-13,61.34523391723633,-0.00825280366137926,-0.011252803661379259,False,-0.011252803661379259,False,-0.011252803661379259,0.009553478272919635,-0.020806281934298895
KRE,2025-01-29,s14_rate_sensitivity,hold,2025-01-30,61.855717005012536,20,2025-02-28,59.78487014770508,-0.0334786654746827,-0.0364786654746827,False,-0.0364786654746827,True,-0.04742929359484871,-0.016193158943028196,-0.020285506531654507
KRE,2025-01-29,s14_rate_sensitivity,hold,2025-01-30,61.855717005012536,30,2025-03-14,54.67036056518555,-0.11616317436340962,-0.11916317436340962,True,-0.10299999999999998,True,-0.04742929359484871,-0.06813387116207414,-0.051029303201335474
XHB,2025-01-29,s14_rate_sensitivity,hold,2025-01-30,108.36888125416137,10,2025-02-13,104.68482208251953,-0.033995544929558474,-0.03699554492955848,False,-0.03699554492955848,True,-0.04418314286121339,0.009553478272919635,-0.04654902320247811
XHB,2025-01-29,s14_rate_sensitivity,hold,2025-01-30,108.36888125416137,20,2025-02-28,100.1414794921875,-0.07592033494078299,-0.07892033494078299,False,-0.07892033494078299,True,-0.04418314286121339,-0.016193158943028196,-0.06272717599775479
XHB,2025-01-29,s14_rate_sensitivity,hold,2025-01-30,108.36888125416137,30,2025-03-14,96.30925750732422,-0.11128308797941067,-0.11428308797941067,True,-0.10299999999999998,True,-0.04418314286121339,-0.06813387116207414,-0.046149216817336525
XLU,2025-03-19,s14_rate_sensitivity,hold,2025-03-20,37.870443818534156,10,2025-04-03,38.1247444152832,0.006715014959095544,0.0037150149590955443,False,0.0037150149590955443,False,0.0037150149590955443,-0.0444066088593289,0.04812162381842444
XLU,2025-03-19,s14_rate_sensitivity,hold,2025-03-20,37.870443818534156,20,2025-04-17,37.56919860839844,-0.007954625817938932,-0.010954625817938931,False,-0.010954625817938931,True,-0.03272746564452644,-0.06272790332647682,0.051773277508537885
XLU,2025-03-19,s14_rate_sensitivity,hold,2025-03-20,37.870443818534156,30,2025-05-02,38.525699615478516,0.01730256450344725,0.01430256450344725,False,0.01430256450344725,True,-0.03272746564452644,0.009115282036144423,0.005187282467302826
VNQ,2025-03-19,s14_rate_sensitivity,hold,2025-03-20,86.16521037806554,10,2025-04-03,83.91382598876953,-0.02612869369688353,-0.02912869369688353,False,-0.02912869369688353,False,-0.02912869369688353,-0.0444066088593289,0.01527791516244537
VNQ,2025-03-19,s14_rate_sensitivity,hold,2025-03-20,86.16521037806554,20,2025-04-17,82.78887176513672,-0.03918447594005192,-0.042184475940051924,True,-0.10299999999999998,True,-0.036996265393996475,-0.06272790332647682,0.020543427386424895
VNQ,2025-03-19,s14_rate_sensitivity,hold,2025-03-20,86.16521037806554,30,2025-05-02,85.52498626708984,-0.0074301926284006115,-0.01043019262840061,True,-0.10299999999999998,True,-0.036996265393996475,0.009115282036144423,-0.019545474664545034
KRE,2025-03-19,s14_rate_sensitivity,hold,2025-03-20,54.99784354265846,10,2025-04-03,49.749420166015625,-0.09542962121000165,-0.09842962121000165,False,-0.09842962121000165,True,-0.052545330809144364,-0.0444066088593289,-0.05402301235067275
KRE,2025-03-19,s14_rate_sensitivity,hold,2025-03-20,54.99784354265846,20,2025-04-17,49.8560791015625,-0.09349029179858315,-0.09649029179858315,True,-0.10299999999999998,True,-0.052545330809144364,-0.06272790332647682,-0.03376238847210633
KRE,2025-03-19,s14_rate_sensitivity,hold,2025-03-20,54.99784354265846,30,2025-05-02,54.52947998046875,-0.00851603503010856,-0.011516035030108559,True,-0.10299999999999998,True,-0.052545330809144364,0.009115282036144423,-0.020631317066252982
XHB,2025-03-19,s14_rate_sensitivity,hold,2025-03-20,97.43521410446864,10,2025-04-03,90.98163604736328,-0.06623455509817966,-0.06923455509817966,False,-0.06923455509817966,True,-0.05104500268046208,-0.0444066088593289,-0.024827946238850762
XHB,2025-03-19,s14_rate_sensitivity,hold,2025-03-20,97.43521410446864,20,2025-04-17,90.02047729492188,-0.07609914831815112,-0.07909914831815112,True,-0.10299999999999998,True,-0.05104500268046208,-0.06272790332647682,-0.016371244991674305
XHB,2025-03-19,s14_rate_sensitivity,hold,2025-03-20,97.43521410446864,30,2025-05-02,96.35213470458984,-0.011115892850787401,-0.0141158928507874,True,-0.10299999999999998,True,-0.05104500268046208,0.009115282036144423,-0.023231174886931823
XLU,2025-05-07,s14_rate_sensitivity,hold,2025-05-08,39.02810543493631,10,2025-05-22,38.69477844238281,-0.00854069109527189,-0.01154069109527189,False,-0.01154069109527189,False,-0.01154069109527189,0.03157973655994395,-0.04312042765521584
XLU,2025-05-07,s14_rate_sensitivity,hold,2025-05-08,39.02810543493631,20,2025-06-06,39.22134017944336,0.004951168967942676,0.0019511689679426762,False,0.0019511689679426762,False,0.0019511689679426762,0.05997477882821367,-0.058023609860271
XLU,2025-05-07,s14_rate_sensitivity,hold,2025-05-08,39.02810543493631,30,2025-06-23,39.517974853515625,0.012551708906187509,0.00955170890618751,False,0.00955170890618751,False,0.00955170890618751,0.06490042596144385,-0.05534871705525635
VNQ,2025-05-07,s14_rate_sensitivity,hold,2025-05-08,85.11504871070748,10,2025-05-22,82.94140625,-0.02553769860480659,-0.02853769860480659,False,-0.02853769860480659,False,-0.02853769860480659,0.03157973655994395,-0.06011743516475054
VNQ,2025-05-07,s14_rate_sensitivity,hold,2025-05-08,85.11504871070748,20,2025-06-06,85.67752075195312,0.006608373604500839,0.003608373604500839,False,0.003608373604500839,False,0.003608373604500839,0.05997477882821367,-0.056366405223712834
VNQ,2025-05-07,s14_rate_sensitivity,hold,2025-05-08,85.11504871070748,30,2025-06-23,86.9264144897461,0.021281380983463327,0.018281380983463328,False,0.018281380983463328,False,0.018281380983463328,0.06490042596144385,-0.04661904497798053
KRE,2025-05-07,s14_rate_sensitivity,hold,2025-05-08,54.3452583597442,10,2025-05-22,54.927005767822266,0.010704658062845596,0.0077046580628455956,False,0.0077046580628455956,False,0.0077046580628455956,0.03157973655994395,-0.023875078497098353
KRE,2025-05-07,s14_rate_sensitivity,hold,2025-05-08,54.3452583597442,20,2025-06-06,56.25533676147461,0.03514710315822667,0.032147103158226664,False,0.032147103158226664,False,0.032147103158226664,0.05997477882821367,-0.027827675669987006
KRE,2025-05-07,s14_rate_sensitivity,hold,2025-05-08,54.3452583597442,30,2025-06-23,56.49772644042969,0.03960728397750901,0.03660728397750901,False,0.03660728397750901,False,0.03660728397750901,0.06490042596144385,-0.028293141983934844
XHB,2025-05-07,s14_rate_sensitivity,hold,2025-05-08,94.94510644289439,10,2025-05-22,94.28121948242188,-0.006992324147551576,-0.009992324147551575,False,-0.009992324147551575,False,-0.009992324147551575,0.03157973655994395,-0.04157206070749553
XHB,2025-05-07,s14_rate_sensitivity,hold,2025-05-08,94.94510644289439,20,2025-06-06,94.26141357421875,-0.007200927928674772,-0.010200927928674771,False,-0.010200927928674771,False,-0.010200927928674771,0.05997477882821367,-0.07017570675688845
XHB,2025-05-07,s14_rate_sensitivity,hold,2025-05-08,94.94510644289439,30,2025-06-23,96.66462707519531,0.018110682021670543,0.015110682021670544,False,0.015110682021670544,False,0.015110682021670544,0.06490042596144385,-0.04978974393977331
XLU,2025-06-18,s14_rate_sensitivity,hold,2025-06-20,38.99911782269644,10,2025-07-07,39.89253234863281,0.022908582958161894,0.019908582958161895,False,0.019908582958161895,False,0.019908582958161895,0.037267387145864195,-0.0173588041877023
XLU,2025-06-18,s14_rate_sensitivity,hold,2025-06-20,38.99911782269644,20,2025-07-21,40.87026596069336,0.047979242671688294,0.04497924267168829,False,0.04497924267168829,False,0.04497924267168829,0.05078722530996971,-0.005807982638281417
XLU,2025-06-18,s14_rate_sensitivity,hold,2025-06-20,38.99911782269644,30,2025-08-04,42.47549819946289,0.08913997471869206,0.08613997471869206,False,0.08613997471869206,False,0.08613997471869206,0.05479798481232723,0.03134198990636483
VNQ,2025-06-18,s14_rate_sensitivity,hold,2025-06-20,86.00165923685616,10,2025-07-07,85.92236328125,-0.0009220282063135965,-0.0039220282063135966,False,-0.0039220282063135966,False,-0.0039220282063135966,0.037267387145864195,-0.041189415352177794
VNQ,2025-06-18,s14_rate_sensitivity,hold,2025-06-20,86.00165923685616,20,2025-07-21,86.9428482055664,0.010943846631122911,0.007943846631122912,False,0.007943846631122912,False,0.007943846631122912,0.05078722530996971,-0.0428433786788468
VNQ,2025-06-18,s14_rate_sensitivity,hold,2025-06-20,86.00165923685616,30,2025-08-04,86.48074340820312,0.005570638701603681,0.0025706387016036806,False,0.0025706387016036806,False,0.0025706387016036806,0.05479798481232723,-0.05222734611072355
KRE,2025-06-18,s14_rate_sensitivity,hold,2025-06-20,55.09183966603407,10,2025-07-07,61.096046447753906,0.10898541087241331,0.10598541087241331,False,0.10598541087241331,False,0.10598541087241331,0.037267387145864195,0.06871802372654912
KRE,2025-06-18,s14_rate_sensitivity,hold,2025-06-20,55.09183966603407,20,2025-07-21,61.57442092895508,0.11766862936903766,0.11466862936903766,False,0.11466862936903766,False,0.11466862936903766,0.05078722530996971,0.06388140405906795
KRE,2025-06-18,s14_rate_sensitivity,hold,2025-06-20,55.09183966603407,30,2025-08-04,58.23552322387695,0.05706259905096367,0.05406259905096367,False,0.05406259905096367,False,0.05406259905096367,0.05479798481232723,-0.0007353857613635606
XHB,2025-06-18,s14_rate_sensitivity,hold,2025-06-20,93.0327302461728,10,2025-07-07,100.40616607666016,0.07925636290557736,0.07625636290557736,False,0.07625636290557736,False,0.07625636290557736,0.037267387145864195,0.03898897575971316
XHB,2025-06-18,s14_rate_sensitivity,hold,2025-06-20,93.0327302461728,20,2025-07-21,100.28707885742188,0.07797630567278224,0.07497630567278224,False,0.07497630567278224,False,0.07497630567278224,0.05078722530996971,0.02418908036281253
XHB,2025-06-18,s14_rate_sensitivity,hold,2025-06-20,93.0327302461728,30,2025-08-04,104.91189575195312,0.12768802414319125,0.12468802414319125,False,0.12468802414319125,False,0.12468802414319125,0.05479798481232723,0.06989003933086402
XLU,2025-07-30,s14_rate_sensitivity,hold,2025-07-31,41.322648315526116,10,2025-08-14,41.770172119140625,0.01082998844114158,0.007829988441141581,False,0.007829988441141581,False,0.007829988441141581,0.008585236367099736,-0.0007552479259581545
XLU,2025-07-30,s14_rate_sensitivity,hold,2025-07-31,41.322648315526116,20,2025-08-28,41.1669921875,-0.0037668478273119588,-0.006766847827311959,False,-0.006766847827311959,False,-0.006766847827311959,0.014793534553191101,-0.02156038238050306
XLU,2025-07-30,s14_rate_sensitivity,hold,2025-07-31,41.322648315526116,30,2025-09-12,41.590187072753906,0.006474385552081463,0.003474385552081463,False,0.003474385552081463,True,-0.028253266289155806,0.02807047785498784,-0.024596092302906377
VNQ,2025-07-30,s14_rate_sensitivity,hold,2025-07-31,86.54813319167458,10,2025-08-14,85.83573150634766,-0.008231277314199259,-0.011231277314199258,False,-0.011231277314199258,False,-0.011231277314199258,0.008585236367099736,-0.019816513681298994
VNQ,2025-07-30,s14_rate_sensitivity,hold,2025-07-31,86.54813319167458,20,2025-08-28,88.31953430175781,0.02046723649324922,0.01746723649324922,False,0.01746723649324922,False,0.01746723649324922,0.014793534553191101,0.0026737019400581187
VNQ,2025-07-30,s14_rate_sensitivity,hold,2025-07-31,86.54813319167458,30,2025-09-12,89.3496322631836,0.0323692605281809,0.0293692605281809,False,0.0293692605281809,False,0.0293692605281809,0.02807047785498784,0.0012987826731930587
KRE,2025-07-30,s14_rate_sensitivity,hold,2025-07-31,58.967737141724754,10,2025-08-14,61.115570068359375,0.03642386550246046,0.03342386550246046,False,0.03342386550246046,True,-0.04227645619686715,0.008585236367099736,0.024838629135360724
KRE,2025-07-30,s14_rate_sensitivity,hold,2025-07-31,58.967737141724754,20,2025-08-28,63.96632766723633,0.08476822696278496,0.08176822696278496,False,0.08176822696278496,True,-0.04227645619686715,0.014793534553191101,0.06697469240959386
KRE,2025-07-30,s14_rate_sensitivity,hold,2025-07-31,58.967737141724754,30,2025-09-12,63.44888687133789,0.07599324557499987,0.07299324557499987,False,0.07299324557499987,True,-0.04227645619686715,0.02807047785498784,0.044922767720012025
XHB,2025-07-30,s14_rate_sensitivity,hold,2025-07-31,101.06119665628323,10,2025-08-14,112.80187225341797,0.11617392219355627,0.11317392219355626,False,0.11317392219355626,False,0.11317392219355626,0.008585236367099736,0.10458868582645653
XHB,2025-07-30,s14_rate_sensitivity,hold,2025-07-31,101.06119665628323,20,2025-08-28,113.53628540039062,0.12344093635202169,0.12044093635202169,False,0.12044093635202169,False,0.12044093635202169,0.014793534553191101,0.10564740179883059
XHB,2025-07-30,s14_rate_sensitivity,hold,2025-07-31,101.06119665628323,30,2025-09-12,115.28299713134766,0.1407246395808457,0.1377246395808457,False,0.1377246395808457,False,0.1377246395808457,0.02807047785498784,0.10965416172585785
XLU,2025-09-17,s14_rate_sensitivity,cut,2025-09-18,40.95782387334325,10,2025-10-02,43.040550231933594,0.05085051307976962,0.04785051307976962,False,0.04785051307976962,False,0.04785051307976962,0.013877365808313558,0.03397314727145606
XLU,2025-09-17,s14_rate_sensitivity,cut,2025-09-18,40.95782387334325,20,2025-10-16,44.999385833740234,0.09867618877641027,0.09567618877641026,False,0.09567618877641026,False,0.09567618877641026,0.0008787013675835009,0.09479748740882676
XLU,2025-09-17,s14_rate_sensitivity,cut,2025-09-18,40.95782387334325,30,2025-10-30,43.93671798706055,0.07273077112029047,0.06973077112029047,False,0.06973077112029047,False,0.06973077112029047,0.02995185933782496,0.03977891178246551
VNQ,2025-09-17,s14_rate_sensitivity,cut,2025-09-18,88.72387547678943,10,2025-10-02,88.5216293334961,-0.002279500779316712,-0.005279500779316712,False,-0.005279500779316712,False,-0.005279500779316712,0.013877365808313558,-0.01915686658763027
VNQ,2025-09-17,s14_rate_sensitivity,cut,2025-09-18,88.72387547678943,20,2025-10-16,88.0356674194336,-0.007756740264754036,-0.010756740264754035,False,-0.010756740264754035,True,-0.025450087214807012,0.0008787013675835009,-0.011635441632337536
VNQ,2025-09-17,s14_rate_sensitivity,cut,2025-09-18,88.72387547678943,30,2025-10-30,86.45145416259766,-0.025612286455929834,-0.028612286455929833,False,-0.028612286455929833,True,-0.025450087214807012,0.02995185933782496,-0.058564145793754796
KRE,2025-09-17,s14_rate_sensitivity,cut,2025-09-18,63.2731629828394,10,2025-10-02,61.70811462402344,-0.02473478936465412,-0.02773478936465412,False,-0.02773478936465412,False,-0.02773478936465412,0.013877365808313558,-0.04161215517296768
KRE,2025-09-17,s14_rate_sensitivity,cut,2025-09-18,63.2731629828394,20,2025-10-16,57.1109504699707,-0.09739061906135438,-0.10039061906135438,True,-0.10299999999999998,True,-0.041064957916981726,0.0008787013675835009,-0.10126932042893788
KRE,2025-09-17,s14_rate_sensitivity,cut,2025-09-18,63.2731629828394,30,2025-10-30,58.80051040649414,-0.07068798785289598,-0.07368798785289599,True,-0.10299999999999998,True,-0.041064957916981726,0.02995185933782496,-0.10363984719072095
XHB,2025-09-17,s14_rate_sensitivity,cut,2025-09-18,113.27824118106936,10,2025-10-02,110.95222473144531,-0.020533656114116727,-0.023533656114116727,False,-0.023533656114116727,False,-0.023533656114116727,0.013877365808313558,-0.03741102192243029
XHB,2025-09-17,s14_rate_sensitivity,cut,2025-09-18,113.27824118106936,20,2025-10-16,106.3905029296875,-0.060803718168365384,-0.06380371816836539,False,-0.06380371816836539,True,-0.04950758497888086,0.0008787013675835009,-0.06468241953594889
XHB,2025-09-17,s14_rate_sensitivity,cut,2025-09-18,113.27824118106936,30,2025-10-30,103.88603210449219,-0.08291273750944117,-0.08591273750944117,False,-0.08591273750944117,True,-0.04950758497888086,0.02995185933782496,-0.11586459684726613
XLU,2025-10-29,s14_rate_sensitivity,cut,2025-10-30,44.07383599012907,10,2025-11-13,43.42741775512695,-0.014666711450913694,-0.017666711450913693,False,-0.017666711450913693,False,-0.017666711450913693,-0.017341758746888147,-0.0003249527040255461
XLU,2025-10-29,s14_rate_sensitivity,cut,2025-10-30,44.07383599012907,20,2025-11-28,44.38235092163086,0.006999956427003129,0.003999956427003129,False,0.003999956427003129,True,-0.02999682697521999,-0.0007458040061586457,0.004745760433161775
XLU,2025-10-29,s14_rate_sensitivity,cut,2025-10-30,44.07383599012907,30,2025-12-12,41.94850158691406,-0.04822213350548843,-0.05122213350548843,False,-0.05122213350548843,True,-0.02999682697521999,-0.0031291497593601836,-0.04809298374612825
VNQ,2025-10-29,s14_rate_sensitivity,cut,2025-10-30,85.97521240645318,10,2025-11-13,86.8888168334961,0.010626370106813887,0.007626370106813887,False,0.007626370106813887,False,0.007626370106813887,-0.017341758746888147,0.024968128853702035
VNQ,2025-10-29,s14_rate_sensitivity,cut,2025-10-30,85.97521240645318,20,2025-11-28,88.7743148803711,0.03255708704370486,0.02955708704370486,False,0.02955708704370486,False,0.02955708704370486,-0.0007458040061586457,0.030302891049863504
VNQ,2025-10-29,s14_rate_sensitivity,cut,2025-10-30,85.97521240645318,30,2025-12-12,86.9374008178711,0.01119146303319507,0.008191463033195071,False,0.008191463033195071,False,0.008191463033195071,-0.0031291497593601836,0.011320612792555255
KRE,2025-10-29,s14_rate_sensitivity,cut,2025-10-30,58.623692207849416,10,2025-11-13,59.71405029296875,0.018599273502826863,0.015599273502826864,False,0.015599273502826864,False,0.015599273502826864,-0.017341758746888147,0.03294103224971501
KRE,2025-10-29,s14_rate_sensitivity,cut,2025-10-30,58.623692207849416,20,2025-11-28,61.87510681152344,0.055462467156558226,0.05246246715655822,False,0.05246246715655822,False,0.05246246715655822,-0.0007458040061586457,0.05320827116271687
KRE,2025-10-29,s14_rate_sensitivity,cut,2025-10-30,58.623692207849416,30,2025-12-12,65.89271545410156,0.12399463378184938,0.12099463378184938,False,0.12099463378184938,False,0.12099463378184938,-0.0031291497593601836,0.12412378354120956
XHB,2025-10-29,s14_rate_sensitivity,cut,2025-10-30,104.10467034198197,10,2025-11-13,103.47856140136719,-0.006014225284591279,-0.009014225284591278,False,-0.009014225284591278,False,-0.009014225284591278,-0.017341758746888147,0.008327533462296869
XHB,2025-10-29,s14_rate_sensitivity,cut,2025-10-30,104.10467034198197,20,2025-11-28,108.209228515625,0.03942722415968114,0.03642722415968114,False,0.03642722415968114,True,-0.04722633391051678,-0.0007458040061586457,0.03717302816583978
XHB,2025-10-29,s14_rate_sensitivity,cut,2025-10-30,104.10467034198197,30,2025-12-12,107.21539306640625,0.029880722105988244,0.026880722105988245,False,0.026880722105988245,True,-0.04722633391051678,-0.0031291497593601836,0.03000987186534843
XLU,2025-12-10,s14_rate_sensitivity,hold,2025-12-11,41.772202172362796,10,2025-12-26,42.21342849731445,0.010562678097052247,0.007562678097052247,False,0.007562678097052247,False,0.007562678097052247,0.010523079328766505,-0.0029604012317142577
XLU,2025-12-10,s14_rate_sensitivity,hold,2025-12-11,41.772202172362796,20,2026-01-12,42.016082763671875,0.005838346522952342,0.0028383465229523423,False,0.0028383465229523423,False,0.0028383465229523423,0.01762281053801451,-0.014784464015062167
XLU,2025-12-10,s14_rate_sensitivity,hold,2025-12-11,41.772202172362796,30,2026-01-27,42.85482406616211,0.02591728081110345,0.02291728081110345,False,0.02291728081110345,False,0.02291728081110345,0.018105874661434207,0.004811406149669243
VNQ,2025-12-10,s14_rate_sensitivity,hold,2025-12-11,86.91797343237684,10,2025-12-26,87.1519775390625,0.002692240712074634,-0.00030775928792536617,False,-0.00030775928792536617,False,-0.00030775928792536617,0.010523079328766505,-0.01083083861669187
VNQ,2025-12-10,s14_rate_sensitivity,hold,2025-12-11,86.91797343237684,20,2026-01-12,87.8679428100586,0.010929492947978625,0.007929492947978626,False,0.007929492947978626,False,0.007929492947978626,0.01762281053801451,-0.009693317590035885
VNQ,2025-12-10,s14_rate_sensitivity,hold,2025-12-11,86.91797343237684,30,2026-01-27,88.65257263183594,0.019956737725927765,0.016956737725927765,False,0.016956737725927765,False,0.016956737725927765,0.018105874661434207,-0.0011491369355064417
KRE,2025-12-10,s14_rate_sensitivity,hold,2025-12-11,65.54892216592701,10,2025-12-26,65.75137329101562,0.003088550023387704,8.855002338770384e-05,False,8.855002338770384e-05,False,8.855002338770384e-05,0.010523079328766505,-0.0104345293053788
KRE,2025-12-10,s14_rate_sensitivity,hold,2025-12-11,65.54892216592701,20,2026-01-12,65.9095230102539,0.005501247502042617,0.0025012475020426165,False,0.0025012475020426165,False,0.0025012475020426165,0.01762281053801451,-0.015121563035971893
KRE,2025-12-10,s14_rate_sensitivity,hold,2025-12-11,65.54892216592701,30,2026-01-27,67.47126770019531,0.029326882437550772,0.026326882437550773,False,0.026326882437550773,False,0.026326882437550773,0.018105874661434207,0.008221007776116566
XHB,2025-12-10,s14_rate_sensitivity,hold,2025-12-11,107.92101454734143,10,2025-12-26,104.52225494384766,-0.031493028653866495,-0.0344930286538665,False,-0.0344930286538665,True,-0.043388552810392556,0.010523079328766505,-0.045016107982633
XHB,2025-12-10,s14_rate_sensitivity,hold,2025-12-11,107.92101454734143,20,2026-01-12,113.12377166748047,0.048208934487516064,0.04520893448751606,False,0.04520893448751606,True,-0.043388552810392556,0.01762281053801451,0.02758612394950155
XHB,2025-12-10,s14_rate_sensitivity,hold,2025-12-11,107.92101454734143,30,2026-01-27,109.5895767211914,0.015460957079105553,0.012460957079105554,False,0.012460957079105554,True,-0.043388552810392556,0.018105874661434207,-0.005644917582328653
