ticker,event_date,setup_type,fomc_direction
XLU,2021-12-15,s14_rate_sensitivity,hold
VNQ,2021-12-15,s14_rate_sensitivity,hold
KRE,2021-12-15,s14_rate_sensitivity,hold
XHB,2021-12-15,s14_rate_sensitivity,hold
XLU,2022-01-26,s14_rate_sensitivity,hold
VNQ,2022-01-26,s14_rate_sensitivity,hold
KRE,2022-01-26,s14_rate_sensitivity,hold
XHB,2022-01-26,s14_rate_sensitivity,hold
XLU,2022-03-16,s14_rate_sensitivity,hike
VNQ,2022-03-16,s14_rate_sensitivity,hike
KRE,2022-03-16,s14_rate_sensitivity,hike
XHB,2022-03-16,s14_rate_sensitivity,hike
XLU,2022-05-04,s14_rate_sensitivity,hike
VNQ,2022-05-04,s14_rate_sensitivity,hike
KRE,2022-05-04,s14_rate_sensitivity,hike
XHB,2022-05-04,s14_rate_sensitivity,hike
XLU,2022-06-15,s14_rate_sensitivity,hike
VNQ,2022-06-15,s14_rate_sensitivity,hike
KRE,2022-06-15,s14_rate_sensitivity,hike
XHB,2022-06-15,s14_rate_sensitivity,hike
XLU,2022-07-27,s14_rate_sensitivity,hike
VNQ,2022-07-27,s14_rate_sensitivity,hike
KRE,2022-07-27,s14_rate_sensitivity,hike
XHB,2022-07-27,s14_rate_sensitivity,hike
XLU,2022-09-21,s14_rate_sensitivity,hike
VNQ,2022-09-21,s14_rate_sensitivity,hike
KRE,2022-09-21,s14_rate_sensitivity,hike
XHB,2022-09-21,s14_rate_sensitivity,hike
XLU,2022-11-02,s14_rate_sensitivity,hike
VNQ,2022-11-02,s14_rate_sensitivity,hike
KRE,2022-11-02,s14_rate_sensitivity,hike
XHB,2022-11-02,s14_rate_sensitivity,hike
XLU,2022-12-14,s14_rate_sensitivity,hike
VNQ,2022-12-14,s14_rate_sensitivity,hike
KRE,2022-12-14,s14_rate_sensitivity,hike
XHB,2022-12-14,s14_rate_sensitivity,hike
XLU,2023-02-01,s14_rate_sensitivity,hike
VNQ,2023-02-01,s14_rate_sensitivity,hike
KRE,2023-02-01,s14_rate_sensitivity,hike
XHB,2023-02-01,s14_rate_sensitivity,hike
XLU,2023-03-22,s14_rate_sensitivity,hike
VNQ,2023-03-22,s14_rate_sensitivity,hike
KRE,2023-03-22,s14_rate_sensitivity,hike
XHB,2023-03-22,s14_rate_sensitivity,hike
XLU,2023-05-03,s14_rate_sensitivity,hike
VNQ,2023-05-03,s14_rate_sensitivity,hike
KRE,2023-05-03,s14_rate_sensitivity,hike
XHB,2023-05-03,s14_rate_sensitivity,hike
XLU,2023-06-14,s14_rate_sensitivity,hold
VNQ,2023-06-14,s14_rate_sensitivity,hold
KRE,2023-06-14,s14_rate_sensitivity,hold
XHB,2023-06-14,s14_rate_sensitivity,hold
XLU,2023-07-26,s14_rate_sensitivity,hike
VNQ,2023-07-26,s14_rate_sensitivity,hike
KRE,2023-07-26,s14_rate_sensitivity,hike
XHB,2023-07-26,s14_rate_sensitivity,hike
XLU,2023-09-20,s14_rate_sensitivity,hold
VNQ,2023-09-20,s14_rate_sensitivity,hold
KRE,2023-09-20,s14_rate_sensitivity,hold
XHB,2023-09-20,s14_rate_sensitivity,hold
XLU,2023-11-01,s14_rate_sensitivity,hold
VNQ,2023-11-01,s14_rate_sensitivity,hold
KRE,2023-11-01,s14_rate_sensitivity,hold
XHB,2023-11-01,s14_rate_sensitivity,hold
XLU,2023-12-13,s14_rate_sensitivity,hold
VNQ,2023-12-13,s14_rate_sensitivity,hold
KRE,2023-12-13,s14_rate_sensitivity,hold
XHB,2023-12-13,s14_rate_sensitivity,hold
XLU,2024-01-31,s14_rate_sensitivity,hold
VNQ,2024-01-31,s14_rate_sensitivity,hold
KRE,2024-01-31,s14_rate_sensitivity,hold
XHB,2024-01-31,s14_rate_sensitivity,hold
XLU,2024-03-20,s14_rate_sensitivity,hold
VNQ,2024-03-20,s14_rate_sensitivity,hold
KRE,2024-03-20,s14_rate_sensitivity,hold
XHB,2024-03-20,s14_rate_sensitivity,hold
XLU,2024-05-01,s14_rate_sensitivity,hold
VNQ,2024-05-01,s14_rate_sensitivity,hold
KRE,2024-05-01,s14_rate_sensitivity,hold
XHB,2024-05-01,s14_rate_sensitivity,hold
XLU,2024-06-12,s14_rate_sensitivity,hold
VNQ,2024-06-12,s14_rate_sensitivity,hold
KRE,2024-06-12,s14_rate_sensitivity,hold
XHB,2024-06-12,s14_rate_sensitivity,hold
XLU,2024-07-31,s14_rate_sensitivity,hold
VNQ,2024-07-31,s14_rate_sensitivity,hold
KRE,2024-07-31,s14_rate_sensitivity,hold
XHB,2024-07-31,s14_rate_sensitivity,hold
XLU,2024-09-18,s14_rate_sensitivity,cut
VNQ,2024-09-18,s14_rate_sensitivity,cut
KRE,2024-09-18,s14_rate_sensitivity,cut
XHB,2024-09-18,s14_rate_sensitivity,cut
XLU,2024-11-07,s14_rate_sensitivity,cut
VNQ,2024-11-07,s14_rate_sensitivity,cut
KRE,2024-11-07,s14_rate_sensitivity,cut
XHB,2024-11-07,s14_rate_sensitivity,cut
XLU,2024-12-18,s14_rate_sensitivity,cut
VNQ,2024-12-18,s14_rate_sensitivity,cut
KRE,2024-12-18,s14_rate_sensitivity,cut
XHB,2024-12-18,s14_rate_sensitivity,cut
XLU,2025-01-29,s14_rate_sensitivity,hold
VNQ,2025-01-29,s14_rate_sensitivity,hold
KRE,2025-01-29,s14_rate_sensitivity,hold
XHB,2025-01-29,s14_rate_sensitivity,hold
XLU,2025-03-19,s14_rate_sensitivity,hold
VNQ,2025-03-19,s14_rate_sensitivity,hold
KRE,2025-03-19,s14_rate_sensitivity,hold
XHB,2025-03-19,s14_rate_sensitivity,hold
XLU,2025-05-07,s14_rate_sensitivity,hold
VNQ,2025-05-07,s14_rate_sensitivity,hold
KRE,2025-05-07,s14_rate_sensitivity,hold
XHB,2025-05-07,s14_rate_sensitivity,hold
XLU,2025-06-18,s14_rate_sensitivity,hold
VNQ,2025-06-18,s14_rate_sensitivity,hold
KRE,2025-06-18,s14_rate_sensitivity,hold
XHB,2025-06-18,s14_rate_sensitivity,hold
XLU,2025-07-30,s14_rate_sensitivity,hold
VNQ,2025-07-30,s14_rate_sensitivity,hold
KRE,2025-07-30,s14_rate_sensitivity,hold
XHB,2025-07-30,s14_rate_sensitivity,hold
XLU,2025-09-17,s14_rate_sensitivity,cut
VNQ,2025-09-17,s14_rate_sensitivity,cut
KRE,2025-09-17,s14_rate_sensitivity,cut
XHB,2025-09-17,s14_rate_sensitivity,cut
XLU,2025-10-29,s14_rate_sensitivity,cut
VNQ,2025-10-29,s14_rate_sensitivity,cut
KRE,2025-10-29,s14_rate_sensitivity,cut
XHB,2025-10-29,s14_rate_sensitivity,cut
XLU,2025-12-10,s14_rate_sensitivity,hold
VNQ,2025-12-10,s14_rate_sensitivity,hold
KRE,2025-12-10,s14_rate_sensitivity,hold
XHB,2025-12-10,s14_rate_sensitivity,hold
