ticker,event_date,setup_type,adsh,company_name,entry_date,entry_price,horizon,exit_date,exit_price,raw_return,net_return,sl_hit_pct10,sl_return_pct10,sl_hit_atr2,sl_return_atr2,spy_return,edge_vs_spy,error
ALBT,2022-05-02,s20_uplisting,0001213900-22-023156,Avalon GloboCare Corp.  (ALBT)  (CIK 0001630212),2022-05-03,81.75,30.0,2022-06-15,72.44999694824219,-0.11376150522027906,-0.11676150522027906,True,-0.10299999999999998,True,-0.21280751158904232,-0.08628698106876886,-0.030474524151510196,
ALBT,2022-05-02,s20_uplisting,0001213900-22-023156,Avalon GloboCare Corp.  (ALBT)  (CIK 0001630212),2022-05-03,81.75,60.0,2022-07-29,81.5999984741211,-0.0018348810505065538,-0.004834881050506554,True,-0.10299999999999998,True,-0.21280751158904232,-0.0029886229859664715,-0.0018462580645400824,
ALBT,2022-05-02,s20_uplisting,0001213900-22-023156,Avalon GloboCare Corp.  (ALBT)  (CIK 0001630212),2022-05-03,81.75,90.0,2022-09-12,75.9000015258789,-0.07155961436233749,-0.07455961436233749,True,-0.10299999999999998,True,-0.21280751158904232,-0.005457039317920631,-0.06910257504441686,
ALBT,2023-06-16,s20_uplisting,0001213900-23-049645,Avalon GloboCare Corp.  (ALBT)  (CIK 0001630212),2023-06-20,28.350000381469727,30.0,2023-08-02,19.5,-0.31216932142457077,-0.31516932142457077,True,-0.10299999999999998,True,-0.1645715147236274,0.028986200203822365,-0.34415552162839314,
ALBT,2023-06-16,s20_uplisting,0001213900-23-049645,Avalon GloboCare Corp.  (ALBT)  (CIK 0001630212),2023-06-20,28.350000381469727,60.0,2023-09-14,15.449999809265137,-0.4550264690873287,-0.4580264690873287,True,-0.10299999999999998,True,-0.1645715147236274,0.02951191747631121,-0.4875383865636399,
ALBT,2023-06-16,s20_uplisting,0001213900-23-049645,Avalon GloboCare Corp.  (ALBT)  (CIK 0001630212),2023-06-20,28.350000381469727,90.0,2023-10-26,8.699999809265137,-0.6931217039788233,-0.6961217039788233,True,-0.10299999999999998,True,-0.1645715147236274,-0.053594207569765295,-0.642527496409058,
ALBT,2025-09-08,s20_uplisting,0001213900-25-085313,Avalon GloboCare Corp.  (ALBT)  (CIK 0001630212),2025-09-09,2.390000104904175,30.0,2025-10-21,2.2899999618530273,-0.04184106220160899,-0.044841062201608994,True,-0.10299999999999998,False,-0.044841062201608994,0.037260774667915,-0.08210183686952399,
ALBT,2025-09-08,s20_uplisting,0001213900-25-085313,Avalon GloboCare Corp.  (ALBT)  (CIK 0001630212),2025-09-09,2.390000104904175,60.0,2025-12-03,1.2999999523162842,-0.45606698943287005,-0.45906698943287005,True,-0.10299999999999998,True,-0.1671395682344905,0.05673006744461517,-0.5157970568774852,
ALBT,2025-09-08,s20_uplisting,0001213900-25-085313,Avalon GloboCare Corp.  (ALBT)  (CIK 0001630212),2025-09-09,2.390000104904175,90.0,2026-01-16,1.1699999570846558,-0.5104602904895831,-0.5134602904895831,True,-0.10299999999999998,True,-0.1671395682344905,0.07189400326279705,-0.5853542937523801,
ALOY,2021-11-16,s20_uplisting,0001437749-21-026901,BLACKBOXSTOCKS INC.  (BLBX)  (CIK 0001567900),2021-11-17,12.399999618530273,30.0,2021-12-31,14.279999732971191,0.1516129171190852,0.1486129171190852,True,-0.10299999999999998,False,0.1486129171190852,0.01626573426539024,0.13234718285369496,
ALOY,2021-11-16,s20_uplisting,0001437749-21-026901,BLACKBOXSTOCKS INC.  (BLBX)  (CIK 0001567900),2021-11-17,12.399999618530273,60.0,2022-02-14,7.480000019073486,-0.3967741734527518,-0.3997741734527518,True,-0.10299999999999998,False,-0.3997741734527518,-0.06063452522486912,-0.3391396482278827,
ALOY,2021-11-16,s20_uplisting,0001437749-21-026901,BLACKBOXSTOCKS INC.  (BLBX)  (CIK 0001567900),2021-11-17,12.399999618530273,90.0,2022-03-29,9.800000190734863,-0.20967737965975664,-0.21267737965975664,True,-0.10299999999999998,False,-0.21267737965975664,-0.009359473447003386,-0.20331790621275325,
APLD,2025-10-22,s20_uplisting,0001144879-25-000076,Applied Digital Corp.  (APLD)  (CIK 0001144879),2025-10-23,31.219999313354492,30.0,2025-12-05,31.219999313354492,0.0,-0.003,True,-0.10299999999999998,True,-0.2116210206492085,0.026297618760995123,-0.029297618760995122,
APLD,2025-10-22,s20_uplisting,0001144879-25-000076,Applied Digital Corp.  (APLD)  (CIK 0001144879),2025-10-23,31.219999313354492,60.0,2026-01-21,35.060001373291016,0.12299814684153265,0.11999814684153265,True,-0.10299999999999998,True,-0.2116210206492085,0.02889494885833832,0.09110319798319433,
APLD,2025-10-22,s20_uplisting,0001144879-25-000076,Applied Digital Corp.  (APLD)  (CIK 0001144879),2025-10-23,31.219999313354492,90.0,2026-03-05,28.09000015258789,-0.10025622131989387,-0.10325622131989387,True,-0.10299999999999998,True,-0.2116210206492085,0.022755143471480777,-0.12601136479137465,
APLD,2026-04-23,s20_uplisting,0001144879-26-000036,Applied Digital Corp.  (APLD)  (CIK 0001144879),2026-04-24,37.470001220703125,30.0,2026-06-08,40.94499969482422,0.09274081561014391,0.08974081561014391,True,-0.10299999999999998,True,-0.14252467368865673,0.040056176328054915,0.049684639282088994,
APLD,2026-04-23,s20_uplisting,0001144879-26-000036,Applied Digital Corp.  (APLD)  (CIK 0001144879),2026-04-24,37.470001220703125,60.0,,,,,,,,,,,exit_out_of_range
APLD,2026-04-23,s20_uplisting,0001144879-26-000036,Applied Digital Corp.  (APLD)  (CIK 0001144879),2026-04-24,37.470001220703125,90.0,,,,,,,,,,,exit_out_of_range
AREN,2022-02-09,s20_uplisting,0001493152-22-003602,"Arena Group Holdings, Inc.  (AREN)  (CIK 0000894871)",2022-02-10,8.75,30.0,2022-03-25,9.699999809265137,0.10857140677315846,0.10557140677315846,True,-0.10299999999999998,False,0.10557140677315846,0.006107090033906415,0.09946431673925205,
AREN,2022-02-09,s20_uplisting,0001493152-22-003602,"Arena Group Holdings, Inc.  (AREN)  (CIK 0000894871)",2022-02-10,8.75,60.0,2022-05-09,13.149999618530273,0.5028570992606027,0.49985709926060273,True,-0.10299999999999998,False,0.49985709926060273,-0.11506411933252259,0.6149212185931253,
AREN,2022-02-09,s20_uplisting,0001493152-22-003602,"Arena Group Holdings, Inc.  (AREN)  (CIK 0000894871)",2022-02-10,8.75,90.0,2022-06-22,11.5600004196167,0.3211429050990513,0.3181429050990513,True,-0.10299999999999998,False,0.3181429050990513,-0.16432096264884233,0.4824638677478936,
AREN,2022-03-28,s20_uplisting,0001493152-22-007892,"Arena Group Holdings, Inc.  (AREN)  (CIK 0000894871)",2022-03-29,10.079999923706055,30.0,2022-05-11,13.59000015258789,0.3482143110563969,0.3452143110563969,True,-0.10299999999999998,True,-0.14202962733468882,-0.1462327066303425,0.4914470176867394,
AREN,2022-03-28,s20_uplisting,0001493152-22-007892,"Arena Group Holdings, Inc.  (AREN)  (CIK 0000894871)",2022-03-29,10.079999923706055,60.0,2022-06-24,11.0,0.09126984952949235,0.08826984952949235,True,-0.10299999999999998,True,-0.14202962733468882,-0.148373854476758,0.23664370400625034,
AREN,2022-03-28,s20_uplisting,0001493152-22-007892,"Arena Group Holdings, Inc.  (AREN)  (CIK 0000894871)",2022-03-29,10.079999923706055,90.0,2022-08-08,10.579999923706055,0.04960317497861322,0.046603174978613215,True,-0.10299999999999998,True,-0.14202962733468882,-0.09835668857953994,0.14495986355815316,
AREN,2022-05-04,s20_uplisting,0001493152-22-012089,"Arena Group Holdings, Inc.  (AREN)  (CIK 0000894871)",2022-05-05,10.449999809265137,30.0,2022-06-17,12.569999694824219,0.20287080614867148,0.19987080614867148,True,-0.10300000000000009,False,0.19987080614867148,-0.13451796078176603,0.3343887669304375,
AREN,2022-05-04,s20_uplisting,0001493152-22-012089,"Arena Group Holdings, Inc.  (AREN)  (CIK 0000894871)",2022-05-05,10.449999809265137,60.0,2022-08-02,9.949999809265137,-0.04784689082546123,-0.05084689082546123,True,-0.10300000000000009,True,-0.14385944454544364,-0.03468929216918948,-0.016157598656271754,
AREN,2022-05-04,s20_uplisting,0001493152-22-012089,"Arena Group Holdings, Inc.  (AREN)  (CIK 0000894871)",2022-05-05,10.449999809265137,90.0,2022-09-14,12.59000015258789,0.20478472558682692,0.20178472558682692,True,-0.10300000000000009,True,-0.14385944454544364,-0.06653042364951423,0.26831514923634114,
AUID,2021-11-15,s20_uplisting,0001213900-21-058862,Ipsidy Inc.  (AUID)  (CIK 0001534154),2021-11-16,124.0,30.0,2021-12-30,115.19999694824219,-0.070967766546434,-0.073967766546434,True,-0.10299999999999998,True,-0.1347720085819235,0.022868177206192497,-0.0968359437526265,
AUID,2021-11-15,s20_uplisting,0001213900-21-058862,Ipsidy Inc.  (AUID)  (CIK 0001534154),2021-11-16,124.0,60.0,2022-02-11,50.2400016784668,-0.5948386961413967,-0.5978386961413967,True,-0.10299999999999998,True,-0.1347720085819235,-0.05382111178383475,-0.544017584357562,
AUID,2021-11-15,s20_uplisting,0001213900-21-058862,Ipsidy Inc.  (AUID)  (CIK 0001534154),2021-11-16,124.0,90.0,2022-03-28,32.560001373291016,-0.7374193437637822,-0.7404193437637822,True,-0.10299999999999998,True,-0.1347720085819235,-0.017589545113751326,-0.7228297986500308,
CAPR,2026-03-12,s20_uplisting,0001104659-26-027037,"CAPRICOR THERAPEUTICS, INC.  (CAPR)  (CIK 0001133869)",2026-03-13,33.0,30.0,2026-04-27,35.099998474121094,0.06363631739760889,0.060636317397608885,True,-0.10299999999999998,True,-0.13959237872783592,0.07150042315899952,-0.01086410576139063,
CAPR,2026-03-12,s20_uplisting,0001104659-26-027037,"CAPRICOR THERAPEUTICS, INC.  (CAPR)  (CIK 0001133869)",2026-03-13,33.0,60.0,2026-06-09,26.010000228881836,-0.21181817488236865,-0.21481817488236865,True,-0.10299999999999998,True,-0.13959237872783592,0.10428206312974675,-0.3191002380121154,
CAPR,2026-03-12,s20_uplisting,0001104659-26-027037,"CAPRICOR THERAPEUTICS, INC.  (CAPR)  (CIK 0001133869)",2026-03-13,33.0,90.0,,,,,,,,,,,exit_out_of_range
COFS,2024-07-25,s20_uplisting,0001140361-24-034098,CHOICEONE FINANCIAL SERVICES INC  (COFS)  (CIK 0000803164),2024-07-26,24.519320493846326,30.0,2024-09-09,28.252946853637695,0.1522728315708588,0.1492728315708588,False,0.1492728315708588,False,0.1492728315708588,0.007615819788495459,0.14165701178236334,
COFS,2024-07-25,s20_uplisting,0001140361-24-034098,CHOICEONE FINANCIAL SERVICES INC  (COFS)  (CIK 0000803164),2024-07-26,24.519320493846326,60.0,2024-10-21,28.978130340576172,0.1818488341815543,0.17884883418155428,False,0.17884883418155428,False,0.17884883418155428,0.07955303131189662,0.09929580286965767,
COFS,2024-07-25,s20_uplisting,0001140361-24-034098,CHOICEONE FINANCIAL SERVICES INC  (COFS)  (CIK 0000803164),2024-07-26,24.519320493846326,90.0,2024-12-03,34.713775634765625,0.4157723352683378,0.4127723352683378,False,0.4127723352683378,False,0.4127723352683378,0.11706537655860072,0.29570695870973707,
COSM,2022-04-19,s20_uplisting,0001477932-22-002494,Cosmos Holdings Inc.  (COSM)  (CIK 0001474167),2022-04-20,1.1299999952316284,30.0,2022-06-02,1.0800000429153442,-0.0442477455993574,-0.047247745599357405,True,-0.10299999999999987,False,-0.047247745599357405,-0.0660745074202097,0.0188267618208523,
COSM,2022-04-19,s20_uplisting,0001477932-22-002494,Cosmos Holdings Inc.  (COSM)  (CIK 0001474167),2022-04-20,1.1299999952316284,60.0,2022-07-18,0.4339999854564667,-0.6159292147895055,-0.6189292147895055,True,-0.10299999999999987,True,-0.342421962784783,-0.14168108958505754,-0.4772481252044479,
COSM,2022-04-19,s20_uplisting,0001477932-22-002494,Cosmos Holdings Inc.  (COSM)  (CIK 0001474167),2022-04-20,1.1299999952316284,90.0,2022-08-29,0.3779999911785126,-0.6654867320587645,-0.6684867320587645,True,-0.10299999999999987,True,-0.342421962784783,-0.0952088122991428,-0.5732779197596217,
CRTD,2022-08-31,s20_uplisting,0001213900-22-052644,"Creatd, Inc.  (CRTD, CRTDW)  (CIK 0001357671)",2022-09-01,5200.0,30.0,2022-10-14,1950.0,-0.625,-0.628,True,-0.10299999999999998,True,-0.25140864139132135,-0.08600591657906143,-0.5419940834209386,
CRTD,2022-08-31,s20_uplisting,0001213900-22-052644,"Creatd, Inc.  (CRTD, CRTDW)  (CIK 0001357671)",2022-09-01,5200.0,60.0,2022-11-28,7200.0,0.3846153846153846,0.3816153846153846,True,-0.10299999999999998,True,-0.25140864139132135,0.0118260461060955,0.3697893385092891,
CRTD,2022-08-31,s20_uplisting,0001213900-22-052644,"Creatd, Inc.  (CRTD, CRTDW)  (CIK 0001357671)",2022-09-01,5200.0,90.0,2023-01-11,8000.0,0.5384615384615385,0.5354615384615385,True,-0.10299999999999998,True,-0.25140864139132135,0.015470999900222271,0.5199905385613163,
CTM,2022-11-08,s20_uplisting,0001575872-22-001075,"Castellum, Inc.  (CTM)  (CIK 0001877939)",2022-11-09,0.949999988079071,30.0,2022-12-22,1.1169999837875366,0.1757894713726731,0.1727894713726731,True,-0.10299999999999998,False,0.1727894713726731,0.006680883463027865,0.16610858790964522,
CTM,2022-11-08,s20_uplisting,0001575872-22-001075,"Castellum, Inc.  (CTM)  (CIK 0001877939)",2022-11-09,0.949999988079071,60.0,2023-02-07,1.2699999809265137,0.33684210196096154,0.33384210196096153,True,-0.10299999999999998,False,0.33384210196096153,0.09782455822198677,0.23601754373897477,
CTM,2022-11-08,s20_uplisting,0001575872-22-001075,"Castellum, Inc.  (CTM)  (CIK 0001877939)",2022-11-09,0.949999988079071,90.0,2023-03-22,1.0399999618530273,0.09473681568769177,0.09173681568769176,True,-0.10299999999999998,False,0.09173681568769176,0.04075456845437242,0.050982247233319344,
CTM,2022-12-09,s20_uplisting,0001575872-22-001287,"Castellum, Inc.  (CTM)  (CIK 0001877939)",2022-12-12,1.5800000429153442,30.0,2023-01-26,1.2300000190734863,-0.22151899641474304,-0.22451899641474304,True,-0.10299999999999998,True,-0.2543640264035637,0.03171361607020251,-0.25623261248494555,
CTM,2022-12-09,s20_uplisting,0001575872-22-001287,"Castellum, Inc.  (CTM)  (CIK 0001877939)",2022-12-12,1.5800000429153442,60.0,2023-03-10,1.0499999523162842,-0.33544308620468644,-0.33844308620468644,True,-0.10299999999999998,True,-0.2543640264035637,-0.016309869978675895,-0.32213321622601054,
CTM,2022-12-09,s20_uplisting,0001575872-22-001287,"Castellum, Inc.  (CTM)  (CIK 0001877939)",2022-12-12,1.5800000429153442,90.0,2023-04-24,1.0199999809265137,-0.3544304093533719,-0.3574304093533719,True,-0.10299999999999998,True,-0.2543640264035637,0.055814116714969275,-0.41324452606834117,
CTM,2025-07-14,s20_uplisting,0001877939-25-000075,"Castellum, Inc.  (CTM)  (CIK 0001877939)",2025-07-15,1.3600000143051147,30.0,2025-08-26,1.0199999809265137,-0.25000002191347215,-0.25300002191347215,True,-0.10299999999999998,True,-0.14017773315462112,0.028110605127576127,-0.2811106270410483,
CTM,2025-07-14,s20_uplisting,0001877939-25-000075,"Castellum, Inc.  (CTM)  (CIK 0001877939)",2025-07-15,1.3600000143051147,60.0,2025-10-08,1.0499999523162842,-0.2279412196530186,-0.23094121965301861,True,-0.10299999999999998,True,-0.14017773315462112,0.07562483434334832,-0.30656605399636694,
CTM,2025-07-14,s20_uplisting,0001877939-25-000075,"Castellum, Inc.  (CTM)  (CIK 0001877939)",2025-07-15,1.3600000143051147,90.0,2025-11-19,1.059999942779541,-0.2205882855662007,-0.2235882855662007,True,-0.10299999999999998,True,-0.14017773315462112,0.058877915895314104,-0.2824662014615148,
CZFS,2022-07-21,s20_uplisting,0000739421-22-000066,CITIZENS FINANCIAL SERVICES INC  (CZFS)  (CIK 0000739421),2022-07-22,64.45147262737612,30.0,2022-09-02,70.64593505859375,0.09611048714170889,0.09311048714170889,False,0.09311048714170889,True,-0.051615434001741844,-0.01674509049608508,0.10985557763779397,
CZFS,2022-07-21,s20_uplisting,0000739421-22-000066,CITIZENS FINANCIAL SERVICES INC  (CZFS)  (CIK 0000739421),2022-07-22,64.45147262737612,60.0,2022-10-17,60.69131851196289,-0.05834085649450438,-0.06134085649450438,False,-0.06134085649450438,True,-0.051615434001741844,-0.07668971290536619,0.01534885641086181,
CZFS,2022-07-21,s20_uplisting,0000739421-22-000066,CITIZENS FINANCIAL SERVICES INC  (CZFS)  (CIK 0000739421),2022-07-22,64.45147262737612,90.0,2022-11-29,62.43402099609375,-0.03130187021398556,-0.034301870213985564,True,-0.10299999999999998,True,-0.051615434001741844,-0.005180021363282883,-0.02912184885070268,
DUKR,2026-05-20,s20_uplisting,0001213900-26-059258,"DUKE Robotics Corp.  (DUKR, DUKRW)  (CIK 0001638911)",2026-05-21,7.249000072479248,30.0,,,,,,,,,,,exit_out_of_range
DUKR,2026-05-20,s20_uplisting,0001213900-26-059258,"DUKE Robotics Corp.  (DUKR, DUKRW)  (CIK 0001638911)",2026-05-21,7.249000072479248,60.0,,,,,,,,,,,exit_out_of_range
DUKR,2026-05-20,s20_uplisting,0001213900-26-059258,"DUKE Robotics Corp.  (DUKR, DUKRW)  (CIK 0001638911)",2026-05-21,7.249000072479248,90.0,,,,,,,,,,,exit_out_of_range
EP,2022-08-16,s20_uplisting,0001072613-22-000517,EMPIRE PETROLEUM CORP  (EP)  (CIK 0000887396),2022-08-17,15.0,30.0,2022-09-29,13.260000228881836,-0.11599998474121098,-0.11899998474121098,True,-0.10299999999999998,True,-0.18092765092234808,-0.14470128761675993,0.025701302875548948,
EP,2022-08-16,s20_uplisting,0001072613-22-000517,EMPIRE PETROLEUM CORP  (EP)  (CIK 0000887396),2022-08-17,15.0,60.0,2022-11-10,15.289999961853027,0.01933333079020172,0.01633333079020172,True,-0.10299999999999998,True,-0.18092765092234808,-0.06949521120227209,0.0858285419924738,
EP,2022-08-16,s20_uplisting,0001072613-22-000517,EMPIRE PETROLEUM CORP  (EP)  (CIK 0000887396),2022-08-17,15.0,90.0,2022-12-23,12.140000343322754,-0.19066664377848308,-0.19366664377848308,True,-0.10299999999999998,True,-0.18092765092234808,-0.09312180895396527,-0.10054483482451781,
EVTV,2022-08-16,s20_uplisting,0001193125-22-221462,"Envirotech Vehicles, Inc.  (EVTV)  (CIK 0001563568)",2022-08-17,46.400001525878906,30.0,2022-09-29,45.20000076293945,-0.025862084557694898,-0.028862084557694897,True,-0.10299999999999998,True,-0.27098037653967566,-0.14470128761675993,0.11583920305906503,
EVTV,2022-08-16,s20_uplisting,0001193125-22-221462,"Envirotech Vehicles, Inc.  (EVTV)  (CIK 0001563568)",2022-08-17,46.400001525878906,60.0,2022-11-10,28.5,-0.3857758822679229,-0.3887758822679229,True,-0.10299999999999998,True,-0.27098037653967566,-0.06949521120227209,-0.31928067106565083,
EVTV,2022-08-16,s20_uplisting,0001193125-22-221462,"Envirotech Vehicles, Inc.  (EVTV)  (CIK 0001563568)",2022-08-17,46.400001525878906,90.0,2022-12-23,23.299999237060547,-0.4978448605424006,-0.5008448605424006,True,-0.10299999999999998,True,-0.27098037653967566,-0.09312180895396527,-0.40772305158843536,
FOXO,2023-09-19,s20_uplisting,0001213900-23-077799,"FOXO TECHNOLOGIES INC.  (FOXO, FOXOW)  (CIK 0001812360)",2023-09-20,21.889999389648438,30.0,2023-11-01,11.58180046081543,-0.47090905510521175,-0.47390905510521175,True,-0.10299999999999998,True,-0.4157410681130864,-0.04808460601407771,-0.42582444909113404,
FOXO,2023-09-19,s20_uplisting,0001213900-23-077799,"FOXO TECHNOLOGIES INC.  (FOXO, FOXOW)  (CIK 0001812360)",2023-09-20,21.889999389648438,60.0,2023-12-14,7.3231987953186035,-0.6654545911599399,-0.6684545911599399,True,-0.10299999999999998,True,-0.4157410681130864,0.06306175548652004,-0.7315163466464599,
FOXO,2023-09-19,s20_uplisting,0001213900-23-077799,"FOXO TECHNOLOGIES INC.  (FOXO, FOXOW)  (CIK 0001812360)",2023-09-20,21.889999389648438,90.0,2024-01-30,5.689408779144287,-0.7400909576162551,-0.7430909576162551,True,-0.10299999999999998,True,-0.4157410681130864,0.11006579974190167,-0.8531567573581568,
GIFT,2024-10-08,s20_uplisting,0001493152-24-040430,"RDE, Inc.  (GIFT)  (CIK 0001760233)",2024-10-09,1.409999966621399,30.0,2024-11-20,1.690000057220459,0.198581629239317,0.195581629239317,False,0.195581629239317,False,0.195581629239317,0.03025317978520148,0.1653284494541155,
GIFT,2024-10-08,s20_uplisting,0001493152-24-040430,"RDE, Inc.  (GIFT)  (CIK 0001760233)",2024-10-09,1.409999966621399,60.0,2025-01-06,1.0,-0.290780125054775,-0.293780125054775,True,-0.10299999999999998,False,-0.293780125054775,0.04222867503227534,-0.33600880008705036,
GIFT,2024-10-08,s20_uplisting,0001493152-24-040430,"RDE, Inc.  (GIFT)  (CIK 0001760233)",2024-10-09,1.409999966621399,90.0,2025-02-20,1.4900000095367432,0.05673762043203312,0.05373762043203312,True,-0.10299999999999998,False,0.05373762043203312,0.06852251292770095,-0.014784892495667834,
GLTK,2025-12-02,s20_uplisting,0001477932-25-008727,GlobalTech Corp  (GLTK)  (CIK 0001938338),2025-12-03,1.9800000190734863,30.0,2026-01-16,1.937000036239624,-0.02171716283820213,-0.02471716283820213,True,-0.10299999999999998,True,-0.008124028917959377,0.019298144008766505,-0.04401530684696864,
GLTK,2025-12-02,s20_uplisting,0001477932-25-008727,GlobalTech Corp  (GLTK)  (CIK 0001938338),2025-12-03,1.9800000190734863,60.0,2026-03-03,1.309999942779541,-0.33838387365645717,-0.34138387365645717,True,-0.10299999999999998,True,-0.008124028917959377,0.00260127216824535,-0.3439851458247025,
GLTK,2025-12-02,s20_uplisting,0001477932-25-008727,GlobalTech Corp  (GLTK)  (CIK 0001938338),2025-12-03,1.9800000190734863,90.0,2026-04-15,1.4199999570846558,-0.28282831141126696,-0.28582831141126697,True,-0.10299999999999998,True,-0.008124028917959377,0.03431744356913646,-0.32014575498040343,
GSAT,2025-02-27,s20_uplisting,0001366868-25-000030,"Globalstar, Inc.  (GSAT)  (CIK 0001366868)",2025-02-28,19.299999237060547,30.0,2025-04-11,19.559999465942383,0.013471514982372312,0.010471514982372313,True,-0.10299999999999987,False,0.010471514982372313,-0.08541185431741238,0.0958833692997847,
GSAT,2025-02-27,s20_uplisting,0001366868-25-000030,"Globalstar, Inc.  (GSAT)  (CIK 0001366868)",2025-02-28,19.299999237060547,60.0,2025-05-27,19.1200008392334,-0.00932634222500428,-0.01232634222500428,True,-0.10299999999999987,False,-0.01232634222500428,0.012583401710345221,-0.0249097439353495,
GSAT,2025-02-27,s20_uplisting,0001366868-25-000030,"Globalstar, Inc.  (GSAT)  (CIK 0001366868)",2025-02-28,19.299999237060547,90.0,2025-07-10,27.309999465942383,0.41502593500111384,0.41202593500111384,True,-0.10299999999999987,False,0.41202593500111384,0.07513886153573335,0.3368870734653805,
GTLL,2024-03-19,s20_uplisting,0001493152-24-010527,GLOBAL TECHNOLOGIES LTD  (GTLL)  (CIK 0000932021),2024-03-20,0.0003000000142492354,30.0,2024-05-02,0.0002500000118743628,-0.16666666666666663,-0.16966666666666663,True,-0.10299999999999998,True,-0.6403708192318559,-0.020823285643982725,-0.1488433810226839,
GTLL,2024-03-19,s20_uplisting,0001493152-24-010527,GLOBAL TECHNOLOGIES LTD  (GTLL)  (CIK 0000932021),2024-03-20,0.0003000000142492354,60.0,2024-06-14,0.0003000000142492354,0.0,-0.003,True,-0.10299999999999998,True,-0.6403708192318559,0.052368333042655424,-0.05536833304265543,
GTLL,2024-03-19,s20_uplisting,0001493152-24-010527,GLOBAL TECHNOLOGIES LTD  (GTLL)  (CIK 0000932021),2024-03-20,0.0003000000142492354,90.0,2024-07-30,0.00039999998989515007,0.33333323632056966,0.33033323632056966,True,-0.10299999999999998,True,-0.6403708192318559,0.05424609603384822,0.27608714028672143,
GWTI,2025-06-23,s20_uplisting,0001641172-25-016034,GREENWAY TECHNOLOGIES INC  (GWTI)  (CIK 0001572386),2025-06-24,0.07000000029802322,30.0,2025-08-06,0.05999999865889549,-0.14285716566504258,-0.1458571656650426,True,-0.10299999999999998,False,-0.1458571656650426,0.0470768740054639,-0.19293403967050649,
GWTI,2025-06-23,s20_uplisting,0001641172-25-016034,GREENWAY TECHNOLOGIES INC  (GWTI)  (CIK 0001572386),2025-06-24,0.07000000029802322,60.0,2025-09-18,0.05959000065922737,-0.14871427992107922,-0.15171427992107922,True,-0.10299999999999998,True,-0.33963398616448526,0.09585814686277905,-0.24757242678385827,
GWTI,2025-06-23,s20_uplisting,0001641172-25-016034,GREENWAY TECHNOLOGIES INC  (GWTI)  (CIK 0001572386),2025-06-24,0.07000000029802322,90.0,2025-10-30,0.041600000113248825,-0.4057142866266017,-0.4087142866266017,True,-0.10299999999999998,True,-0.33963398616448526,0.12805055805757615,-0.5367648446841778,
IPM,2021-11-09,s20_uplisting,0001213900-21-057731,"PALTALK, INC.  (PALT)  (CIK 0001355839)",2021-11-10,4.820000171661377,30.0,2021-12-23,3.1500000953674316,-0.3464730325348355,-0.3494730325348355,True,-0.10299999999999987,True,-0.4028101035399384,0.014333227630876744,-0.36380626016571227,
IPM,2021-11-09,s20_uplisting,0001213900-21-057731,"PALTALK, INC.  (PALT)  (CIK 0001355839)",2021-11-10,4.820000171661377,60.0,2022-02-07,2.4700000286102295,-0.4875518795347138,-0.4905518795347138,True,-0.10299999999999987,True,-0.4028101035399384,-0.0359739969045233,-0.4545778826301905,
IPM,2021-11-09,s20_uplisting,0001213900-21-057731,"PALTALK, INC.  (PALT)  (CIK 0001355839)",2021-11-10,4.820000171661377,90.0,2022-03-22,2.630000114440918,-0.4543568421628502,-0.4573568421628502,True,-0.10299999999999987,True,-0.4028101035399384,-0.02794122460460413,-0.4294156175582461,
IQST,2025-05-15,s20_uplisting,0001663577-25-000151,"iQSTEL Inc  (IQST, IQSTD)  (CIK 0001527702)",2025-05-16,12.792527198791504,30.0,2025-07-01,9.714847564697266,-0.24058417748644567,-0.24358417748644567,True,-0.10299999999999998,True,-0.2839996500249692,0.04773951422691303,-0.2913236917133587,
IQST,2025-05-15,s20_uplisting,0001663577-25-000151,"iQSTEL Inc  (IQST, IQSTD)  (CIK 0001527702)",2025-05-16,12.792527198791504,60.0,2025-08-13,7.836774826049805,-0.3873943198033508,-0.3903943198033508,True,-0.10299999999999998,True,-0.2839996500249692,0.09394768005727894,-0.48434199986062976,
IQST,2025-05-15,s20_uplisting,0001663577-25-000151,"iQSTEL Inc  (IQST, IQSTD)  (CIK 0001527702)",2025-05-16,12.792527198791504,90.0,2025-09-25,5.929203987121582,-0.5365103474095636,-0.5395103474095636,True,-0.10299999999999998,True,-0.2839996500249692,0.11936609688011623,-0.6588764442896798,
IQST,2025-12-11,s20_uplisting,0001663577-25-000351,iQSTEL Inc  (IQST)  (CIK 0001527702),2025-12-12,4.001966953277588,30.0,2026-01-28,2.9100000858306885,-0.27285754235241366,-0.27585754235241366,True,-0.10299999999999998,True,-0.1378747402703825,0.013521143833664873,-0.28937868618607854,
IQST,2025-12-11,s20_uplisting,0001663577-25-000351,iQSTEL Inc  (IQST)  (CIK 0001527702),2025-12-12,4.001966953277588,60.0,2026-03-12,1.9249999523162842,-0.5189865446690607,-0.5219865446690607,True,-0.10299999999999998,True,-0.1378747402703825,-0.02926876388654287,-0.4927177807825178,
IQST,2025-12-11,s20_uplisting,0001663577-25-000351,iQSTEL Inc  (IQST)  (CIK 0001527702),2025-12-12,4.001966953277588,90.0,2026-04-24,1.6100000143051147,-0.5976978238197259,-0.6006978238197259,True,-0.10299999999999998,True,-0.1378747402703825,0.043354363612093216,-0.6440521874318191,
IQST,2026-03-06,s20_uplisting,0001663577-26-000059,iQSTEL Inc  (IQST)  (CIK 0001527702),2026-03-09,2.0,30.0,2026-04-21,1.5199999809265137,-0.24000000953674316,-0.24300000953674317,True,-0.10299999999999998,True,-0.19283690163136757,0.05944393996547781,-0.302443949502221,
IQST,2026-03-06,s20_uplisting,0001663577-26-000059,iQSTEL Inc  (IQST)  (CIK 0001527702),2026-03-09,2.0,60.0,2026-06-03,1.149999976158142,-0.42500001192092896,-0.42800001192092896,True,-0.10299999999999998,True,-0.19283690163136757,0.13492067864107904,-0.562920690562008,
IQST,2026-03-06,s20_uplisting,0001663577-26-000059,iQSTEL Inc  (IQST)  (CIK 0001527702),2026-03-09,2.0,90.0,,,,,,,,,,,exit_out_of_range
IRMD,2024-06-07,s20_uplisting,0001558370-24-008988,IRADIMED CORP  (IRMD)  (CIK 0001325618),2024-06-10,40.95416855545482,30.0,2024-07-24,46.74074172973633,0.14129387504097624,0.13829387504097623,False,0.13829387504097623,False,0.13829387504097623,0.018372767959029757,0.11992110708194648,
IRMD,2024-06-07,s20_uplisting,0001558370-24-008988,IRADIMED CORP  (IRMD)  (CIK 0001325618),2024-06-10,40.95416855545482,60.0,2024-09-05,44.982994079589844,0.0983740035810936,0.0953740035810936,False,0.0953740035810936,False,0.0953740035810936,0.034140634471698794,0.06123336910939481,
IRMD,2024-06-07,s20_uplisting,0001558370-24-008988,IRADIMED CORP  (IRMD)  (CIK 0001325618),2024-06-10,40.95416855545482,90.0,2024-10-17,50.37861251831055,0.23012172619484073,0.22712172619484072,False,0.22712172619484072,False,0.22712172619484072,0.09910461129688874,0.12801711489795198,
NCPL,2023-07-27,s20_uplisting,0001903596-23-000563,"Netcapital Inc.  (NCPL, NCPLW)  (CIK 0001414767)",2023-07-28,48.15999984741211,30.0,2023-09-11,34.93000030517578,-0.2747092936908978,-0.2777092936908978,True,-0.10299999999999998,True,-0.27436807327365864,-0.01629837657808375,-0.26141091711281406,
NCPL,2023-07-27,s20_uplisting,0001903596-23-000563,"Netcapital Inc.  (NCPL, NCPLW)  (CIK 0001414767)",2023-07-28,48.15999984741211,60.0,2023-10-23,32.27000045776367,-0.3299418488370758,-0.3329418488370758,True,-0.10299999999999998,True,-0.27436807327365864,-0.07444263591668909,-0.2584992129203867,
NCPL,2023-07-27,s20_uplisting,0001903596-23-000563,"Netcapital Inc.  (NCPL, NCPLW)  (CIK 0001414767)",2023-07-28,48.15999984741211,90.0,2023-12-05,21.979999542236328,-0.5436046592218287,-0.5466046592218287,True,-0.10299999999999998,True,-0.27436807327365864,0.00511222493229857,-0.5517168841541272,
NMTC,2021-08-13,s20_uplisting,0001213900-21-042291,NEUROONE MEDICAL TECHNOLOGIES Corp  (NMTC)  (CIK 0001500198),2021-08-16,25.860000610351562,30.0,2021-09-28,23.579999923706055,-0.08816707783575384,-0.09116707783575384,True,-0.10299999999999987,True,-0.2057654522949175,-0.02119208410906792,-0.06997499372668592,
NMTC,2021-08-13,s20_uplisting,0001213900-21-042291,NEUROONE MEDICAL TECHNOLOGIES Corp  (NMTC)  (CIK 0001500198),2021-08-16,25.860000610351562,60.0,2021-11-09,16.5,-0.36194897097584855,-0.36494897097584855,True,-0.10299999999999987,True,-0.2057654522949175,0.054771073299916484,-0.41972004427576504,
NMTC,2021-08-13,s20_uplisting,0001213900-21-042291,NEUROONE MEDICAL TECHNOLOGIES Corp  (NMTC)  (CIK 0001500198),2021-08-16,25.860000610351562,90.0,2021-12-22,13.199999809265137,-0.48955918415635,-0.49255918415635,True,-0.10299999999999987,True,-0.2057654522949175,0.05917883518721623,-0.5517380193435663,
NMTC,2022-06-02,s20_uplisting,0001213900-22-030944,NEUROONE MEDICAL TECHNOLOGIES Corp  (NMTC)  (CIK 0001500198),2022-06-03,8.15999984741211,30.0,2022-07-19,5.940000057220459,-0.27205880290496687,-0.27505880290496687,True,-0.10299999999999998,True,-0.22539006959638597,-0.04470307547778807,-0.2303557274271788,
NMTC,2022-06-02,s20_uplisting,0001213900-22-030944,NEUROONE MEDICAL TECHNOLOGIES Corp  (NMTC)  (CIK 0001500198),2022-06-03,8.15999984741211,60.0,2022-08-30,12.960000038146973,0.5882353284917219,0.5852353284917219,True,-0.10299999999999998,True,-0.22539006959638597,-0.030237350727307044,0.6154726792190289,
NMTC,2022-06-02,s20_uplisting,0001213900-22-030944,NEUROONE MEDICAL TECHNOLOGIES Corp  (NMTC)  (CIK 0001500198),2022-06-03,8.15999984741211,90.0,2022-10-12,9.84000015258789,0.20588239419006626,0.20288239419006626,True,-0.10299999999999998,True,-0.22539006959638597,-0.12810077568732126,0.3309831698773875,
ODYS,2025-03-26,s20_uplisting,0001641172-25-000679,Odysight.ai Inc.  (ODYS)  (CIK 0001577445),2025-03-27,6.5,30.0,2025-05-09,5.548999786376953,-0.14630772517277646,-0.14930772517277646,True,-0.10299999999999987,True,-0.1415361608687652,-0.0050072593634873375,-0.14430046580928912,
ODYS,2025-03-26,s20_uplisting,0001641172-25-000679,Odysight.ai Inc.  (ODYS)  (CIK 0001577445),2025-03-27,6.5,60.0,2025-06-24,5.010000228881836,-0.22923073401817906,-0.23223073401817906,True,-0.10299999999999987,True,-0.1415361608687652,0.0729816620499617,-0.30521239606814077,
ODYS,2025-03-26,s20_uplisting,0001641172-25-000679,Odysight.ai Inc.  (ODYS)  (CIK 0001577445),2025-03-27,6.5,90.0,2025-08-06,4.300000190734863,-0.33846150911771333,-0.34146150911771334,True,-0.10299999999999987,True,-0.1415361608687652,0.11895814409995409,-0.4604196532176674,
ODYS,2025-05-15,s20_uplisting,0001641172-25-010528,Odysight.ai Inc.  (ODYS)  (CIK 0001577445),2025-05-16,5.449999809265137,30.0,2025-07-01,4.949999809265137,-0.09174312247680949,-0.0947431224768095,True,-0.10299999999999987,True,-0.1517471363149573,0.04773951422691303,-0.14248263670372252,
ODYS,2025-05-15,s20_uplisting,0001641172-25-010528,Odysight.ai Inc.  (ODYS)  (CIK 0001577445),2025-05-16,5.449999809265137,60.0,2025-08-13,3.859999895095825,-0.2917431137275036,-0.2947431137275036,True,-0.10299999999999987,True,-0.1517471363149573,0.09394768005727894,-0.38869079378478255,
ODYS,2025-05-15,s20_uplisting,0001641172-25-010528,Odysight.ai Inc.  (ODYS)  (CIK 0001577445),2025-05-16,5.449999809265137,90.0,2025-09-25,4.550000190734863,-0.1651375504638095,-0.16813755046380952,True,-0.10299999999999987,True,-0.1517471363149573,0.11936609688011623,-0.28750364734392575,
ODYS,2025-08-13,s20_uplisting,0001641172-25-023487,Odysight.ai Inc.  (ODYS)  (CIK 0001577445),2025-08-14,4.03000020980835,30.0,2025-09-26,4.409999847412109,0.09429270913656618,0.09129270913656617,False,0.09129270913656617,False,0.09129270913656617,0.032459894277260926,0.05883281485930525,
ODYS,2025-08-13,s20_uplisting,0001641172-25-023487,Odysight.ai Inc.  (ODYS)  (CIK 0001577445),2025-08-14,4.03000020980835,60.0,2025-11-07,3.380000114440918,-0.1612903378479832,-0.1642903378479832,True,-0.10299999999999998,True,-0.1605500255615434,0.04673400720275245,-0.21102434505073564,
ODYS,2025-08-13,s20_uplisting,0001641172-25-023487,Odysight.ai Inc.  (ODYS)  (CIK 0001577445),2025-08-14,4.03000020980835,90.0,2025-12-22,3.440000057220459,-0.14640201535273578,-0.14940201535273578,True,-0.10299999999999998,True,-0.1605500255615434,0.07151305311389966,-0.22091506846663544,
ODYS,2025-11-13,s20_uplisting,0001493152-25-022131,Odysight.ai Inc.  (ODYS)  (CIK 0001577445),2025-11-14,3.299999952316284,30.0,2025-12-30,3.2200000286102295,-0.024242401473340114,-0.027242401473340113,True,-0.10299999999999987,False,-0.027242401473340113,0.03555862611048832,-0.06280102758382844,
ODYS,2025-11-13,s20_uplisting,0001493152-25-022131,Odysight.ai Inc.  (ODYS)  (CIK 0001577445),2025-11-14,3.299999952316284,60.0,2026-02-12,5.579999923706055,0.6909090922226919,0.6879090922226919,True,-0.10299999999999987,False,0.6879090922226919,0.026906580667761082,0.6610025115549308,
ODYS,2025-11-13,s20_uplisting,0001493152-25-022131,Odysight.ai Inc.  (ODYS)  (CIK 0001577445),2025-11-14,3.299999952316284,90.0,2026-03-27,6.760000228881836,1.048484947442791,1.0454849474427912,True,-0.10299999999999987,False,1.0454849474427912,-0.04159955414215233,1.0870845015849435,
ODYS,2026-01-05,s20_uplisting,0001493152-26-000272,Odysight.ai Inc.  (ODYS)  (CIK 0001577445),2026-01-06,3.0199999809265137,30.0,2026-02-19,5.139999866485596,0.701986721506098,0.698986721506098,False,0.698986721506098,False,0.698986721506098,-0.005015138369202976,0.704001859875301,
ODYS,2026-01-05,s20_uplisting,0001493152-26-000272,Odysight.ai Inc.  (ODYS)  (CIK 0001577445),2026-01-06,3.0199999809265137,60.0,2026-04-02,6.570000171661377,1.1754967593230745,1.1724967593230746,False,1.1724967593230746,False,1.1724967593230746,-0.04405812136425613,1.2165548806873308,
ODYS,2026-01-05,s20_uplisting,0001493152-26-000272,Odysight.ai Inc.  (ODYS)  (CIK 0001577445),2026-01-06,3.0199999809265137,90.0,2026-05-15,4.559999942779541,0.50993376542359,0.50693376542359,False,0.50693376542359,False,0.50693376542359,0.077418787870418,0.42951497755317203,
ODYS,2026-03-19,s20_uplisting,0001493152-26-011695,Odysight.ai Inc.  (ODYS)  (CIK 0001577445),2026-03-20,6.429999828338623,30.0,2026-05-04,4.590000152587891,-0.2861585886272332,-0.2891585886272332,True,-0.10299999999999998,True,-0.12095738394207423,0.09367711866173756,-0.38283570728897076,
ODYS,2026-03-19,s20_uplisting,0001493152-26-011695,Odysight.ai Inc.  (ODYS)  (CIK 0001577445),2026-03-20,6.429999828338623,60.0,2026-06-16,3.759999990463257,-0.4152410434146525,-0.4182410434146525,True,-0.10299999999999998,True,-0.12095738394207423,0.14290721203685686,-0.5611482554515094,
ODYS,2026-03-19,s20_uplisting,0001493152-26-011695,Odysight.ai Inc.  (ODYS)  (CIK 0001577445),2026-03-20,6.429999828338623,90.0,,,,,,,,,,,exit_out_of_range
PETV,2021-11-15,s20_uplisting,0001493152-21-028512,"PetVivo Holdings, Inc.  (PETV, PETVW)  (CIK 0001512922)",2021-11-16,3.3499999046325684,30.0,2021-12-30,3.619999885559082,0.080597011526222,0.077597011526222,True,-0.10299999999999987,False,0.077597011526222,0.022868177206192497,0.05472883432002951,
PETV,2021-11-15,s20_uplisting,0001493152-21-028512,"PetVivo Holdings, Inc.  (PETV, PETVW)  (CIK 0001512922)",2021-11-16,3.3499999046325684,60.0,2022-02-11,1.3450000286102295,-0.5985074427165542,-0.6015074427165542,True,-0.10299999999999987,True,-0.33027237277089916,-0.05382111178383475,-0.5476863309327195,
PETV,2021-11-15,s20_uplisting,0001493152-21-028512,"PetVivo Holdings, Inc.  (PETV, PETVW)  (CIK 0001512922)",2021-11-16,3.3499999046325684,90.0,2022-03-28,1.809999942779541,-0.459701494236889,-0.462701494236889,True,-0.10299999999999987,True,-0.33027237277089916,-0.017589545113751326,-0.4451119491231377,
PMCB,2022-07-28,s20_uplisting,0001683168-22-005186,"PharmaCyte Biotech, Inc.  (PMCB)  (CIK 0001157075)",2022-07-29,2.380000114440918,30.0,2022-09-12,2.6600000858306885,0.1176470411454349,0.11464704114543489,False,0.11464704114543489,False,0.11464704114543489,0.00831744599539408,0.10632959515004081,
PMCB,2022-07-28,s20_uplisting,0001683168-22-005186,"PharmaCyte Biotech, Inc.  (PMCB)  (CIK 0001157075)",2022-07-29,2.380000114440918,60.0,2022-10-24,2.880000114440918,0.2100840235116772,0.2070840235116772,False,0.2070840235116772,False,0.2070840235116772,-0.06662173440667174,0.27370575791834895,
PMCB,2022-07-28,s20_uplisting,0001683168-22-005186,"PharmaCyte Biotech, Inc.  (PMCB)  (CIK 0001157075)",2022-07-29,2.380000114440918,90.0,2022-12-06,2.7200000286102295,0.1428570999246277,0.1398570999246277,False,0.1398570999246277,False,0.1398570999246277,-0.02976648006646454,0.16962357999109223,
PSIX,2024-12-27,s20_uplisting,0001193125-24-286003,"POWER SOLUTIONS INTERNATIONAL, INC.  (PSIX)  (CIK 0001137091)",2024-12-30,27.190000534057617,30.0,2025-02-13,38.33000183105469,0.40970949165827864,0.40670949165827863,False,0.40670949165827863,False,0.40670949165827863,0.03714973061184845,0.3695597610464302,
PSIX,2024-12-27,s20_uplisting,0001193125-24-286003,"POWER SOLUTIONS INTERNATIONAL, INC.  (PSIX)  (CIK 0001137091)",2024-12-30,27.190000534057617,60.0,2025-03-28,26.190000534057617,-0.03677822656705798,-0.039778226567057984,False,-0.039778226567057984,False,-0.039778226567057984,-0.051979926719746716,0.012201700152688733,
PSIX,2024-12-27,s20_uplisting,0001193125-24-286003,"POWER SOLUTIONS INTERNATIONAL, INC.  (PSIX)  (CIK 0001137091)",2024-12-30,27.190000534057617,90.0,2025-05-12,34.5099983215332,0.26921653709814053,0.2662165370981405,True,-0.10299999999999998,True,-0.3164852659924001,-0.005351711100798018,0.27156824819893854,
PSIX,2025-03-24,s20_uplisting,0001137091-25-000007,"POWER SOLUTIONS INTERNATIONAL, INC.  (PSIX)  (CIK 0001137091)",2025-03-25,33.060001373291016,30.0,2025-05-07,25.84000015258789,-0.21839083244975677,-0.22139083244975677,True,-0.10299999999999998,True,-0.22378852252048675,-0.024595784812370902,-0.19679504763738587,
PSIX,2025-03-24,s20_uplisting,0001137091-25-000007,"POWER SOLUTIONS INTERNATIONAL, INC.  (PSIX)  (CIK 0001137091)",2025-03-25,33.060001373291016,60.0,2025-06-20,59.65999984741211,0.8045976215721238,0.8015976215721238,True,-0.10299999999999998,True,-0.22378852252048675,0.03604537225135651,0.7655522493207673,
PSIX,2025-03-24,s20_uplisting,0001137091-25-000007,"POWER SOLUTIONS INTERNATIONAL, INC.  (PSIX)  (CIK 0001137091)",2025-03-25,33.060001373291016,90.0,2025-08-04,89.2300033569336,1.699032052340506,1.6960320523405061,True,-0.10299999999999998,True,-0.22378852252048675,0.10035788114101973,1.5956741711994864,
PTIX,2021-08-19,s20_uplisting,0001493152-21-020615,"Protagenic Therapeutics, Inc.\new  (PTIX, PTIXW)  (CIK 0001022899)",2021-08-20,103.04000091552734,30.0,2021-10-04,99.68000030517578,-0.032608701285883224,-0.035608701285883226,False,-0.035608701285883226,False,-0.035608701285883226,-0.023207934517424866,-0.01240076676845836,
PTIX,2021-08-19,s20_uplisting,0001493152-21-020615,"Protagenic Therapeutics, Inc.\new  (PTIX, PTIXW)  (CIK 0001022899)",2021-08-20,103.04000091552734,60.0,2021-11-15,111.44000244140625,0.08152175321470789,0.07852175321470789,False,0.07852175321470789,False,0.07852175321470789,0.06518709555598479,0.013334657658723104,
PTIX,2021-08-19,s20_uplisting,0001493152-21-020615,"Protagenic Therapeutics, Inc.\new  (PTIX, PTIXW)  (CIK 0001022899)",2021-08-20,103.04000091552734,90.0,2021-12-29,75.5999984741211,-0.2663043691537007,-0.2693043691537007,True,-0.10299999999999998,True,-0.23753617223051238,0.09191230249458382,-0.3612166716482845,
QTI,2026-03-25,s20_uplisting,0001628280-26-020911,"QT IMAGING HOLDINGS, INC.  (QTI, QTIWW)  (CIK 0001844505)",2026-03-26,6.78000020980835,30.0,2026-05-08,7.019999980926514,0.03539819523470911,0.032398195234709104,True,-0.10299999999999998,False,0.032398195234709104,0.1312149731920318,-0.09881677795732269,
QTI,2026-03-25,s20_uplisting,0001628280-26-020911,"QT IMAGING HOLDINGS, INC.  (QTI, QTIWW)  (CIK 0001844505)",2026-03-26,6.78000020980835,60.0,2026-06-23,3.8499999046325684,-0.4321534239684933,-0.4351534239684933,True,-0.10299999999999998,True,-0.14655944937283427,0.12791755065994903,-0.5630709746284424,
QTI,2026-03-25,s20_uplisting,0001628280-26-020911,"QT IMAGING HOLDINGS, INC.  (QTI, QTIWW)  (CIK 0001844505)",2026-03-26,6.78000020980835,90.0,,,,,,,,,,,exit_out_of_range
QTI,2026-05-13,s20_uplisting,0001628280-26-034379,"QT IMAGING HOLDINGS, INC.  (QTI, QTIWW)  (CIK 0001844505)",2026-05-14,6.519999980926514,30.0,,,,,,,,,,,exit_out_of_range
QTI,2026-05-13,s20_uplisting,0001628280-26-034379,"QT IMAGING HOLDINGS, INC.  (QTI, QTIWW)  (CIK 0001844505)",2026-05-14,6.519999980926514,60.0,,,,,,,,,,,exit_out_of_range
QTI,2026-05-13,s20_uplisting,0001628280-26-034379,"QT IMAGING HOLDINGS, INC.  (QTI, QTIWW)  (CIK 0001844505)",2026-05-14,6.519999980926514,90.0,,,,,,,,,,,exit_out_of_range
QUBT,2022-08-25,s20_uplisting,0001213900-22-051142,Quantum Computing Inc.  (QUBT)  (CIK 0001758009),2022-08-26,3.4200000762939453,30.0,2022-10-10,2.049999952316284,-0.40058482263610073,-0.40358482263610074,True,-0.10299999999999998,True,-0.1809004213422839,-0.13803631850831,-0.26554850412779074,
QUBT,2022-08-25,s20_uplisting,0001213900-22-051142,Quantum Computing Inc.  (QUBT)  (CIK 0001758009),2022-08-26,3.4200000762939453,60.0,2022-11-21,2.0299999713897705,-0.40643277014497525,-0.40943277014497526,True,-0.10299999999999998,True,-0.1809004213422839,-0.05526872265052585,-0.3541640474944494,
QUBT,2022-08-25,s20_uplisting,0001213900-22-051142,Quantum Computing Inc.  (QUBT)  (CIK 0001758009),2022-08-26,3.4200000762939453,90.0,2023-01-05,1.6399999856948853,-0.5204678511375773,-0.5234678511375773,True,-0.10299999999999998,True,-0.1809004213422839,-0.08751374135080348,-0.43595410978677385,
QUBT,2024-06-11,s20_uplisting,0001213900-24-051804,Quantum Computing Inc.  (QUBT)  (CIK 0001758009),2024-06-12,0.6800000071525574,30.0,2024-07-26,0.7360000014305115,0.08235293189547055,0.07935293189547055,True,-0.10299999999999998,True,-0.1402173317112504,0.008430908262150538,0.07092202363332001,
QUBT,2024-06-11,s20_uplisting,0001213900-24-051804,Quantum Computing Inc.  (QUBT)  (CIK 0001758009),2024-06-12,0.6800000071525574,60.0,2024-09-09,0.5899999737739563,-0.13235298887049818,-0.13535298887049818,True,-0.10299999999999998,True,-0.1402173317112504,0.012079689365659396,-0.14743267823615758,
QUBT,2024-06-11,s20_uplisting,0001213900-24-051804,Quantum Computing Inc.  (QUBT)  (CIK 0001758009),2024-06-12,0.6800000071525574,90.0,2024-10-21,1.1399999856948853,0.676470549564461,0.673470549564461,True,-0.10299999999999998,True,-0.1402173317112504,0.08433583184179771,0.5891347177226632,
RIME,2022-07-15,s20_uplisting,0001493152-22-019371,SINGING MACHINE CO INC  (MICS)  (CIK 0000923601),2022-07-18,1686.0,30.0,2022-08-29,1646.0,-0.023724792408066464,-0.026724792408066463,True,-0.10299999999999998,False,-0.026724792408066463,0.03669087330635579,-0.06341566571442225,
RIME,2022-07-15,s20_uplisting,0001493152-22-019371,SINGING MACHINE CO INC  (MICS)  (CIK 0000923601),2022-07-18,1686.0,60.0,2022-10-11,1160.0,-0.31198102016607354,-0.31498102016607354,True,-0.10299999999999998,True,-0.20258996614677305,-0.07510826789107461,-0.23987275227499893,
RIME,2022-07-15,s20_uplisting,0001493152-22-019371,SINGING MACHINE CO INC  (MICS)  (CIK 0000923601),2022-07-18,1686.0,90.0,2022-11-22,930.0,-0.4483985765124555,-0.4513985765124555,True,-0.10299999999999998,True,-0.20258996614677305,0.033891219568543685,-0.4852897960809992,
RPC,2021-11-12,s20_uplisting,0001193125-21-327135,"P10, Inc.  (PX)  (CIK 0001841968)",2021-11-15,13.073890876916709,30.0,2021-12-29,12.413117408752441,-0.05054145505611729,-0.05354145505611729,True,-0.10300000000000009,True,-0.13006680520054437,0.022442561879277845,-0.07598401693539514,
RPC,2021-11-12,s20_uplisting,0001193125-21-327135,"P10, Inc.  (PX)  (CIK 0001841968)",2021-11-15,13.073890876916709,60.0,2022-02-10,11.799540519714355,-0.09747292288115617,-0.10047292288115617,True,-0.10300000000000009,True,-0.13006680520054437,-0.037857433079557024,-0.06261548980159914,
RPC,2021-11-12,s20_uplisting,0001193125-21-327135,"P10, Inc.  (PX)  (CIK 0001841968)",2021-11-15,13.073890876916709,90.0,2022-03-25,11.705142974853516,-0.10469323286764287,-0.10769323286764287,True,-0.10300000000000009,True,-0.13006680520054437,-0.027629661288592344,-0.08006357157905053,
SBEV,2021-08-18,s20_uplisting,0001731122-21-001405,"SPLASH BEVERAGE GROUP, INC.  (SBEV, SBEV-WT)  (CIK 0001553788)",2021-08-19,88.4000015258789,30.0,2021-10-01,78.80000305175781,-0.10859726593229435,-0.11159726593229435,True,-0.10299999999999998,False,-0.11159726593229435,-0.001464304148276252,-0.1101329617840181,
SBEV,2021-08-18,s20_uplisting,0001731122-21-001405,"SPLASH BEVERAGE GROUP, INC.  (SBEV, SBEV-WT)  (CIK 0001553788)",2021-08-19,88.4000015258789,60.0,2021-11-12,74.4000015258789,-0.1583710379903278,-0.16137103799032781,True,-0.10299999999999998,False,-0.16137103799032781,0.07448810962618513,-0.23585914761651294,
SBEV,2021-08-18,s20_uplisting,0001731122-21-001405,"SPLASH BEVERAGE GROUP, INC.  (SBEV, SBEV-WT)  (CIK 0001553788)",2021-08-19,88.4000015258789,90.0,2021-12-28,44.79999923706055,-0.4932126870614878,-0.4962126870614878,True,-0.10299999999999998,True,-0.3254221974273852,0.10041610512435262,-0.5966287921858404,
SCWO,2022-08-04,s20_uplisting,0001654954-22-010620,374Water Inc.  (SCWO)  (CIK 0000933972),2022-08-05,27.5,30.0,2022-09-19,28.299999237060547,0.02909088134765625,0.02609088134765625,False,0.02609088134765625,False,0.02609088134765625,-0.047634351208814985,0.07372523255647123,
SCWO,2022-08-04,s20_uplisting,0001654954-22-010620,374Water Inc.  (SCWO)  (CIK 0000933972),2022-08-05,27.5,60.0,2022-10-31,35.5,0.290909090909091,0.287909090909091,False,0.287909090909091,False,0.287909090909091,-0.05336984616809526,0.34127893707718626,
SCWO,2022-08-04,s20_uplisting,0001654954-22-010620,374Water Inc.  (SCWO)  (CIK 0000933972),2022-08-05,27.5,90.0,2022-12-13,30.5,0.10909090909090913,0.10609090909090912,False,0.10609090909090912,False,0.10609090909090912,-0.01474087660313872,0.12083178569404784,
SEG,2025-08-11,s20_uplisting,0001558370-25-011074,Seaport Entertainment Group Inc.  (SEG)  (CIK 0002009684),2025-08-12,23.850000381469727,30.0,2025-09-24,23.520000457763672,-0.013836474567205825,-0.016836474567205825,False,-0.016836474567205825,False,-0.016836474567205825,0.03860762319941213,-0.05544409776661796,
SEG,2025-08-11,s20_uplisting,0001558370-25-011074,Seaport Entertainment Group Inc.  (SEG)  (CIK 0002009684),2025-08-12,23.850000381469727,60.0,2025-11-05,24.200000762939453,0.014675068170718397,0.011675068170718398,False,0.011675068170718398,False,0.011675068170718398,0.0644982184294971,-0.052823150258778706,
SEG,2025-08-11,s20_uplisting,0001558370-25-011074,Seaport Entertainment Group Inc.  (SEG)  (CIK 0002009684),2025-08-12,23.850000381469727,90.0,2025-12-18,20.239999771118164,-0.1513627066084391,-0.1543627066084391,True,-0.10299999999999998,True,-0.08370799823719777,0.06275426026541231,-0.2171169668738514,
SEG,2025-11-10,s20_uplisting,0001104659-25-109303,Seaport Entertainment Group Inc.  (SEG)  (CIK 0002009684),2025-11-11,24.079999923706055,30.0,2025-12-24,19.889999389648438,-0.1740033449889128,-0.1770033449889128,True,-0.10299999999999998,True,-0.0746153679804551,0.018339645992615727,-0.19534299098152852,
SEG,2025-11-10,s20_uplisting,0001104659-25-109303,Seaport Entertainment Group Inc.  (SEG)  (CIK 0002009684),2025-11-11,24.079999923706055,60.0,2026-02-09,20.5,-0.1486710936482043,-0.1516710936482043,True,-0.10299999999999998,True,-0.0746153679804551,0.023605575045413163,-0.17527666869361747,
SEG,2025-11-10,s20_uplisting,0001104659-25-109303,Seaport Entertainment Group Inc.  (SEG)  (CIK 0002009684),2025-11-11,24.079999923706055,90.0,2026-03-24,20.510000228881836,-0.14825580174980224,-0.15125580174980224,True,-0.10299999999999998,True,-0.0746153679804551,-0.03390068359236309,-0.11735511815743915,
SEG,2026-03-05,s20_uplisting,0001104659-26-023682,Seaport Entertainment Group Inc.  (SEG)  (CIK 0002009684),2026-03-06,22.780000686645508,30.0,2026-04-20,22.670000076293945,-0.004828823838273544,-0.007828823838273543,True,-0.10299999999999998,True,-0.09773687607809534,0.055308778068518194,-0.06313760190679174,
SEG,2026-03-05,s20_uplisting,0001104659-26-023682,Seaport Entertainment Group Inc.  (SEG)  (CIK 0002009684),2026-03-06,22.780000686645508,60.0,2026-06-02,24.280000686645508,0.06584723243135615,0.06284723243135615,True,-0.10299999999999998,True,-0.09773687607809534,0.13102633527327967,-0.06817910284192352,
SEG,2026-03-05,s20_uplisting,0001104659-26-023682,Seaport Entertainment Group Inc.  (SEG)  (CIK 0002009684),2026-03-06,22.780000686645508,90.0,,,,,,,,,,,exit_out_of_range
SERV,2024-05-15,s20_uplisting,0001213900-24-043177,Serve Robotics Inc. /DE/  (SERV)  (CIK 0001832483),2024-05-16,3.2699999809265137,30.0,2024-07-01,1.940000057220459,-0.4067278077870863,-0.4097278077870863,True,-0.10299999999999998,True,-0.34826928246620104,0.03249656542042767,-0.44222437320751395,
SERV,2024-05-15,s20_uplisting,0001213900-24-043177,Serve Robotics Inc. /DE/  (SERV)  (CIK 0001832483),2024-05-16,3.2699999809265137,60.0,2024-08-13,10.369999885559082,2.1712538061302595,2.1682538061302594,True,-0.10299999999999998,True,-0.34826928246620104,0.026248748585403492,2.142005057544856,
SERV,2024-05-15,s20_uplisting,0001213900-24-043177,Serve Robotics Inc. /DE/  (SERV)  (CIK 0001832483),2024-05-16,3.2699999809265137,90.0,2024-09-25,7.639999866485596,1.3363914101066436,1.3333914101066437,True,-0.10299999999999998,True,-0.34826928246620104,0.08257172431642368,1.25081968579022,
SERV,2024-08-13,s20_uplisting,0001832483-24-000014,Serve Robotics Inc. /DE/  (SERV)  (CIK 0001832483),2024-08-14,13.899999618530273,30.0,2024-09-26,7.690000057220459,-0.44676257062850433,-0.44976257062850433,True,-0.10299999999999998,True,-0.4321812348726759,0.05748454346728371,-0.507247114095788,
SERV,2024-08-13,s20_uplisting,0001832483-24-000014,Serve Robotics Inc. /DE/  (SERV)  (CIK 0001832483),2024-08-14,13.899999618530273,60.0,2024-11-07,10.829999923706055,-0.22086329345876832,-0.22386329345876832,True,-0.10299999999999998,True,-0.4321812348726759,0.10055625879530528,-0.3244195522540736,
SERV,2024-08-13,s20_uplisting,0001832483-24-000014,Serve Robotics Inc. /DE/  (SERV)  (CIK 0001832483),2024-08-14,13.899999618530273,90.0,2024-12-20,14.609999656677246,0.05107914083684295,0.04807914083684295,True,-0.10299999999999998,True,-0.4321812348726759,0.09599142098035363,-0.04791228014351068,
SERV,2024-11-07,s20_uplisting,0001832483-24-000028,Serve Robotics Inc. /DE/  (SERV)  (CIK 0001832483),2024-11-08,9.899999618530273,30.0,2024-12-23,14.729999542236328,0.48787879897141884,0.48487879897141883,True,-0.10299999999999998,True,-0.23053055189194072,0.000874805358363151,0.4840039936130557,
SERV,2024-11-07,s20_uplisting,0001832483-24-000028,Serve Robotics Inc. /DE/  (SERV)  (CIK 0001832483),2024-11-08,9.899999618530273,60.0,2025-02-07,19.469999313354492,0.9666666730887161,0.9636666730887161,True,-0.10299999999999998,True,-0.23053055189194072,0.01110776963283433,0.9525589034558818,
SERV,2024-11-07,s20_uplisting,0001832483-24-000028,Serve Robotics Inc. /DE/  (SERV)  (CIK 0001832483),2024-11-08,9.899999618530273,90.0,2025-03-24,7.789999961853027,-0.21313128666468484,-0.21613128666468484,True,-0.10299999999999998,True,-0.23053055189194072,-0.030905475868570842,-0.185225810796114,
SLSN,2025-04-07,s20_uplisting,0001171843-25-002068,"SOLESENCE, INC.  (NANX)  (CIK 0000883107)",2025-04-08,16.559999465942383,30.0,2025-05-21,3.9000000953674316,-0.7644927402692103,-0.7674927402692103,True,-0.10299999999999998,True,-0.16305543394972888,0.11688956862583622,-0.8843823088950465,
SLSN,2025-04-07,s20_uplisting,0001171843-25-002068,"SOLESENCE, INC.  (NANX)  (CIK 0000883107)",2025-04-08,16.559999465942383,60.0,2025-07-07,3.6700000762939453,-0.7783816307577944,-0.7813816307577944,True,-0.10299999999999998,True,-0.16305543394972888,0.19287733473433244,-0.9742589654921269,
SLSN,2025-04-07,s20_uplisting,0001171843-25-002068,"SOLESENCE, INC.  (NANX)  (CIK 0000883107)",2025-04-08,16.559999465942383,90.0,2025-08-18,3.5799999237060547,-0.783816422756006,-0.786816422756006,True,-0.10299999999999998,True,-0.16305543394972888,0.2363503549491195,-1.0231667777051254,
SLSN,2025-09-04,s20_uplisting,0001999371-25-012518,"SOLESENCE, INC.  (SLSN)  (CIK 0000883107)",2025-09-05,3.5399999618530273,30.0,2025-10-17,3.819999933242798,0.07909603796809184,0.07609603796809183,True,-0.10299999999999998,False,0.07609603796809183,0.022643850307897395,0.05345218766019444,
SLSN,2025-09-04,s20_uplisting,0001999371-25-012518,"SOLESENCE, INC.  (SLSN)  (CIK 0000883107)",2025-09-05,3.5399999618530273,60.0,2025-12-01,2.119999885559082,-0.4011299693773557,-0.4041299693773557,True,-0.10299999999999998,True,-0.16777721864733197,0.04708659563774087,-0.45121656501509655,
SLSN,2025-09-04,s20_uplisting,0001999371-25-012518,"SOLESENCE, INC.  (SLSN)  (CIK 0000883107)",2025-09-05,3.5399999618530273,90.0,2026-01-14,1.5199999809265137,-0.5706214696875693,-0.5736214696875693,True,-0.10299999999999998,True,-0.16777721864733197,0.06575736756849082,-0.6393788372560602,
SMID,2022-12-14,s20_uplisting,0001654954-22-016506,SMITH MIDLAND CORP  (SMID)  (CIK 0000924719),2022-12-15,18.399999618530273,30.0,2023-01-31,21.989999771118164,0.19510870798999758,0.19210870798999757,False,0.19210870798999757,False,0.19210870798999757,0.035624248109523915,0.15648445988047366,
SMID,2022-12-14,s20_uplisting,0001654954-22-016506,SMITH MIDLAND CORP  (SMID)  (CIK 0000924719),2022-12-15,18.399999618530273,60.0,2023-03-15,16.290000915527344,-0.114673844931931,-0.117673844931931,True,-0.10300000000000009,True,-0.15562264376579527,-0.00819780217956323,-0.10947604275236777,
SMID,2022-12-14,s20_uplisting,0001654954-22-016506,SMITH MIDLAND CORP  (SMID)  (CIK 0000924719),2022-12-15,18.399999618530273,90.0,2023-04-27,14.710000038146973,-0.20054345961329123,-0.20354345961329123,True,-0.10300000000000009,True,-0.15562264376579527,0.054742828737709415,-0.25828628835100065,
SMTK,2024-08-12,s20_uplisting,0001104659-24-088335,"SmartKem, Inc.  (SMTK)  (CIK 0001817760)",2024-08-13,6.940000057220459,30.0,2024-09-25,4.510000228881836,-0.35014406459700564,-0.35314406459700565,True,-0.10299999999999998,True,-0.20583128438392595,0.06571560827247791,-0.41885967286948356,
SMTK,2024-08-12,s20_uplisting,0001104659-24-088335,"SmartKem, Inc.  (SMTK)  (CIK 0001817760)",2024-08-13,6.940000057220459,60.0,2024-11-06,2.799999952316284,-0.5965417969408904,-0.5995417969408904,True,-0.10299999999999998,True,-0.20583128438392595,0.10497616652620168,-0.7045179634670921,
SMTK,2024-08-12,s20_uplisting,0001104659-24-088335,"SmartKem, Inc.  (SMTK)  (CIK 0001817760)",2024-08-13,6.940000057220459,90.0,2024-12-19,3.009999990463257,-0.5662824256994614,-0.5692824256994614,True,-0.10299999999999998,True,-0.20583128438392595,0.09574069660599638,-0.6650231223054578,
SMTK,2025-01-14,s20_uplisting,0001104659-25-003278,"SmartKem, Inc.  (SMTK)  (CIK 0001817760)",2025-01-15,3.890000104904175,30.0,2025-02-28,2.1600000858306885,-0.44473007003070575,-0.44773007003070575,True,-0.10299999999999998,True,-0.24087265692574333,0.006521741563710215,-0.45425181159441597,
SMTK,2025-01-14,s20_uplisting,0001104659-25-003278,"SmartKem, Inc.  (SMTK)  (CIK 0001817760)",2025-01-15,3.890000104904175,60.0,2025-04-11,2.4200000762939453,-0.3778920280122823,-0.3808920280122823,True,-0.10299999999999998,True,-0.24087265692574333,-0.09280194673940767,-0.2880900812728746,
SMTK,2025-01-14,s20_uplisting,0001104659-25-003278,"SmartKem, Inc.  (SMTK)  (CIK 0001817760)",2025-01-15,3.890000104904175,90.0,2025-05-27,1.3899999856948853,-0.6426735351645636,-0.6456735351645636,True,-0.10299999999999998,True,-0.24087265692574333,0.004401577919273869,-0.6500751130838375,
SNWV,2025-03-21,s20_uplisting,0001628280-25-014209,"SANUWAVE Health, Inc.  (SNWV)  (CIK 0001417663)",2025-03-24,38.0,30.0,2025-05-06,30.600000381469727,-0.1947368320665861,-0.1977368320665861,True,-0.10299999999999998,True,-0.1212791263352716,-0.021022950212602365,-0.17671388185398373,
SNWV,2025-03-21,s20_uplisting,0001628280-25-014209,"SANUWAVE Health, Inc.  (SNWV)  (CIK 0001417663)",2025-03-24,38.0,60.0,2025-06-18,33.0,-0.13157894736842102,-0.13457894736842102,True,-0.10299999999999998,True,-0.1212791263352716,0.04667137327758786,-0.18125032064600888,
SNWV,2025-03-21,s20_uplisting,0001628280-25-014209,"SANUWAVE Health, Inc.  (SNWV)  (CIK 0001417663)",2025-03-24,38.0,90.0,2025-08-01,36.2400016784668,-0.04631574530350535,-0.049315745303505354,True,-0.10299999999999998,True,-0.1212791263352716,0.09242806593963437,-0.14174381124313973,
SOBR,2022-07-27,s20_uplisting,0001477932-22-005438,"SOBR Safe, Inc.  (SOBR)  (CIK 0001425627)",2022-07-28,1024.0999755859375,30.0,2022-09-09,1089.0,0.06337274285836214,0.06037274285836214,False,0.06037274285836214,False,0.06037274285836214,0.01171972217795525,0.04865302068040689,
SOBR,2022-07-27,s20_uplisting,0001477932-22-005438,"SOBR Safe, Inc.  (SOBR)  (CIK 0001425627)",2022-07-28,1024.0999755859375,60.0,2022-10-21,3542.0,2.4586466989938645,2.4556466989938643,False,2.4556466989938643,False,2.4556466989938643,-0.06484985709105684,2.5204965560849213,
SOBR,2022-07-27,s20_uplisting,0001477932-22-005438,"SOBR Safe, Inc.  (SOBR)  (CIK 0001425627)",2022-07-28,1024.0999755859375,90.0,2022-12-05,1030.699951171875,0.006444659450520307,0.003444659450520307,False,0.003444659450520307,False,0.003444659450520307,-0.001638713008475401,0.005083372458995708,
SOTK,2021-10-13,s20_uplisting,0001171520-21-000411,SONO TEK CORP  (SOTK)  (CIK 0000806172),2021-10-14,6.079999923706055,30.0,2021-11-26,6.0,-0.013157882353605488,-0.016157882353605487,True,-0.10299999999999998,False,-0.016157882353605487,0.045299077779955566,-0.061456960133561056,
SOTK,2021-10-13,s20_uplisting,0001171520-21-000411,SONO TEK CORP  (SOTK)  (CIK 0000806172),2021-10-14,6.079999923706055,60.0,2022-01-10,8.119999885559082,0.3355263137256008,0.3325263137256008,True,-0.10299999999999998,False,0.3325263137256008,0.06391877548531966,0.26860753824028116,
SOTK,2021-10-13,s20_uplisting,0001171520-21-000411,SONO TEK CORP  (SOTK)  (CIK 0000806172),2021-10-14,6.079999923706055,90.0,2022-02-23,5.639999866485596,-0.07236843137199545,-0.07536843137199545,True,-0.10299999999999998,True,-0.178222022004202,-0.03563707573890296,-0.03973135563309249,
SOTK,2024-07-01,s20_uplisting,0001171520-24-000237,SONO TEK CORP  (SOTK)  (CIK 0000806172),2024-07-02,4.099999904632568,30.0,2024-08-14,4.150000095367432,0.012195168755581687,0.009195168755581688,True,-0.10299999999999998,True,-0.11134950607436189,9.182625986570159e-05,0.009103342495715986,
SOTK,2024-07-01,s20_uplisting,0001171520-24-000237,SONO TEK CORP  (SOTK)  (CIK 0000806172),2024-07-02,4.099999904632568,60.0,2024-09-26,4.139999866485596,0.009756088483765968,0.006756088483765968,True,-0.10299999999999998,True,-0.11134950607436189,0.05583100594690937,-0.04907491746314341,
SOTK,2024-07-01,s20_uplisting,0001171520-24-000237,SONO TEK CORP  (SOTK)  (CIK 0000806172),2024-07-02,4.099999904632568,90.0,2024-11-07,4.269999980926514,0.04146343420687959,0.03846343420687959,True,-0.10299999999999998,True,-0.11134950607436189,0.09883549171038952,-0.060372057503509935,
SSII,2025-05-14,s20_uplisting,0001213900-25-043384,"SS Innovations International, Inc.  (SSII)  (CIK 0001676163)",2025-05-15,10.229999542236328,30.0,2025-06-30,5.889999866485596,-0.42424241153015607,-0.4272424115301561,True,-0.10299999999999998,True,-0.25706904861483304,0.05826308725401086,-0.48550549878416693,
SSII,2025-05-14,s20_uplisting,0001213900-25-043384,"SS Innovations International, Inc.  (SSII)  (CIK 0001676163)",2025-05-15,10.229999542236328,60.0,2025-08-12,6.440000057220459,-0.37047894961951844,-0.37347894961951844,True,-0.10299999999999998,True,-0.25706904861483304,0.10080936622500847,-0.4742883158445269,
SSII,2025-05-14,s20_uplisting,0001213900-25-043384,"SS Innovations International, Inc.  (SSII)  (CIK 0001676163)",2025-05-15,10.229999542236328,90.0,2025-09-24,5.840000152587891,-0.42912996931461855,-0.43212996931461856,True,-0.10299999999999998,True,-0.25706904861483304,0.13548160600852732,-0.5676115753231459,
SSII,2026-06-15,s20_uplisting,0001213900-26-068479,"SS Innovations International, Inc.  (SSII)  (CIK 0001676163)",2026-06-16,3.549999952316284,30.0,,,,,,,,,,,exit_out_of_range
SSII,2026-06-15,s20_uplisting,0001213900-26-068479,"SS Innovations International, Inc.  (SSII)  (CIK 0001676163)",2026-06-16,3.549999952316284,60.0,,,,,,,,,,,exit_out_of_range
SSII,2026-06-15,s20_uplisting,0001213900-26-068479,"SS Innovations International, Inc.  (SSII)  (CIK 0001676163)",2026-06-16,3.549999952316284,90.0,,,,,,,,,,,exit_out_of_range
SSM,2025-09-09,s20_uplisting,0001171843-25-005779,"Sono Group N.V.  (SSM, SEVCF)  (CIK 0001840416)",2025-09-10,8.270000457763672,30.0,2025-10-22,8.279999732971191,0.001209102134708262,-0.001790897865291738,False,-0.001790897865291738,False,-0.001790897865291738,0.0245271079636471,-0.026318005828938836,
SSM,2025-09-09,s20_uplisting,0001171843-25-005779,"Sono Group N.V.  (SSM, SEVCF)  (CIK 0001840416)",2025-09-10,8.270000457763672,60.0,2025-12-04,6.5289998054504395,-0.2105200188566887,-0.2135200188566887,True,-0.10299999999999998,False,-0.2135200188566887,0.04997927763815846,-0.26349929649484716,
SSM,2025-09-09,s20_uplisting,0001171843-25-005779,"Sono Group N.V.  (SSM, SEVCF)  (CIK 0001840416)",2025-09-10,8.270000457763672,90.0,2026-01-20,6.989999771118164,-0.1547763743403272,-0.1577763743403272,True,-0.10299999999999998,False,-0.1577763743403272,0.04260311654258975,-0.20037949088291696,
STCB,2022-09-15,s20_uplisting,0001437749-22-022505,"Starco Brands, Inc.  (STCB)  (CIK 0001539850)",2022-09-16,0.14000000059604645,30.0,2022-10-28,0.18000000715255737,0.28571433133008517,0.28271433133008517,True,-0.10299999999999998,False,0.28271433133008517,0.012703657139341962,0.2700106741907432,
STCB,2022-09-15,s20_uplisting,0001437749-22-022505,"Starco Brands, Inc.  (STCB)  (CIK 0001539850)",2022-09-16,0.14000000059604645,60.0,2022-12-12,0.1599999964237213,0.14285711244661004,0.13985711244661003,True,-0.10299999999999998,False,0.13985711244661003,0.0385536124841368,0.10130349996247323,
STCB,2022-09-15,s20_uplisting,0001437749-22-022505,"Starco Brands, Inc.  (STCB)  (CIK 0001539850)",2022-09-16,0.14000000059604645,90.0,2023-01-26,0.14499999582767487,0.035714251502436234,0.03271425150243623,True,-0.10299999999999998,False,0.03271425150243623,0.05849059722609984,-0.025776345723663607,
STCB,2023-01-04,s20_uplisting,0001437749-23-000215,"Starco Brands, Inc.  (STCB)  (CIK 0001539850)",2023-01-05,0.1599999964237213,30.0,2023-02-17,0.1599999964237213,0.0,-0.003,True,-0.10299999999999987,False,-0.003,0.06690780098147742,-0.06990780098147742,
STCB,2023-01-04,s20_uplisting,0001437749-23-000215,"Starco Brands, Inc.  (STCB)  (CIK 0001539850)",2023-01-05,0.1599999964237213,60.0,2023-04-03,0.1599999964237213,0.0,-0.003,True,-0.10299999999999987,False,-0.003,0.08068322465530309,-0.08368322465530309,
STCB,2023-01-04,s20_uplisting,0001437749-23-000215,"Starco Brands, Inc.  (STCB)  (CIK 0001539850)",2023-01-05,0.1599999964237213,90.0,2023-05-16,0.14000000059604645,-0.12499997671693508,-0.12799997671693508,True,-0.10299999999999987,False,-0.12799997671693508,0.07884261079750376,-0.20684258751443885,
STCB,2023-02-21,s20_uplisting,0001493152-23-005682,"Starco Brands, Inc.  (STCB)  (CIK 0001539850)",2023-02-22,0.18799999356269836,30.0,2023-04-05,0.15000000596046448,-0.20212760054994794,-0.20512760054994794,True,-0.10299999999999998,True,-0.10308641033796695,0.02411795578791298,-0.22924555633786092,
STCB,2023-02-21,s20_uplisting,0001493152-23-005682,"Starco Brands, Inc.  (STCB)  (CIK 0001539850)",2023-02-22,0.18799999356269836,60.0,2023-05-18,0.15199999511241913,-0.19148936001571282,-0.19448936001571282,True,-0.10299999999999998,True,-0.10308641033796695,0.053339260808783706,-0.24782862082449653,
STCB,2023-02-21,s20_uplisting,0001493152-23-005682,"Starco Brands, Inc.  (STCB)  (CIK 0001539850)",2023-02-22,0.18799999356269836,90.0,2023-07-03,0.11999999731779099,-0.36170212007070757,-0.36470212007070757,True,-0.10299999999999998,True,-0.10308641033796695,0.11918961083456092,-0.4838917309052685,
SWKHL,2021-09-08,s20_uplisting,0001552781-21-000704,"SWK Holdings Corp  (SWKH, SWKHL)  (CIK 0001089907)",,,,,,,,,,,,,,no_price_data
SWKHL,2021-11-23,s20_uplisting,0001552781-21-000827,"SWK Holdings Corp  (SWKH, SWKHL)  (CIK 0001089907)",,,,,,,,,,,,,,no_price_data
SWKHL,2022-03-29,s20_uplisting,0001552781-22-000293,"SWK Holdings Corp  (SWKH, SWKHL)  (CIK 0001089907)",,,,,,,,,,,,,,no_price_data
SWKHL,2022-05-18,s20_uplisting,0001552781-22-000406,"SWK Holdings Corp  (SWKH, SWKHL)  (CIK 0001089907)",,,,,,,,,,,,,,no_price_data
SWKHL,2022-08-17,s20_uplisting,0001552781-22-000541,"SWK Holdings Corp  (SWKH, SWKHL)  (CIK 0001089907)",,,,,,,,,,,,,,no_price_data
SWKHL,2023-04-04,s20_uplisting,0001552781-23-000224,"SWK Holdings Corp  (SWKH, SWKHL)  (CIK 0001089907)",2023-10-05,19.341821421239693,30.0,,,,,,,,,,,exit_out_of_range
SWKHL,2023-04-04,s20_uplisting,0001552781-23-000224,"SWK Holdings Corp  (SWKH, SWKHL)  (CIK 0001089907)",2023-10-05,19.341821421239693,60.0,,,,,,,,,,,exit_out_of_range
SWKHL,2023-04-04,s20_uplisting,0001552781-23-000224,"SWK Holdings Corp  (SWKH, SWKHL)  (CIK 0001089907)",2023-10-05,19.341821421239693,90.0,,,,,,,,,,,exit_out_of_range
SWKHL,2023-05-17,s20_uplisting,0001552781-23-000283,"SWK Holdings Corp  (SWKH, SWKHL)  (CIK 0001089907)",2023-10-05,19.34182333556928,30.0,2023-11-16,19.553424835205078,0.01094010093901887,0.007940100939018872,False,0.007940100939018872,False,0.007940100939018872,0.0609625460611134,-0.05302244512209453,
SWKHL,2023-05-17,s20_uplisting,0001552781-23-000283,"SWK Holdings Corp  (SWKH, SWKHL)  (CIK 0001089907)",2023-10-05,19.34182333556928,60.0,,,,,,,,,,,exit_out_of_range
SWKHL,2023-05-17,s20_uplisting,0001552781-23-000283,"SWK Holdings Corp  (SWKH, SWKHL)  (CIK 0001089907)",2023-10-05,19.34182333556928,90.0,,,,,,,,,,,exit_out_of_range
SWKHL,2024-03-22,s20_uplisting,0001552781-24-000172,"SWK Holdings Corp  (SWKH, SWKHL)  (CIK 0001089907)",2024-03-25,20.551233527744742,30.0,2024-05-07,20.485733032226562,-0.0031871807319863166,-0.006187180731986317,False,-0.006187180731986317,False,-0.006187180731986317,-0.0051174641118784114,-0.0010697166201079052,
SWKHL,2024-03-22,s20_uplisting,0001552781-24-000172,"SWK Holdings Corp  (SWKH, SWKHL)  (CIK 0001089907)",2024-03-25,20.551233527744742,60.0,2024-06-20,20.93410301208496,0.018630000180930084,0.015630000180930085,False,0.015630000180930085,False,0.015630000180930085,0.052327506515869704,-0.03669750633493962,
SWKHL,2024-03-22,s20_uplisting,0001552781-24-000172,"SWK Holdings Corp  (SWKH, SWKHL)  (CIK 0001089907)",2024-03-25,20.551233527744742,90.0,2024-08-02,21.168561935424805,0.030038508727305846,0.027038508727305847,False,0.027038508727305847,False,0.027038508727305847,0.02850933368636821,-0.0014708249590623633,
SWKHL,2024-05-20,s20_uplisting,0001552781-24-000357,"SWK Holdings Corp  (SWKH, SWKHL)  (CIK 0001089907)",2024-05-21,20.493919372558594,30.0,2024-07-05,20.97596549987793,0.023521422064575637,0.020521422064575637,False,0.020521422064575637,False,0.020521422064575637,0.05129499397756554,-0.030773571912989902,
SWKHL,2024-05-20,s20_uplisting,0001552781-24-000357,"SWK Holdings Corp  (SWKH, SWKHL)  (CIK 0001089907)",2024-05-21,20.493919372558594,60.0,2024-08-16,21.06808090209961,0.028016189539118663,0.025016189539118664,False,0.025016189539118664,False,0.025016189539118664,0.05066945662040645,-0.025653267081287786,
SWKHL,2024-05-20,s20_uplisting,0001552781-24-000357,"SWK Holdings Corp  (SWKH, SWKHL)  (CIK 0001089907)",2024-05-21,20.493919372558594,90.0,2024-09-30,21.829320907592773,0.0651608660480183,0.06216086604801829,False,0.06216086604801829,False,0.06216086604801829,0.09087189698819698,-0.028711030940178683,
SWKHL,2024-08-15,s20_uplisting,0001552781-24-000495,"SWK Holdings Corp  (SWKH, SWKHL)  (CIK 0001089907)",2024-08-16,21.185307530613414,30.0,2024-09-30,21.829322814941406,0.03039914730514859,0.02739914730514859,False,0.02739914730514859,False,0.02739914730514859,0.04370511124029175,-0.01630596393514316,
SWKHL,2024-08-15,s20_uplisting,0001552781-24-000495,"SWK Holdings Corp  (SWKH, SWKHL)  (CIK 0001089907)",2024-08-16,21.185307530613414,60.0,2024-11-11,21.886674880981445,0.03310630961360994,0.030106309613609942,False,0.030106309613609942,False,0.030106309613609942,0.08918167436282864,-0.059075364749218706,
SWKHL,2024-08-15,s20_uplisting,0001552781-24-000495,"SWK Holdings Corp  (SWKH, SWKHL)  (CIK 0001089907)",2024-08-16,21.185307530613414,90.0,2024-12-24,22.12762451171875,0.0444797404873003,0.0414797404873003,False,0.0414797404873003,False,0.0414797404873003,0.09748338070833062,-0.056003640221030326,
SWKHL,2024-11-15,s20_uplisting,0001552781-24-000608,"SWK Holdings Corp  (SWKH, SWKHL)  (CIK 0001089907)",2024-11-18,21.91492652577035,30.0,2025-01-02,22.05760383605957,0.006510508265744841,0.003510508265744841,False,0.003510508265744841,True,-0.010399630806845025,0.0006614883128921445,0.0028490199528526964,
SWKHL,2024-11-15,s20_uplisting,0001552781-24-000608,"SWK Holdings Corp  (SWKH, SWKHL)  (CIK 0001089907)",2024-11-18,21.91492652577035,60.0,2025-02-18,21.970069885253906,0.0025162466056507515,-0.00048375339434924853,False,-0.00048375339434924853,True,-0.010399630806845025,0.04661757095934993,-0.04710132435369918,
SWKHL,2024-11-15,s20_uplisting,0001552781-24-000608,"SWK Holdings Corp  (SWKH, SWKHL)  (CIK 0001089907)",2024-11-18,21.91492652577035,90.0,2025-04-01,22.365299224853516,0.02055095637913995,0.01755095637913995,False,0.01755095637913995,True,-0.010399630806845025,-0.03696342997501134,0.05451438635415129,
SWKHL,2025-03-20,s20_uplisting,0001628280-25-013997,"SWK Holdings Corp  (SWKH, SWKHL)  (CIK 0001089907)",2025-03-21,22.410066604614258,30.0,2025-05-05,22.75924301147461,0.015581230213231656,0.012581230213231657,False,0.012581230213231657,True,-0.01107724986322289,0.007563168442302093,0.005018061770929564,
SWKHL,2025-03-20,s20_uplisting,0001628280-25-013997,"SWK Holdings Corp  (SWKH, SWKHL)  (CIK 0001089907)",2025-03-21,22.410066604614258,60.0,2025-06-17,23.114686965942383,0.031442135972190366,0.028442135972190367,False,0.028442135972190367,True,-0.01107724986322289,0.06839142932400688,-0.03994929335181652,
SWKHL,2025-03-20,s20_uplisting,0001628280-25-013997,"SWK Holdings Corp  (SWKH, SWKHL)  (CIK 0001089907)",2025-03-21,22.410066604614258,90.0,2025-07-31,23.31608009338379,0.040428861937562566,0.03742886193756256,False,0.03742886193756256,True,-0.01107724986322289,0.133508481497294,-0.09607961955973143,
SWKHL,2025-05-15,s20_uplisting,0001628280-25-025966,"SWK Holdings Corp  (SWKH, SWKHL)  (CIK 0001089907)",2025-05-16,22.669708678115526,30.0,2025-07-01,23.31608009338379,0.028512559400123427,0.025512559400123428,False,0.025512559400123428,False,0.025512559400123428,0.04773951422691303,-0.0222269548267896,
SWKHL,2025-05-15,s20_uplisting,0001628280-25-025966,"SWK Holdings Corp  (SWKH, SWKHL)  (CIK 0001089907)",2025-05-16,22.669708678115526,60.0,2025-08-13,23.599864959716797,0.041030799945797725,0.03803079994579772,False,0.03803079994579772,False,0.03803079994579772,0.09394768005727894,-0.055916880111481215,
SWKHL,2025-05-15,s20_uplisting,0001628280-25-025966,"SWK Holdings Corp  (SWKH, SWKHL)  (CIK 0001089907)",2025-05-16,22.669708678115526,90.0,2025-09-25,23.788410186767578,0.04934785552546628,0.046347855525466275,False,0.046347855525466275,False,0.046347855525466275,0.11936609688011623,-0.07301824135464996,
SWKHL,2025-08-14,s20_uplisting,0001628280-25-040422,"SWK Holdings Corp  (SWKH, SWKHL)  (CIK 0001089907)",2025-08-15,23.6639461517334,30.0,2025-09-29,23.732261657714844,0.00288690252857271,-0.00011309747142728994,False,-0.00011309747142728994,True,-0.01097212826967053,0.03023265889951765,-0.03034575637094494,
SWKHL,2025-08-14,s20_uplisting,0001628280-25-040422,"SWK Holdings Corp  (SWKH, SWKHL)  (CIK 0001089907)",2025-08-15,23.6639461517334,60.0,2025-11-10,23.938138961791992,0.01158694362725754,0.00858694362725754,False,0.00858694362725754,True,-0.01097212826967053,0.05780157314267931,-0.04921462951542177,
SWKHL,2025-08-14,s20_uplisting,0001628280-25-040422,"SWK Holdings Corp  (SWKH, SWKHL)  (CIK 0001089907)",2025-08-15,23.6639461517334,90.0,2025-12-23,24.25128746032715,0.024820091493942487,0.021820091493942487,False,0.021820091493942487,True,-0.01097212826967053,0.0710781448889557,-0.04925805339501321,
VELO,2025-11-10,s20_uplisting,0001193125-25-274173,"Velo3D, Inc.  (VELO, VLDXW)  (CIK 0001825079)",2025-11-11,4.869999885559082,30.0,2025-12-24,14.430000305175781,1.9630391466670845,1.9600391466670846,True,-0.10299999999999998,False,1.9600391466670846,0.018339645992615727,1.9416995006744688,
VELO,2025-11-10,s20_uplisting,0001193125-25-274173,"Velo3D, Inc.  (VELO, VLDXW)  (CIK 0001825079)",2025-11-11,4.869999885559082,60.0,2026-02-09,13.699999809265137,1.8131417107194365,1.8101417107194366,True,-0.10299999999999998,False,1.8101417107194366,0.023605575045413163,1.7865361356740235,
VELO,2025-11-10,s20_uplisting,0001193125-25-274173,"Velo3D, Inc.  (VELO, VLDXW)  (CIK 0001825079)",2025-11-11,4.869999885559082,90.0,2026-03-24,13.520000457763672,1.776180857386521,1.773180857386521,True,-0.10299999999999998,False,1.773180857386521,-0.03390068359236309,1.807081540978884,
VFF,2026-04-03,s20_uplisting,0001193125-26-141251,"Village Farms International, Inc.  (VFF)  (CIK 0001584549)",2026-04-07,2.680000066757202,30.0,2026-05-19,2.5,-0.06716420234086118,-0.07016420234086118,False,-0.07016420234086118,False,-0.07016420234086118,0.11738370869886339,-0.18754791103972457,
VFF,2026-04-03,s20_uplisting,0001193125-26-141251,"Village Farms International, Inc.  (VFF)  (CIK 0001584549)",2026-04-07,2.680000066757202,60.0,,,,,,,,,,,exit_out_of_range
VFF,2026-04-03,s20_uplisting,0001193125-26-141251,"Village Farms International, Inc.  (VFF)  (CIK 0001584549)",2026-04-07,2.680000066757202,90.0,,,,,,,,,,,exit_out_of_range
ZVRA,2021-11-10,s20_uplisting,0001437749-21-026154,"KEMPHARM, INC  (ZVRA)  (CIK 0001434647)",2021-11-11,9.34000015258789,30.0,2021-12-27,9.3100004196167,-0.003211962792407319,-0.006211962792407319,True,-0.10299999999999998,True,-0.10223840609164969,0.02950658591876887,-0.03571854871117619,
ZVRA,2021-11-10,s20_uplisting,0001437749-21-026154,"KEMPHARM, INC  (ZVRA)  (CIK 0001434647)",2021-11-11,9.34000015258789,60.0,2022-02-08,6.550000190734863,-0.29871519446174577,-0.3017151944617458,True,-0.10299999999999998,True,-0.10223840609164969,-0.027268839535969702,-0.27444635492577607,
ZVRA,2021-11-10,s20_uplisting,0001437749-21-026154,"KEMPHARM, INC  (ZVRA)  (CIK 0001434647)",2021-11-11,9.34000015258789,90.0,2022-03-23,5.039999961853027,-0.4603854518721219,-0.4633854518721219,True,-0.10299999999999998,True,-0.10223840609164969,-0.039696605862988954,-0.4236888460091329,
