ticker,event_date,setup_type,ipo_date
LPRO,2021-09-28,s21_lockup_expiry,2021-04-01
XBP,2021-09-11,s21_lockup_expiry,2021-03-15
NXXT,2022-03-15,s21_lockup_expiry,2021-09-16
ALOY,2022-05-11,s21_lockup_expiry,2021-11-12
RIVN,2022-05-11,s21_lockup_expiry,2021-11-12
RUM,2021-08-18,s21_lockup_expiry,2021-02-19
NTST,2021-10-05,s21_lockup_expiry,2021-04-08
BWMN,2021-11-06,s21_lockup_expiry,2021-05-10
DBGI,2021-11-13,s21_lockup_expiry,2021-05-17
RGC,2022-01-16,s21_lockup_expiry,2021-07-20
IKT,2021-12-14,s21_lockup_expiry,2021-06-17
CNEY,2021-08-04,s21_lockup_expiry,2021-02-05
EVCM,2022-01-02,s21_lockup_expiry,2021-07-06
OLPX,2022-03-30,s21_lockup_expiry,2021-10-01
QTEX,2022-01-11,s21_lockup_expiry,2021-07-15
UPXI,2021-12-21,s21_lockup_expiry,2021-06-24
AMZE,2022-06-12,s21_lockup_expiry,2021-12-14
MITQ,2022-01-04,s21_lockup_expiry,2021-07-08
VBIO,2022-05-11,s21_lockup_expiry,2021-11-12
BFRI,2022-04-30,s21_lockup_expiry,2021-11-01
HAYW,2021-09-11,s21_lockup_expiry,2021-03-15
BRLT,2022-03-23,s21_lockup_expiry,2021-09-24
LONA,2021-07-20,s21_lockup_expiry,2021-01-21
RVPH,2021-07-11,s21_lockup_expiry,2021-01-12
IMMX,2022-06-15,s21_lockup_expiry,2021-12-17
QTI,2022-03-26,s21_lockup_expiry,2021-09-27
IPW,2021-11-09,s21_lockup_expiry,2021-05-13
SMWB,2021-11-08,s21_lockup_expiry,2021-05-12
HNST,2021-11-02,s21_lockup_expiry,2021-05-06
KYMR,2021-12-29,s21_lockup_expiry,2021-07-02
HOOD,2022-01-26,s21_lockup_expiry,2021-07-30
BLZE,2022-05-11,s21_lockup_expiry,2021-11-12
VVOS,2021-11-15,s21_lockup_expiry,2021-05-19
TEAD,2022-01-19,s21_lockup_expiry,2021-07-23
ACXP,2021-12-25,s21_lockup_expiry,2021-06-28
BOLT,2021-08-04,s21_lockup_expiry,2021-02-05
OPEN,2021-08-07,s21_lockup_expiry,2021-02-08
CURI,2021-08-04,s21_lockup_expiry,2021-02-05
TASK,2021-12-11,s21_lockup_expiry,2021-06-14
SHLS,2021-07-27,s21_lockup_expiry,2021-01-28
UPC,2021-09-20,s21_lockup_expiry,2021-03-24
TSPH,2021-10-13,s21_lockup_expiry,2021-04-16
UK,2021-07-31,s21_lockup_expiry,2021-02-01
HCTI,2022-04-12,s21_lockup_expiry,2021-10-14
LZ,2021-12-27,s21_lockup_expiry,2021-06-30
GROY,2021-09-05,s21_lockup_expiry,2021-03-09
CDRE,2022-05-04,s21_lockup_expiry,2021-11-05
FIGS,2021-11-24,s21_lockup_expiry,2021-05-28
COOK,2022-01-26,s21_lockup_expiry,2021-07-30
MQ,2021-12-07,s21_lockup_expiry,2021-06-10
SEER,2021-07-28,s21_lockup_expiry,2021-01-29
LTH,2022-04-06,s21_lockup_expiry,2021-10-08
MSGM,2021-07-12,s21_lockup_expiry,2021-01-13
CWAN,2022-03-26,s21_lockup_expiry,2021-09-27
FWRG,2022-04-02,s21_lockup_expiry,2021-10-04
DV,2021-10-19,s21_lockup_expiry,2021-04-22
VEEE,2022-01-18,s21_lockup_expiry,2021-07-22
ABSI,2022-01-19,s21_lockup_expiry,2021-07-23
PAY,2021-11-22,s21_lockup_expiry,2021-05-26
FLD,2022-06-15,s21_lockup_expiry,2021-12-17
COCO,2022-04-20,s21_lockup_expiry,2021-10-22
INTA,2021-12-28,s21_lockup_expiry,2021-07-01
OTLY,2021-11-17,s21_lockup_expiry,2021-05-21
WEAV,2022-05-11,s21_lockup_expiry,2021-11-12
CNTX,2022-04-18,s21_lockup_expiry,2021-10-20
PTLO,2022-04-20,s21_lockup_expiry,2021-10-22
ZVIA,2022-01-19,s21_lockup_expiry,2021-07-23
S,2021-12-27,s21_lockup_expiry,2021-06-30
CLYM,2022-02-07,s21_lockup_expiry,2021-08-11
RELY,2022-03-23,s21_lockup_expiry,2021-09-24
NPCE,2021-10-20,s21_lockup_expiry,2021-04-23
WOOF,2021-11-24,s21_lockup_expiry,2021-05-28
CPNG,2021-09-07,s21_lockup_expiry,2021-03-11
WAVE,2021-12-29,s21_lockup_expiry,2021-07-02
NRDS,2022-05-04,s21_lockup_expiry,2021-11-05
COMP,2021-09-28,s21_lockup_expiry,2021-04-01
CRSR,2021-07-24,s21_lockup_expiry,2021-01-25
AFRM,2021-07-13,s21_lockup_expiry,2021-01-14
GGRP,2021-12-29,s21_lockup_expiry,2021-07-02
BGM,2021-07-11,s21_lockup_expiry,2021-01-12
ZETA,2021-12-11,s21_lockup_expiry,2021-06-14
JBIO,2021-12-27,s21_lockup_expiry,2021-06-30
NRSN,2022-06-08,s21_lockup_expiry,2021-12-10
ANEB,2021-11-06,s21_lockup_expiry,2021-05-10
NNOX,2021-08-11,s21_lockup_expiry,2021-02-12
OSCR,2021-08-31,s21_lockup_expiry,2021-03-04
LVLU,2022-05-11,s21_lockup_expiry,2021-11-12
CERT,2021-09-21,s21_lockup_expiry,2021-03-25
INKT,2022-04-13,s21_lockup_expiry,2021-10-15
FLNC,2022-04-27,s21_lockup_expiry,2021-10-29
FTCI,2021-10-26,s21_lockup_expiry,2021-04-29
HCWB,2022-01-17,s21_lockup_expiry,2021-07-21
GFAI,2022-03-29,s21_lockup_expiry,2021-09-30
RLYB,2022-01-26,s21_lockup_expiry,2021-07-30
AMWL,2021-07-14,s21_lockup_expiry,2021-01-15
TIRXF,2021-07-26,s21_lockup_expiry,2021-01-27
AUUD,2021-08-18,s21_lockup_expiry,2021-02-19
ELTX,2021-08-04,s21_lockup_expiry,2021-02-05
NLCP,2022-02-09,s21_lockup_expiry,2021-08-13
AVX,2022-01-05,s21_lockup_expiry,2021-07-09
KTTA,2022-03-15,s21_lockup_expiry,2021-09-16
UNCY,2022-01-10,s21_lockup_expiry,2021-07-14
IREN,2022-05-17,s21_lockup_expiry,2021-11-18
BAOS,2021-08-08,s21_lockup_expiry,2021-02-09
SKYT,2021-10-19,s21_lockup_expiry,2021-04-22
CPOP,2021-12-28,s21_lockup_expiry,2021-07-01
FSBC,2021-11-02,s21_lockup_expiry,2021-05-06
CRCT,2021-09-21,s21_lockup_expiry,2021-03-25
FNUC,2022-05-21,s21_lockup_expiry,2021-11-22
RYM,2021-07-28,s21_lockup_expiry,2021-01-29
CGEM,2021-07-10,s21_lockup_expiry,2021-01-11
TOST,2022-03-21,s21_lockup_expiry,2021-09-22
BIRD,2022-05-03,s21_lockup_expiry,2021-11-04
BRZE,2022-05-17,s21_lockup_expiry,2021-11-18
HEPS,2021-12-28,s21_lockup_expiry,2021-07-01
PCOR,2021-11-17,s21_lockup_expiry,2021-05-21
ARHS,2022-05-04,s21_lockup_expiry,2021-11-05
TMCI,2021-10-23,s21_lockup_expiry,2021-04-26
SNTG,2022-01-08,s21_lockup_expiry,2021-07-12
XMTR,2021-12-28,s21_lockup_expiry,2021-07-01
RYAN,2022-01-19,s21_lockup_expiry,2021-07-23
EEIQ,2021-09-25,s21_lockup_expiry,2021-03-29
RENT,2022-04-25,s21_lockup_expiry,2021-10-27
SRAD,2022-03-14,s21_lockup_expiry,2021-09-15
SG,2022-05-18,s21_lockup_expiry,2021-11-19
MNDY,2021-12-08,s21_lockup_expiry,2021-06-11
CADL,2022-01-24,s21_lockup_expiry,2021-07-28
BTMD,2021-08-30,s21_lockup_expiry,2021-03-03
ALZN,2021-12-12,s21_lockup_expiry,2021-06-15
FTH,2021-08-03,s21_lockup_expiry,2021-02-04
KRT,2021-10-13,s21_lockup_expiry,2021-04-16
OM,2021-10-09,s21_lockup_expiry,2021-04-12
FEMY,2021-12-18,s21_lockup_expiry,2021-06-21
PRVA,2021-10-27,s21_lockup_expiry,2021-04-30
LYEL,2021-12-18,s21_lockup_expiry,2021-06-21
TDUP,2021-09-22,s21_lockup_expiry,2021-03-26
BROS,2022-03-15,s21_lockup_expiry,2021-09-16
SWAG,2022-05-09,s21_lockup_expiry,2021-11-10
IOBTQ,2022-05-07,s21_lockup_expiry,2021-11-08
TYGO,2022-02-02,s21_lockup_expiry,2021-08-06
CTKB,2022-01-19,s21_lockup_expiry,2021-07-23
ZENVF,2022-01-19,s21_lockup_expiry,2021-07-23
RBLX,2021-09-06,s21_lockup_expiry,2021-03-10
SONX,2022-04-30,s21_lockup_expiry,2021-11-01
BZ,2021-12-11,s21_lockup_expiry,2021-06-14
ZIP,2021-11-22,s21_lockup_expiry,2021-05-26
PYXS,2022-04-06,s21_lockup_expiry,2021-10-08
DOCN,2021-09-20,s21_lockup_expiry,2021-03-24
IOT,2022-06-13,s21_lockup_expiry,2021-12-15
PRCT,2022-03-15,s21_lockup_expiry,2021-09-16
VERA,2021-11-13,s21_lockup_expiry,2021-05-17
GLUE,2021-12-22,s21_lockup_expiry,2021-06-25
TCBX,2022-05-08,s21_lockup_expiry,2021-11-09
BMBL,2021-08-11,s21_lockup_expiry,2021-02-12
BLND,2022-01-12,s21_lockup_expiry,2021-07-16
FA,2021-12-21,s21_lockup_expiry,2021-06-24
IMRX,2022-01-26,s21_lockup_expiry,2021-07-30
ZH,2021-09-22,s21_lockup_expiry,2021-03-26
BMEA,2021-10-16,s21_lockup_expiry,2021-04-19
SLND,2022-05-22,s21_lockup_expiry,2021-11-23
GLBE,2021-11-09,s21_lockup_expiry,2021-05-13
AKA,2022-03-22,s21_lockup_expiry,2021-09-23
ACVA,2021-09-20,s21_lockup_expiry,2021-03-24
EJH,2021-11-13,s21_lockup_expiry,2021-05-17
VOR,2021-08-07,s21_lockup_expiry,2021-02-08
LAW,2022-01-18,s21_lockup_expiry,2021-07-22
BRNS,2021-10-27,s21_lockup_expiry,2021-04-30
EMPD,2022-04-06,s21_lockup_expiry,2021-10-08
DOCS,2021-12-22,s21_lockup_expiry,2021-06-25
AVAH,2021-10-27,s21_lockup_expiry,2021-04-30
XLO,2022-04-20,s21_lockup_expiry,2021-10-22
APP,2021-10-12,s21_lockup_expiry,2021-04-15
GTLB,2022-04-12,s21_lockup_expiry,2021-10-14
DSP,2021-08-10,s21_lockup_expiry,2021-02-11
JZXN,2021-11-15,s21_lockup_expiry,2021-05-19
VRRM,2022-06-07,s21_lockup_expiry,2021-12-09
YOU,2021-12-28,s21_lockup_expiry,2021-07-01
BVS,2021-08-11,s21_lockup_expiry,2021-02-12
EZGO,2021-11-28,s21_lockup_expiry,2021-06-01
RANI,2022-01-29,s21_lockup_expiry,2021-08-02
NXGL,2022-06-25,s21_lockup_expiry,2021-12-27
REFI,2022-06-07,s21_lockup_expiry,2021-12-09
CNM,2022-01-22,s21_lockup_expiry,2021-07-26
CYN,2022-04-19,s21_lockup_expiry,2021-10-21
EPOW,2021-08-10,s21_lockup_expiry,2021-02-11
AGL,2021-10-13,s21_lockup_expiry,2021-04-16
DSGN,2021-09-22,s21_lockup_expiry,2021-03-26
INSE,2021-11-22,s21_lockup_expiry,2021-05-26
SMRT,2021-08-07,s21_lockup_expiry,2021-02-08
OKUR,2021-10-06,s21_lockup_expiry,2021-04-09
OKLO,2022-01-05,s21_lockup_expiry,2021-07-09
PLBY,2021-12-08,s21_lockup_expiry,2021-06-11
ISPC,2021-12-18,s21_lockup_expiry,2021-06-21
GFS,2022-04-27,s21_lockup_expiry,2021-10-29
KLTR,2022-01-18,s21_lockup_expiry,2021-07-22
XPOF,2022-01-22,s21_lockup_expiry,2021-07-26
CXM,2021-12-21,s21_lockup_expiry,2021-06-24
AAWH,2021-10-26,s21_lockup_expiry,2021-04-29
TKNO,2021-12-22,s21_lockup_expiry,2021-06-25
NEUP,2022-06-15,s21_lockup_expiry,2021-12-17
NUVL,2022-01-26,s21_lockup_expiry,2021-07-30
RXST,2022-01-26,s21_lockup_expiry,2021-07-30
DNA,2021-08-24,s21_lockup_expiry,2021-02-25
GRI,2021-08-10,s21_lockup_expiry,2021-02-11
TCRX,2022-01-15,s21_lockup_expiry,2021-07-19
ALKT,2021-10-12,s21_lockup_expiry,2021-04-15
FLYW,2021-11-22,s21_lockup_expiry,2021-05-26
HOWL,2021-10-27,s21_lockup_expiry,2021-04-30
BEEP,2021-11-22,s21_lockup_expiry,2021-05-26
ALHC,2021-09-25,s21_lockup_expiry,2021-03-29
DRMA,2022-02-12,s21_lockup_expiry,2021-08-16
AIRJ,2022-06-11,s21_lockup_expiry,2021-12-13
AURA,2022-04-30,s21_lockup_expiry,2021-11-01
LDI,2021-08-15,s21_lockup_expiry,2021-02-16
TYRA,2022-03-14,s21_lockup_expiry,2021-09-15
CNTB,2021-09-15,s21_lockup_expiry,2021-03-19
RNAZ,2022-01-05,s21_lockup_expiry,2021-07-09
ULCC,2021-09-29,s21_lockup_expiry,2021-04-02
JANX,2021-12-08,s21_lockup_expiry,2021-06-11
SBDS,2022-04-27,s21_lockup_expiry,2021-10-29
AIRS,2022-04-27,s21_lockup_expiry,2021-10-29
GAMB,2022-01-19,s21_lockup_expiry,2021-07-23
BON,2021-12-22,s21_lockup_expiry,2021-06-25
SLDP,2021-09-21,s21_lockup_expiry,2021-03-25
FRSH,2022-03-21,s21_lockup_expiry,2021-09-22
DRVN,2021-07-18,s21_lockup_expiry,2021-01-19
IMA,2021-09-22,s21_lockup_expiry,2021-03-26
MNTK,2021-07-24,s21_lockup_expiry,2021-01-25
BVC,2021-09-25,s21_lockup_expiry,2021-03-29
YMM,2021-12-20,s21_lockup_expiry,2021-06-23
NYXH,2022-01-02,s21_lockup_expiry,2021-07-06
RPID,2022-01-12,s21_lockup_expiry,2021-07-16
MRAI,2022-04-26,s21_lockup_expiry,2021-10-28
BNKK,2022-01-22,s21_lockup_expiry,2021-07-26
DJT,2022-03-07,s21_lockup_expiry,2021-09-08
SOPH,2022-01-19,s21_lockup_expiry,2021-07-23
XPEV,2021-12-27,s21_lockup_expiry,2021-06-30
DNUT,2021-12-29,s21_lockup_expiry,2021-07-02
DFH,2021-07-21,s21_lockup_expiry,2021-01-22
RXRX,2021-10-13,s21_lockup_expiry,2021-04-16
LGVN,2021-08-11,s21_lockup_expiry,2021-02-12
EXFY,2022-05-11,s21_lockup_expiry,2021-11-12
NCEL,2021-07-31,s21_lockup_expiry,2021-02-01
WRBY,2022-03-28,s21_lockup_expiry,2021-09-29
PROK,2021-12-28,s21_lockup_expiry,2021-07-01
AMPL,2022-03-27,s21_lockup_expiry,2021-09-28
EWTX,2021-09-22,s21_lockup_expiry,2021-03-26
IMCR,2021-08-07,s21_lockup_expiry,2021-02-08
TIL,2021-09-18,s21_lockup_expiry,2021-03-22
DDI,2022-02-28,s21_lockup_expiry,2021-09-01
ATLN,2022-02-26,s21_lockup_expiry,2021-08-30
LENZ,2021-12-25,s21_lockup_expiry,2021-06-28
DFLI,2022-02-08,s21_lockup_expiry,2021-08-12
SWIM,2021-10-23,s21_lockup_expiry,2021-04-26
VTEX,2022-01-18,s21_lockup_expiry,2021-07-22
RNXT,2022-02-23,s21_lockup_expiry,2021-08-27
IFBD,2021-10-17,s21_lockup_expiry,2021-04-20
RSKD,2022-01-26,s21_lockup_expiry,2021-07-30
ERAS,2022-01-12,s21_lockup_expiry,2021-07-16
ONMD,2021-11-06,s21_lockup_expiry,2021-05-10
ZVSA,2022-06-20,s21_lockup_expiry,2021-12-22
MYSE,2022-02-12,s21_lockup_expiry,2021-08-16
HUDI,2021-07-21,s21_lockup_expiry,2021-01-22
SOPAQ,2022-05-09,s21_lockup_expiry,2021-11-10
CGTX,2022-04-10,s21_lockup_expiry,2021-10-12
JWEL,2021-09-14,s21_lockup_expiry,2021-03-18
ABOS,2021-12-29,s21_lockup_expiry,2021-07-02
INAB,2022-01-26,s21_lockup_expiry,2021-07-30
ARBK,2022-03-22,s21_lockup_expiry,2021-09-23
COUR,2021-09-27,s21_lockup_expiry,2021-03-31
STKH,2021-09-11,s21_lockup_expiry,2021-03-15
SGHT,2022-01-11,s21_lockup_expiry,2021-07-15
ZSTK,2021-11-08,s21_lockup_expiry,2021-05-12
DH,2022-03-15,s21_lockup_expiry,2021-09-16
DUOL,2022-01-24,s21_lockup_expiry,2021-07-28
CNTA,2021-11-28,s21_lockup_expiry,2021-06-01
WTO,2021-10-04,s21_lockup_expiry,2021-04-07
LMFA,2022-04-16,s21_lockup_expiry,2021-10-18
BBAI,2021-08-09,s21_lockup_expiry,2021-02-10
WDH,2021-11-03,s21_lockup_expiry,2021-05-07
AMOD,2022-03-01,s21_lockup_expiry,2021-09-02
SIDU,2022-06-12,s21_lockup_expiry,2021-12-14
RLX,2021-07-21,s21_lockup_expiry,2021-01-22
LOCL,2021-08-29,s21_lockup_expiry,2021-03-02
MCAG,2022-05-14,s21_lockup_expiry,2021-11-15
NEXN,2021-12-18,s21_lockup_expiry,2021-06-21
DIBS,2021-12-07,s21_lockup_expiry,2021-06-10
AEAE,2022-04-30,s21_lockup_expiry,2021-11-01
SERA,2022-01-12,s21_lockup_expiry,2021-07-16
FINW,2022-05-18,s21_lockup_expiry,2021-11-19
INNV,2021-09-01,s21_lockup_expiry,2021-03-05
SSM,2022-05-17,s21_lockup_expiry,2021-11-18
ONON,2022-03-15,s21_lockup_expiry,2021-09-16
PHVS,2021-08-07,s21_lockup_expiry,2021-02-08
COIN,2021-10-11,s21_lockup_expiry,2021-04-14
SOC,2021-08-25,s21_lockup_expiry,2021-02-26
WINV,2022-03-15,s21_lockup_expiry,2021-09-16
TUYA,2021-09-15,s21_lockup_expiry,2021-03-19
XAGE,2022-01-23,s21_lockup_expiry,2021-07-27
TNON,2022-10-24,s21_lockup_expiry,2022-04-27
LIPO,2023-06-19,s21_lockup_expiry,2022-12-21
TGL,2023-02-08,s21_lockup_expiry,2022-08-12
AFRI,2023-03-15,s21_lockup_expiry,2022-09-16
NA,2023-03-28,s21_lockup_expiry,2022-09-29
SHFS,2023-06-07,s21_lockup_expiry,2022-12-09
MBLY,2023-04-25,s21_lockup_expiry,2022-10-27
CRDO,2022-07-26,s21_lockup_expiry,2022-01-27
ONFO,2023-02-25,s21_lockup_expiry,2022-08-29
NVCT,2022-08-06,s21_lockup_expiry,2022-02-07
AKAN,2022-09-12,s21_lockup_expiry,2022-03-16
CNTN,2022-07-12,s21_lockup_expiry,2022-01-13
WLDS,2023-03-14,s21_lockup_expiry,2022-09-15
PEPG,2022-11-05,s21_lockup_expiry,2022-05-09
XPON,2022-10-01,s21_lockup_expiry,2022-04-04
GSUN,2022-12-20,s21_lockup_expiry,2022-06-23
ASPI,2023-05-13,s21_lockup_expiry,2022-11-14
NXL,2023-03-18,s21_lockup_expiry,2022-09-19
INDO,2022-11-29,s21_lockup_expiry,2022-06-02
ASNS,2022-11-12,s21_lockup_expiry,2022-05-16
SKYA,2022-10-12,s21_lockup_expiry,2022-04-15
LCFY,2022-09-25,s21_lockup_expiry,2022-03-29
PEVM,2022-12-06,s21_lockup_expiry,2022-06-09
MAIA,2023-01-25,s21_lockup_expiry,2022-07-29
FGI,2022-07-25,s21_lockup_expiry,2022-01-26
MEGL,2023-02-01,s21_lockup_expiry,2022-08-05
MTEK,2022-08-02,s21_lockup_expiry,2022-02-03
ONCO,2023-03-19,s21_lockup_expiry,2022-09-20
RVSN,2022-09-28,s21_lockup_expiry,2022-04-01
DRCT,2022-08-13,s21_lockup_expiry,2022-02-14
TKLF,2022-07-10,s21_lockup_expiry,2022-01-11
VSTD,2023-03-11,s21_lockup_expiry,2022-09-12
SKYX,2022-08-09,s21_lockup_expiry,2022-02-10
EE,2022-10-11,s21_lockup_expiry,2022-04-14
OST,2022-10-26,s21_lockup_expiry,2022-04-29
TOP,2022-11-28,s21_lockup_expiry,2022-06-01
GCT,2023-02-15,s21_lockup_expiry,2022-08-19
ANTX,2022-09-24,s21_lockup_expiry,2022-03-28
MOB,2023-02-22,s21_lockup_expiry,2022-08-26
AUST,2022-11-01,s21_lockup_expiry,2022-05-05
AMLX,2022-07-09,s21_lockup_expiry,2022-01-10
ATAT,2023-05-13,s21_lockup_expiry,2022-11-14
IE,2022-12-26,s21_lockup_expiry,2022-06-29
ACON,2022-10-22,s21_lockup_expiry,2022-04-25
JCSE,2022-10-18,s21_lockup_expiry,2022-04-21
EDBL,2022-11-02,s21_lockup_expiry,2022-05-06
ACRV,2023-05-15,s21_lockup_expiry,2022-11-16
LASE,2023-04-01,s21_lockup_expiry,2022-10-03
SHPH,2023-02-27,s21_lockup_expiry,2022-08-31
EVAX,2023-02-26,s21_lockup_expiry,2022-08-30
TETEF,2022-07-18,s21_lockup_expiry,2022-01-19
AMCI,2023-06-18,s21_lockup_expiry,2022-12-20
PRME,2023-04-19,s21_lockup_expiry,2022-10-21
AMPX,2022-08-29,s21_lockup_expiry,2022-03-02
HOUR,2022-07-06,s21_lockup_expiry,2022-01-07
MHUAF,2022-08-16,s21_lockup_expiry,2022-02-17
CNTM,2022-11-08,s21_lockup_expiry,2022-05-12
RAYA,2023-06-13,s21_lockup_expiry,2022-12-15
LYTHF,2022-12-13,s21_lockup_expiry,2022-06-16
COYA,2023-06-28,s21_lockup_expiry,2022-12-30
SVRE,2022-12-03,s21_lockup_expiry,2022-06-06
TPG,2022-07-13,s21_lockup_expiry,2022-01-14
CTOR,2023-04-12,s21_lockup_expiry,2022-10-14
EONR,2022-08-13,s21_lockup_expiry,2022-02-14
SNAL,2023-05-09,s21_lockup_expiry,2022-11-10
BTMCQ,2022-08-27,s21_lockup_expiry,2022-02-28
HWH,2022-08-01,s21_lockup_expiry,2022-02-02
MVST,2022-12-06,s21_lockup_expiry,2022-06-09
CING,2022-10-17,s21_lockup_expiry,2022-04-20
GNS,2022-10-09,s21_lockup_expiry,2022-04-12
BLTE,2022-10-26,s21_lockup_expiry,2022-04-29
VMCAF,2022-08-29,s21_lockup_expiry,2022-03-02
JZ,2023-02-22,s21_lockup_expiry,2022-08-26
ACDC,2022-11-12,s21_lockup_expiry,2022-05-16
GDST,2022-09-14,s21_lockup_expiry,2022-03-18
STI,2022-09-10,s21_lockup_expiry,2022-03-14
HSCS,2022-12-14,s21_lockup_expiry,2022-06-17
GV,2022-11-14,s21_lockup_expiry,2022-05-18
LUCY,2023-02-12,s21_lockup_expiry,2022-08-16
AIEV,2022-12-14,s21_lockup_expiry,2022-06-17
SOBR,2022-11-13,s21_lockup_expiry,2022-05-17
MSSAF,2022-10-01,s21_lockup_expiry,2022-04-04
RENEF,2022-11-05,s21_lockup_expiry,2022-05-09
OKYO,2022-11-14,s21_lockup_expiry,2022-05-18
CLRCF,2022-10-26,s21_lockup_expiry,2022-04-29
ZPTA,2022-07-13,s21_lockup_expiry,2022-01-14
ASCBF,2022-10-30,s21_lockup_expiry,2022-05-03
ILAG,2023-01-10,s21_lockup_expiry,2022-07-14
CMND,2023-05-15,s21_lockup_expiry,2022-11-16
HTCR,2022-08-09,s21_lockup_expiry,2022-02-10
SBC,2023-02-04,s21_lockup_expiry,2022-08-08
HNVR,2022-11-07,s21_lockup_expiry,2022-05-11
ACQC,2022-08-13,s21_lockup_expiry,2022-02-14
BYNO,2022-08-09,s21_lockup_expiry,2022-02-10
VRAX,2023-01-17,s21_lockup_expiry,2022-07-21
PWP,2022-07-19,s21_lockup_expiry,2022-01-20
CHAI,2022-07-09,s21_lockup_expiry,2022-01-10
HKD,2023-01-11,s21_lockup_expiry,2022-07-15
ATXG,2023-02-28,s21_lockup_expiry,2022-09-01
CYCU,2022-07-11,s21_lockup_expiry,2022-01-12
NEXR,2023-02-26,s21_lockup_expiry,2022-08-30
ASBP,2022-08-21,s21_lockup_expiry,2022-02-22
HSPOF,2023-06-20,s21_lockup_expiry,2022-12-22
ABPO,2022-07-17,s21_lockup_expiry,2022-01-18
CRBG,2023-03-15,s21_lockup_expiry,2022-09-16
BLCO,2022-11-02,s21_lockup_expiry,2022-05-06
AIMD,2023-02-06,s21_lockup_expiry,2022-08-10
ABTC,2022-12-28,s21_lockup_expiry,2022-07-01
APLD,2022-10-10,s21_lockup_expiry,2022-04-13
EMCGF,2023-02-07,s21_lockup_expiry,2022-08-11
ADTX,2023-03-19,s21_lockup_expiry,2022-09-20
MODD,2022-08-10,s21_lockup_expiry,2022-02-11
DWTX,2023-03-20,s21_lockup_expiry,2022-09-21
GRFXY,2023-02-13,s21_lockup_expiry,2022-08-17
NTRB,2023-01-04,s21_lockup_expiry,2022-07-08
BIAF,2023-03-01,s21_lockup_expiry,2022-09-02
VIVK,2022-08-14,s21_lockup_expiry,2022-02-15
NEOV,2023-01-25,s21_lockup_expiry,2022-07-29
NCRA,2023-02-07,s21_lockup_expiry,2022-08-11
SBFM,2022-08-16,s21_lockup_expiry,2022-02-17
NCPL,2023-01-10,s21_lockup_expiry,2022-07-14
EZRA,2023-01-08,s21_lockup_expiry,2022-07-12
SILO,2023-03-27,s21_lockup_expiry,2022-09-28
DFSC,2023-06-06,s21_lockup_expiry,2022-12-08
SVRN,2022-07-23,s21_lockup_expiry,2022-01-24
ENSC,2023-06-07,s21_lockup_expiry,2022-12-09
RYZ,2022-11-08,s21_lockup_expiry,2022-05-12
AFCG,2022-07-06,s21_lockup_expiry,2022-01-07
MDV,2022-08-10,s21_lockup_expiry,2022-02-11
CCSI,2023-03-15,s21_lockup_expiry,2022-09-16
DTIL,2022-12-19,s21_lockup_expiry,2022-06-22
XRTX,2023-04-03,s21_lockup_expiry,2022-10-05
VS,2022-08-23,s21_lockup_expiry,2022-02-24
LBRA,2023-01-31,s21_lockup_expiry,2022-08-04
SUIG,2023-02-05,s21_lockup_expiry,2022-08-09
ATXI,2023-04-09,s21_lockup_expiry,2022-10-11
ESAB,2023-05-16,s21_lockup_expiry,2022-11-17
BHVN,2023-04-22,s21_lockup_expiry,2022-10-24
NXTT,2023-01-15,s21_lockup_expiry,2022-07-19
IDXG,2022-07-12,s21_lockup_expiry,2022-01-13
IMPP,2022-09-18,s21_lockup_expiry,2022-03-22
YYAI,2022-12-13,s21_lockup_expiry,2022-06-16
CTM,2023-04-12,s21_lockup_expiry,2022-10-14
CVKD,2023-07-22,s21_lockup_expiry,2023-01-23
SXTP,2024-01-09,s21_lockup_expiry,2023-07-13
TRNR,2023-10-28,s21_lockup_expiry,2023-05-01
MGRX,2023-09-18,s21_lockup_expiry,2023-03-22
MDBH,2024-01-29,s21_lockup_expiry,2023-08-02
MIRA,2024-01-31,s21_lockup_expiry,2023-08-04
VSME,2024-03-30,s21_lockup_expiry,2023-10-02
RR,2024-05-18,s21_lockup_expiry,2023-11-20
PRZO,2024-01-23,s21_lockup_expiry,2023-07-27
ASST,2023-08-05,s21_lockup_expiry,2023-02-06
WLGSF,2023-10-17,s21_lockup_expiry,2023-04-20
YHC,2024-02-06,s21_lockup_expiry,2023-08-10
BOF,2023-12-18,s21_lockup_expiry,2023-06-21
SYRA,2024-03-31,s21_lockup_expiry,2023-10-03
CART,2024-03-18,s21_lockup_expiry,2023-09-20
PDC,2024-01-21,s21_lockup_expiry,2023-07-25
IVPR,2024-02-27,s21_lockup_expiry,2023-08-31
BFRG,2023-08-15,s21_lockup_expiry,2023-02-16
ARM,2024-03-12,s21_lockup_expiry,2023-09-14
USGO,2023-10-17,s21_lockup_expiry,2023-04-20
MWG,2023-10-02,s21_lockup_expiry,2023-04-05
GMEX,2024-02-05,s21_lockup_expiry,2023-08-09
DTCKF,2024-03-18,s21_lockup_expiry,2023-09-20
NWTG,2024-02-12,s21_lockup_expiry,2023-08-16
LVROF,2023-08-02,s21_lockup_expiry,2023-02-03
KVYO,2024-03-18,s21_lockup_expiry,2023-09-20
WBUY,2024-04-16,s21_lockup_expiry,2023-10-19
TRON,2024-02-12,s21_lockup_expiry,2023-08-16
GDHG,2023-10-10,s21_lockup_expiry,2023-04-13
MGIH,2023-10-03,s21_lockup_expiry,2023-04-06
CTNT,2024-01-29,s21_lockup_expiry,2023-08-02
BMR,2023-08-28,s21_lockup_expiry,2023-03-01
GMM,2024-04-08,s21_lockup_expiry,2023-10-11
HKIT,2023-10-01,s21_lockup_expiry,2023-04-04
SLMT,2023-07-29,s21_lockup_expiry,2023-01-30
CAVA,2023-12-13,s21_lockup_expiry,2023-06-16
ZJYL,2023-09-25,s21_lockup_expiry,2023-03-29
GSIW,2024-06-01,s21_lockup_expiry,2023-12-04
MSS,2024-04-02,s21_lockup_expiry,2023-10-05
PAPL,2024-04-30,s21_lockup_expiry,2023-11-02
VCIG,2023-10-11,s21_lockup_expiry,2023-04-14
GENK,2023-12-26,s21_lockup_expiry,2023-06-29
AURE,2024-01-03,s21_lockup_expiry,2023-07-07
ODD,2024-01-16,s21_lockup_expiry,2023-07-20
OMH,2023-09-18,s21_lockup_expiry,2023-03-22
UCAR,2023-10-18,s21_lockup_expiry,2023-04-21
SVV,2023-12-27,s21_lockup_expiry,2023-06-30
SFWL,2023-09-30,s21_lockup_expiry,2023-04-03
MLYS,2023-08-09,s21_lockup_expiry,2023-02-10
INTS,2023-12-27,s21_lockup_expiry,2023-06-30
ATGL,2024-04-29,s21_lockup_expiry,2023-11-01
DDC,2024-05-18,s21_lockup_expiry,2023-11-20
OCS,2023-11-29,s21_lockup_expiry,2023-06-02
LICN,2023-08-06,s21_lockup_expiry,2023-02-07
TURB,2024-03-23,s21_lockup_expiry,2023-09-25
AXG,2024-03-05,s21_lockup_expiry,2023-09-07
CHSN,2023-09-27,s21_lockup_expiry,2023-03-31
UZX,2024-06-17,s21_lockup_expiry,2023-12-20
CWD,2023-11-13,s21_lockup_expiry,2023-05-17
AZTR,2023-12-18,s21_lockup_expiry,2023-06-21
LRE,2024-03-26,s21_lockup_expiry,2023-09-28
GXAI,2023-08-15,s21_lockup_expiry,2023-02-16
NXT,2023-08-09,s21_lockup_expiry,2023-02-10
SBIG,2024-02-07,s21_lockup_expiry,2023-08-11
DFDV,2024-01-22,s21_lockup_expiry,2023-07-26
ELAB,2024-05-20,s21_lockup_expiry,2023-11-22
KGS,2023-12-27,s21_lockup_expiry,2023-06-30
TPET,2023-10-16,s21_lockup_expiry,2023-04-19
BANL,2023-09-19,s21_lockup_expiry,2023-03-23
JYD,2023-10-18,s21_lockup_expiry,2023-04-21
AIRE,2024-04-20,s21_lockup_expiry,2023-10-23
ICG,2023-09-13,s21_lockup_expiry,2023-03-17
ARBB,2023-10-03,s21_lockup_expiry,2023-04-06
SGMT,2024-01-13,s21_lockup_expiry,2023-07-17
ANSC,2024-05-11,s21_lockup_expiry,2023-11-13
APGE,2024-01-13,s21_lockup_expiry,2023-07-17
INHD,2024-06-01,s21_lockup_expiry,2023-12-04
WAI,2023-10-16,s21_lockup_expiry,2023-04-19
NWGL,2024-03-12,s21_lockup_expiry,2023-09-14
GNLX,2023-07-25,s21_lockup_expiry,2023-01-26
AIXI,2023-09-09,s21_lockup_expiry,2023-03-13
HERE,2023-07-24,s21_lockup_expiry,2023-01-25
GPCR,2023-08-05,s21_lockup_expiry,2023-02-06
SHIM,2024-05-13,s21_lockup_expiry,2023-11-15
PMEC,2024-04-08,s21_lockup_expiry,2023-10-11
ISRLF,2023-07-16,s21_lockup_expiry,2023-01-17
GDTC,2023-10-14,s21_lockup_expiry,2023-04-17
ENLT,2023-08-12,s21_lockup_expiry,2023-02-13
LXEO,2024-05-04,s21_lockup_expiry,2023-11-06
ZKH,2024-06-12,s21_lockup_expiry,2023-12-15
ATMU,2023-11-22,s21_lockup_expiry,2023-05-26
NMRA,2024-03-16,s21_lockup_expiry,2023-09-18
SKWD,2023-07-12,s21_lockup_expiry,2023-01-13
UCFI,2024-06-26,s21_lockup_expiry,2023-12-29
KVAC,2024-01-21,s21_lockup_expiry,2023-07-25
BIRK,2024-04-09,s21_lockup_expiry,2023-10-12
IZM,2023-09-12,s21_lockup_expiry,2023-03-16
SRFM,2024-01-22,s21_lockup_expiry,2023-07-26
HSAI,2023-08-08,s21_lockup_expiry,2023-02-09
NCL,2024-04-17,s21_lockup_expiry,2023-10-20
NRXS,2024-02-07,s21_lockup_expiry,2023-08-11
QETA,2024-04-07,s21_lockup_expiry,2023-10-10
KDK,2023-10-21,s21_lockup_expiry,2023-04-24
SPPL,2024-03-11,s21_lockup_expiry,2023-09-13
ALCYF,2023-11-01,s21_lockup_expiry,2023-05-05
GITS,2024-01-29,s21_lockup_expiry,2023-08-02
SPKL,2024-04-03,s21_lockup_expiry,2023-10-06
ANL,2024-03-27,s21_lockup_expiry,2023-09-29
BAYAU,2024-06-16,s21_lockup_expiry,2023-12-19
OSRH,2023-08-12,s21_lockup_expiry,2023-02-13
ATPC,2024-04-09,s21_lockup_expiry,2023-10-12
USAR,2023-11-22,s21_lockup_expiry,2023-05-26
HLP,2023-09-26,s21_lockup_expiry,2023-03-30
AFJK,2024-06-02,s21_lockup_expiry,2023-12-05
HOVR,2023-08-09,s21_lockup_expiry,2023-02-10
SCKT,2023-12-18,s21_lockup_expiry,2023-06-21
PLGO,2023-12-27,s21_lockup_expiry,2023-06-30
KVUE,2023-10-31,s21_lockup_expiry,2023-05-04
GENI,2024-03-12,s21_lockup_expiry,2023-09-14
BGLC,2024-01-17,s21_lockup_expiry,2023-07-21
HG,2024-05-11,s21_lockup_expiry,2023-11-13
AENT,2023-12-27,s21_lockup_expiry,2023-06-30
MNR,2024-04-23,s21_lockup_expiry,2023-10-26
TXO,2023-07-26,s21_lockup_expiry,2023-01-27
HSHP,2023-09-30,s21_lockup_expiry,2023-04-03
ZSQR,2023-12-12,s21_lockup_expiry,2023-06-15
BJDX,2024-06-26,s21_lockup_expiry,2023-12-29
GVH,2024-05-07,s21_lockup_expiry,2023-11-09
FRMM,2024-02-10,s21_lockup_expiry,2023-08-14
FOXO,2023-11-04,s21_lockup_expiry,2023-05-08
SINT,2023-08-08,s21_lockup_expiry,2023-02-09
SDA,2024-04-24,s21_lockup_expiry,2023-10-27
GPOR,2023-12-20,s21_lockup_expiry,2023-06-23
MYO,2023-07-12,s21_lockup_expiry,2023-01-13
IPSI,2023-08-07,s21_lockup_expiry,2023-02-08
ABVX,2024-04-20,s21_lockup_expiry,2023-10-23
HIND,2023-08-07,s21_lockup_expiry,2023-02-08
INBS,2024-03-31,s21_lockup_expiry,2023-10-03
USBC,2024-03-26,s21_lockup_expiry,2023-09-28
MSGE,2024-03-19,s21_lockup_expiry,2023-09-21
MOBQ,2023-08-14,s21_lockup_expiry,2023-02-15
TENX,2023-08-05,s21_lockup_expiry,2023-02-06
CETY,2023-09-20,s21_lockup_expiry,2023-03-24
ABVC,2023-12-09,s21_lockup_expiry,2023-06-12
NAAS,2023-11-26,s21_lockup_expiry,2023-05-30
CGTL,2025-05-25,s21_lockup_expiry,2024-11-26
TELO,2024-08-10,s21_lockup_expiry,2024-02-12
VHAI,2024-08-21,s21_lockup_expiry,2024-02-23
OSTX,2025-01-28,s21_lockup_expiry,2024-08-01
MTEN,2024-10-16,s21_lockup_expiry,2024-04-19
ZSPC,2025-06-04,s21_lockup_expiry,2024-12-06
IBTA,2024-10-15,s21_lockup_expiry,2024-04-18
NNE,2025-01-11,s21_lockup_expiry,2024-07-15
SVCO,2024-11-06,s21_lockup_expiry,2024-05-10
NTCL,2025-06-11,s21_lockup_expiry,2024-12-13
IBG,2025-03-26,s21_lockup_expiry,2024-09-27
FGL,2025-04-20,s21_lockup_expiry,2024-10-22
PMNT,2024-08-07,s21_lockup_expiry,2024-02-09
CCTG,2024-07-17,s21_lockup_expiry,2024-01-19
BTOC,2024-11-11,s21_lockup_expiry,2024-05-15
TWG,2024-10-13,s21_lockup_expiry,2024-04-16
HIT,2025-06-21,s21_lockup_expiry,2024-12-23
BLMZF,2025-01-19,s21_lockup_expiry,2024-07-23
ACTU,2025-02-09,s21_lockup_expiry,2024-08-13
EXOZ,2025-05-11,s21_lockup_expiry,2024-11-12
PTHS,2024-08-18,s21_lockup_expiry,2024-02-20
LOAR,2024-10-23,s21_lockup_expiry,2024-04-26
MFI,2024-10-20,s21_lockup_expiry,2024-04-23
SUPX,2024-10-16,s21_lockup_expiry,2024-04-19
ZONE,2024-10-27,s21_lockup_expiry,2024-04-30
ITOC,2025-03-05,s21_lockup_expiry,2024-09-06
SDHC,2024-07-10,s21_lockup_expiry,2024-01-12
RAY,2024-11-11,s21_lockup_expiry,2024-05-15
JDZG,2024-11-12,s21_lockup_expiry,2024-05-16
SPAI,2025-02-25,s21_lockup_expiry,2024-08-29
WAY,2024-12-04,s21_lockup_expiry,2024-06-07
RBRK,2024-10-23,s21_lockup_expiry,2024-04-26
GLE,2025-03-22,s21_lockup_expiry,2024-09-23
BEAG,2025-04-22,s21_lockup_expiry,2024-10-24
YSXT,2025-06-16,s21_lockup_expiry,2024-12-18
LGCY,2025-03-26,s21_lockup_expiry,2024-09-27
YXT,2025-02-12,s21_lockup_expiry,2024-08-16
ALAB,2024-09-17,s21_lockup_expiry,2024-03-21
WCT,2025-03-31,s21_lockup_expiry,2024-10-02
DTSQ,2025-01-22,s21_lockup_expiry,2024-07-26
ARTV,2025-01-18,s21_lockup_expiry,2024-07-22
TBN,2024-12-24,s21_lockup_expiry,2024-06-27
ORKT,2025-01-21,s21_lockup_expiry,2024-07-25
PLRZ,2025-04-28,s21_lockup_expiry,2024-10-30
GAUZ,2024-12-04,s21_lockup_expiry,2024-06-07
TWFG,2025-01-15,s21_lockup_expiry,2024-07-19
QMMM,2025-01-18,s21_lockup_expiry,2024-07-22
FLYE,2024-12-02,s21_lockup_expiry,2024-06-05
MSW,2025-05-21,s21_lockup_expiry,2024-11-22
NCEW,2025-06-16,s21_lockup_expiry,2024-12-18
FVR,2025-03-31,s21_lockup_expiry,2024-10-02
GLXG,2025-03-11,s21_lockup_expiry,2024-09-12
YIBO,2024-07-24,s21_lockup_expiry,2024-01-26
HAO,2024-07-27,s21_lockup_expiry,2024-01-29
BOW,2025-04-22,s21_lockup_expiry,2024-10-24
TDTH,2025-03-09,s21_lockup_expiry,2024-09-10
PAL,2024-11-06,s21_lockup_expiry,2024-05-10
BTSG,2024-07-24,s21_lockup_expiry,2024-01-26
LNKS,2025-06-03,s21_lockup_expiry,2024-12-05
YAAS,2025-06-21,s21_lockup_expiry,2024-12-23
ICON,2025-01-11,s21_lockup_expiry,2024-07-15
BIOA,2025-03-25,s21_lockup_expiry,2024-09-26
UBXG,2024-09-25,s21_lockup_expiry,2024-03-29
FBLG,2024-07-29,s21_lockup_expiry,2024-01-31
ZJK,2025-03-29,s21_lockup_expiry,2024-09-30
ULS,2024-10-12,s21_lockup_expiry,2024-04-15
HTLM,2025-03-30,s21_lockup_expiry,2024-10-01
WOK,2025-02-22,s21_lockup_expiry,2024-08-26
LSH,2024-12-25,s21_lockup_expiry,2024-06-28
WBTN,2024-12-24,s21_lockup_expiry,2024-06-27
AZI,2025-02-24,s21_lockup_expiry,2024-08-28
NAKA,2024-11-27,s21_lockup_expiry,2024-05-31
ANRO,2024-08-03,s21_lockup_expiry,2024-02-05
TEM,2024-12-14,s21_lockup_expiry,2024-06-17
GRO,2025-05-26,s21_lockup_expiry,2024-11-27
PTLE,2025-04-14,s21_lockup_expiry,2024-10-16
BCAX,2025-03-12,s21_lockup_expiry,2024-09-13
EHGO,2024-12-30,s21_lockup_expiry,2024-07-03
INTJ,2024-09-17,s21_lockup_expiry,2024-03-21
MMA,2024-09-24,s21_lockup_expiry,2024-03-28
JUNS,2025-05-31,s21_lockup_expiry,2024-12-02
WYHG,2025-05-25,s21_lockup_expiry,2024-11-26
LEGT,2024-08-04,s21_lockup_expiry,2024-02-06
HUHU,2025-04-20,s21_lockup_expiry,2024-10-22
GELS,2025-04-20,s21_lockup_expiry,2024-10-22
IPST,2025-05-24,s21_lockup_expiry,2024-11-25
MRX,2024-10-23,s21_lockup_expiry,2024-04-26
CGON,2024-07-23,s21_lockup_expiry,2024-01-25
FLX,2025-04-02,s21_lockup_expiry,2024-10-04
TTAN,2025-06-10,s21_lockup_expiry,2024-12-12
BOLD,2024-09-24,s21_lockup_expiry,2024-03-28
SFHG,2025-04-13,s21_lockup_expiry,2024-10-15
CAMP,2025-04-09,s21_lockup_expiry,2024-10-11
RDDT,2024-09-17,s21_lockup_expiry,2024-03-21
SBXD,2025-02-12,s21_lockup_expiry,2024-08-16
MNDR,2024-10-07,s21_lockup_expiry,2024-04-10
ORIS,2025-04-15,s21_lockup_expiry,2024-10-17
PACS,2024-10-09,s21_lockup_expiry,2024-04-12
ASPC,2025-05-07,s21_lockup_expiry,2024-11-08
RITR,2025-02-19,s21_lockup_expiry,2024-08-23
CDTG,2024-10-15,s21_lockup_expiry,2024-04-18
ZBAO,2024-09-29,s21_lockup_expiry,2024-04-02
XCH,2025-03-09,s21_lockup_expiry,2024-09-10
CBLL,2025-04-09,s21_lockup_expiry,2024-10-11
AVR,2025-06-11,s21_lockup_expiry,2024-12-13
INGM,2025-04-22,s21_lockup_expiry,2024-10-24
RECT,2024-12-18,s21_lockup_expiry,2024-06-21
WRD,2025-04-23,s21_lockup_expiry,2024-10-25
VENU,2025-05-26,s21_lockup_expiry,2024-11-27
RAPP,2024-12-04,s21_lockup_expiry,2024-06-07
BBOT,2024-08-11,s21_lockup_expiry,2024-02-13
SYNX,2024-07-14,s21_lockup_expiry,2024-01-16
HDRN,2025-02-25,s21_lockup_expiry,2024-08-29
AS,2024-07-31,s21_lockup_expiry,2024-02-02
RYDE,2024-09-03,s21_lockup_expiry,2024-03-07
GPGI,2024-11-04,s21_lockup_expiry,2024-05-08
GRAF,2024-12-24,s21_lockup_expiry,2024-06-27
ROLR,2025-04-21,s21_lockup_expiry,2024-10-23
GUTS,2024-07-31,s21_lockup_expiry,2024-02-02
CCIX,2024-10-30,s21_lockup_expiry,2024-05-03
NCI,2024-10-21,s21_lockup_expiry,2024-04-24
STFS,2025-04-13,s21_lockup_expiry,2024-10-15
LOBO,2024-09-18,s21_lockup_expiry,2024-03-22
BRIA,2025-05-26,s21_lockup_expiry,2024-11-27
BYAH,2025-06-25,s21_lockup_expiry,2024-12-27
LGCL,2024-09-02,s21_lockup_expiry,2024-03-06
EURK,2024-12-29,s21_lockup_expiry,2024-07-02
ZBIO,2025-03-12,s21_lockup_expiry,2024-09-13
KAPA,2025-03-16,s21_lockup_expiry,2024-09-17
SPHL,2025-04-15,s21_lockup_expiry,2024-10-17
SMXT,2024-08-26,s21_lockup_expiry,2024-02-28
TRSG,2024-10-15,s21_lockup_expiry,2024-04-18
KYTX,2024-08-06,s21_lockup_expiry,2024-02-08
NVVE,2024-07-31,s21_lockup_expiry,2024-02-02
FVN,2025-03-11,s21_lockup_expiry,2024-09-12
ZENA,2025-03-29,s21_lockup_expiry,2024-09-30
JACS,2025-06-09,s21_lockup_expiry,2024-12-11
SEPN,2025-04-23,s21_lockup_expiry,2024-10-25
GPAT,2024-11-05,s21_lockup_expiry,2024-05-09
AVBP,2024-07-24,s21_lockup_expiry,2024-01-26
TAVI,2025-06-02,s21_lockup_expiry,2024-12-04
SARO,2025-03-31,s21_lockup_expiry,2024-10-02
ALMS,2024-12-25,s21_lockup_expiry,2024-06-28
SUGP,2024-07-21,s21_lockup_expiry,2024-01-23
VIK,2024-10-29,s21_lockup_expiry,2024-05-02
MAMO,2024-09-30,s21_lockup_expiry,2024-04-03
LPBB,2025-04-06,s21_lockup_expiry,2024-10-08
ARDT,2025-01-14,s21_lockup_expiry,2024-07-18
CTRI,2024-10-15,s21_lockup_expiry,2024-04-18
UPB,2025-04-09,s21_lockup_expiry,2024-10-11
PONY,2025-05-26,s21_lockup_expiry,2024-11-27
YYGH,2024-10-16,s21_lockup_expiry,2024-04-19
NAMI,2025-06-04,s21_lockup_expiry,2024-12-06
IBAC,2024-09-23,s21_lockup_expiry,2024-03-27
CON,2025-01-22,s21_lockup_expiry,2024-07-26
CTNM,2024-10-05,s21_lockup_expiry,2024-04-08
JL,2024-07-21,s21_lockup_expiry,2024-01-23
RFAI,2024-11-13,s21_lockup_expiry,2024-05-17
IBO,2025-03-16,s21_lockup_expiry,2024-09-17
OACC,2025-04-22,s21_lockup_expiry,2024-10-24
KLC,2025-04-07,s21_lockup_expiry,2024-10-09
NVA,2025-01-20,s21_lockup_expiry,2024-07-24
POLE,2025-03-04,s21_lockup_expiry,2024-09-05
MGX,2024-08-10,s21_lockup_expiry,2024-02-12
TDAC,2025-06-21,s21_lockup_expiry,2024-12-23
SIMA,2025-01-06,s21_lockup_expiry,2024-07-10
BKHA,2024-09-18,s21_lockup_expiry,2024-03-22
GRDN,2025-03-25,s21_lockup_expiry,2024-09-26
CHAR,2025-04-22,s21_lockup_expiry,2024-10-24
LINE,2025-01-22,s21_lockup_expiry,2024-07-26
INEO,2025-04-20,s21_lockup_expiry,2024-10-22
LNZA,2025-05-04,s21_lockup_expiry,2024-11-05
YHNA,2025-03-17,s21_lockup_expiry,2024-09-18
CAPN,2025-03-19,s21_lockup_expiry,2024-09-20
PGAC,2025-06-03,s21_lockup_expiry,2024-12-05
HSPT,2025-05-14,s21_lockup_expiry,2024-11-15
PCSC,2024-12-09,s21_lockup_expiry,2024-06-12
IMSR,2025-02-12,s21_lockup_expiry,2024-08-16
CBNA,2025-04-05,s21_lockup_expiry,2024-10-07
NIPG,2025-01-22,s21_lockup_expiry,2024-07-26
FACT,2025-05-25,s21_lockup_expiry,2024-11-26
LBGJ,2025-04-20,s21_lockup_expiry,2024-10-22
BKV,2025-03-26,s21_lockup_expiry,2024-09-27
CUB,2024-12-15,s21_lockup_expiry,2024-06-18
CLDI,2024-10-14,s21_lockup_expiry,2024-04-17
ISPR,2024-09-22,s21_lockup_expiry,2024-03-26
FSHP,2024-12-17,s21_lockup_expiry,2024-06-20
ALF,2024-12-08,s21_lockup_expiry,2024-06-11
RZLV,2025-06-18,s21_lockup_expiry,2024-12-20
LB,2024-12-25,s21_lockup_expiry,2024-06-28
WNW,2025-05-31,s21_lockup_expiry,2024-12-02
SEI,2025-05-24,s21_lockup_expiry,2024-11-25
MLAC,2025-06-11,s21_lockup_expiry,2024-12-13
PMAX,2025-03-05,s21_lockup_expiry,2024-09-06
MBAV,2025-01-29,s21_lockup_expiry,2024-08-02
DRDB,2025-06-11,s21_lockup_expiry,2024-12-13
DYNC,2025-05-20,s21_lockup_expiry,2024-11-21
HDL,2024-11-13,s21_lockup_expiry,2024-05-17
LUNR,2025-06-01,s21_lockup_expiry,2024-12-03
MAX,2024-11-05,s21_lockup_expiry,2024-05-09
RDAC,2025-04-09,s21_lockup_expiry,2024-10-11
MRLN,2025-04-30,s21_lockup_expiry,2024-11-01
ORA,2025-06-10,s21_lockup_expiry,2024-12-12
ADUR,2025-05-07,s21_lockup_expiry,2024-11-08
LPAA,2025-01-08,s21_lockup_expiry,2024-07-12
ALDF,2025-04-21,s21_lockup_expiry,2024-10-23
AMIX,2025-05-24,s21_lockup_expiry,2024-11-25
MDCX,2025-05-14,s21_lockup_expiry,2024-11-15
REBN,2025-04-02,s21_lockup_expiry,2024-10-04
LSE,2025-06-18,s21_lockup_expiry,2024-12-20
MACI,2024-12-15,s21_lockup_expiry,2024-06-18
PMTS,2025-03-30,s21_lockup_expiry,2024-10-01
LQDA,2025-03-10,s21_lockup_expiry,2024-09-11
KSPI,2024-07-17,s21_lockup_expiry,2024-01-19
AHR,2024-08-06,s21_lockup_expiry,2024-02-08
NMHI,2025-05-11,s21_lockup_expiry,2024-11-12
VACH,2025-02-08,s21_lockup_expiry,2024-08-12
AUB,2025-04-20,s21_lockup_expiry,2024-10-22
ACOG,2025-05-12,s21_lockup_expiry,2024-11-13
TRAW,2025-06-29,s21_lockup_expiry,2024-12-31
ZDAI,2025-01-18,s21_lockup_expiry,2024-07-22
BNZI,2024-11-20,s21_lockup_expiry,2024-05-24
MNTS,2025-06-16,s21_lockup_expiry,2024-12-18
DTCX,2025-04-27,s21_lockup_expiry,2024-10-29
SNYR,2025-04-21,s21_lockup_expiry,2024-10-23
ALUR,2024-12-25,s21_lockup_expiry,2024-06-28
CBDW,2024-12-08,s21_lockup_expiry,2024-06-11
SOS,2024-09-11,s21_lockup_expiry,2024-03-15
WETH,2024-08-20,s21_lockup_expiry,2024-02-22
AISP,2025-03-02,s21_lockup_expiry,2024-09-03
ONB,2025-05-25,s21_lockup_expiry,2024-11-26
FMTOF,2024-09-10,s21_lockup_expiry,2024-03-14
SOWG,2024-10-30,s21_lockup_expiry,2024-05-03
OZSC,2024-09-23,s21_lockup_expiry,2024-03-27
SERV,2024-10-16,s21_lockup_expiry,2024-04-19
QNRX,2024-09-02,s21_lockup_expiry,2024-03-06
BNRG,2024-07-22,s21_lockup_expiry,2024-01-24
BMGL,2025-08-24,s21_lockup_expiry,2025-02-25
BDCI,2026-03-29,s21_lockup_expiry,2025-09-30
PMI,2026-03-01,s21_lockup_expiry,2025-09-02
CJMB,2025-08-05,s21_lockup_expiry,2025-02-06
PARK,2026-06-01,s21_lockup_expiry,2025-12-03
RPGL,2026-04-12,s21_lockup_expiry,2025-10-14
MNTN,2025-11-18,s21_lockup_expiry,2025-05-22
TBH,2025-09-03,s21_lockup_expiry,2025-03-07
WFF,2025-09-24,s21_lockup_expiry,2025-03-28
ARX,2026-01-21,s21_lockup_expiry,2025-07-25
CCII,2025-12-28,s21_lockup_expiry,2025-07-01
EPWKF,2025-08-06,s21_lockup_expiry,2025-02-07
PTRN,2026-03-18,s21_lockup_expiry,2025-09-19
CEPF,2026-02-17,s21_lockup_expiry,2025-08-21
BRCB,2026-03-14,s21_lockup_expiry,2025-09-15
XHLD,2025-08-13,s21_lockup_expiry,2025-02-14
CEPV,2026-05-03,s21_lockup_expiry,2025-11-04
CAI,2025-12-17,s21_lockup_expiry,2025-06-20
KMTS,2026-06-01,s21_lockup_expiry,2025-12-03
CCHH,2026-04-04,s21_lockup_expiry,2025-10-06
MMTX,2026-04-20,s21_lockup_expiry,2025-10-22
TACO,2025-10-28,s21_lockup_expiry,2025-05-01
MGN,2026-03-25,s21_lockup_expiry,2025-09-26
FIG,2026-01-27,s21_lockup_expiry,2025-07-31
PUSA,2025-08-12,s21_lockup_expiry,2025-02-13
KRMN,2025-08-12,s21_lockup_expiry,2025-02-13
NCT,2025-09-24,s21_lockup_expiry,2025-03-28
CHOW,2026-03-15,s21_lockup_expiry,2025-09-16
CEPT,2025-10-29,s21_lockup_expiry,2025-05-02
CSAI,2025-07-30,s21_lockup_expiry,2025-01-31
NTHI,2025-09-21,s21_lockup_expiry,2025-03-25
CRE,2026-01-19,s21_lockup_expiry,2025-07-23
JCAP,2025-12-24,s21_lockup_expiry,2025-06-27
THH,2026-02-24,s21_lockup_expiry,2025-08-28
CEPO,2025-07-06,s21_lockup_expiry,2025-01-07
GRAN,2025-12-28,s21_lockup_expiry,2025-07-01
LGPS,2025-09-21,s21_lockup_expiry,2025-03-25
PCLA,2025-07-14,s21_lockup_expiry,2025-01-15
CURX,2026-02-22,s21_lockup_expiry,2025-08-26
GEMI,2026-03-14,s21_lockup_expiry,2025-09-15
SCII,2026-06-02,s21_lockup_expiry,2025-12-04
RCT,2025-09-20,s21_lockup_expiry,2025-03-24
LUD,2025-08-26,s21_lockup_expiry,2025-02-27
RYOJ,2026-02-10,s21_lockup_expiry,2025-08-14
CCXI,2026-06-15,s21_lockup_expiry,2025-12-17
STUB,2026-03-16,s21_lockup_expiry,2025-09-17
PLTS,2026-03-21,s21_lockup_expiry,2025-09-22
MEHA,2026-05-05,s21_lockup_expiry,2025-11-06
CDNL,2026-06-08,s21_lockup_expiry,2025-12-10
ASIC,2025-12-08,s21_lockup_expiry,2025-06-11
ANDG,2026-06-15,s21_lockup_expiry,2025-12-17
SVCC,2025-07-29,s21_lockup_expiry,2025-01-30
ADVB,2025-09-02,s21_lockup_expiry,2025-03-06
FLOC,2025-07-15,s21_lockup_expiry,2025-01-16
BPAC,2026-05-11,s21_lockup_expiry,2025-11-12
VOYG,2025-12-09,s21_lockup_expiry,2025-06-12
NWAX,2026-06-02,s21_lockup_expiry,2025-12-04
ELOG,2026-02-24,s21_lockup_expiry,2025-08-28
UFG,2025-07-13,s21_lockup_expiry,2025-01-14
NAVN,2026-04-29,s21_lockup_expiry,2025-10-31
ACCL,2026-04-15,s21_lockup_expiry,2025-10-17
INFQ,2025-11-11,s21_lockup_expiry,2025-05-15
NNNN,2025-08-18,s21_lockup_expiry,2025-02-19
MAGH,2026-02-08,s21_lockup_expiry,2025-08-12
FTRK,2025-11-19,s21_lockup_expiry,2025-05-23
GIW,2026-04-04,s21_lockup_expiry,2025-10-06
INLF,2025-07-01,s21_lockup_expiry,2025-01-02
VNTG,2025-12-10,s21_lockup_expiry,2025-06-13
BUUU,2026-02-10,s21_lockup_expiry,2025-08-14
SI,2026-01-28,s21_lockup_expiry,2025-08-01
WSTN,2026-05-04,s21_lockup_expiry,2025-11-05
EFTY,2026-02-04,s21_lockup_expiry,2025-08-08
RIBB,2025-07-15,s21_lockup_expiry,2025-01-16
SDM,2025-11-01,s21_lockup_expiry,2025-05-05
LFS,2026-04-08,s21_lockup_expiry,2025-10-10
LHAI,2026-01-21,s21_lockup_expiry,2025-07-25
MDLN,2026-06-16,s21_lockup_expiry,2025-12-18
WLTH,2026-06-10,s21_lockup_expiry,2025-12-12
TJGC,2025-07-21,s21_lockup_expiry,2025-01-22
FRMI,2026-03-30,s21_lockup_expiry,2025-10-01
MIMI,2025-07-09,s21_lockup_expiry,2025-01-10
CV,2025-12-30,s21_lockup_expiry,2025-07-03
AGCC,2026-04-20,s21_lockup_expiry,2025-10-22
OMSE,2025-11-10,s21_lockup_expiry,2025-05-14
IOTR,2025-10-07,s21_lockup_expiry,2025-04-10
GTEN,2025-11-01,s21_lockup_expiry,2025-05-05
WTF,2025-09-29,s21_lockup_expiry,2025-04-02
NP,2026-03-30,s21_lockup_expiry,2025-10-01
WSHP,2026-05-18,s21_lockup_expiry,2025-11-19
SEV,2026-04-12,s21_lockup_expiry,2025-10-14
BCAR,2026-01-28,s21_lockup_expiry,2025-08-01
STAK,2025-08-25,s21_lockup_expiry,2025-02-26
YOOV,2025-10-18,s21_lockup_expiry,2025-04-21
HCHL,2025-12-20,s21_lockup_expiry,2025-06-23
ZYBT,2025-07-06,s21_lockup_expiry,2025-01-07
DGNX,2025-07-22,s21_lockup_expiry,2025-01-23
CTW,2026-02-03,s21_lockup_expiry,2025-08-07
ETS,2026-02-18,s21_lockup_expiry,2025-08-22
NTSK,2026-03-17,s21_lockup_expiry,2025-09-18
BSAA,2025-12-10,s21_lockup_expiry,2025-06-13
NXB,2026-05-13,s21_lockup_expiry,2025-11-14
PHOE,2025-10-22,s21_lockup_expiry,2025-04-25
DKI,2026-02-07,s21_lockup_expiry,2025-08-11
SBXE,2026-06-01,s21_lockup_expiry,2025-12-03
ZTG,2026-03-08,s21_lockup_expiry,2025-09-09
MGRT,2026-01-12,s21_lockup_expiry,2025-07-16
SORA,2025-09-29,s21_lockup_expiry,2025-04-02
HVII,2025-07-16,s21_lockup_expiry,2025-01-17
PASW,2026-01-17,s21_lockup_expiry,2025-07-21
TGHL,2026-02-24,s21_lockup_expiry,2025-08-28
VIA,2026-03-14,s21_lockup_expiry,2025-09-15
CRWV,2025-09-27,s21_lockup_expiry,2025-03-31
PFAI,2025-10-18,s21_lockup_expiry,2025-04-21
EMPG,2025-12-29,s21_lockup_expiry,2025-07-02
EDHL,2025-10-14,s21_lockup_expiry,2025-04-17
MH,2026-01-20,s21_lockup_expiry,2025-07-24
SMJF,2026-06-02,s21_lockup_expiry,2025-12-04
PN,2025-08-31,s21_lockup_expiry,2025-03-04
BBNX,2025-07-30,s21_lockup_expiry,2025-01-31
MCTA,2026-04-19,s21_lockup_expiry,2025-10-21
FMFC,2025-12-22,s21_lockup_expiry,2025-06-25
ALH,2026-04-07,s21_lockup_expiry,2025-10-09
LPCV,2026-06-16,s21_lockup_expiry,2025-12-18
TMDE,2025-10-18,s21_lockup_expiry,2025-04-21
HTFL,2026-02-04,s21_lockup_expiry,2025-08-08
YMAT,2026-01-27,s21_lockup_expiry,2025-07-31
KNRX,2026-03-29,s21_lockup_expiry,2025-09-30
CARL,2026-01-20,s21_lockup_expiry,2025-07-24
LBRX,2026-03-11,s21_lockup_expiry,2025-09-12
NOMA,2026-04-29,s21_lockup_expiry,2025-10-31
ARAI,2025-11-11,s21_lockup_expiry,2025-05-15
EPSM,2025-09-22,s21_lockup_expiry,2025-03-26
WXM,2025-09-28,s21_lockup_expiry,2025-04-01
LMRI,2026-06-10,s21_lockup_expiry,2025-12-12
BACC,2025-12-10,s21_lockup_expiry,2025-06-13
MAMK,2026-01-04,s21_lockup_expiry,2025-07-08
OWLS,2026-04-14,s21_lockup_expiry,2025-10-16
ONEG,2025-07-01,s21_lockup_expiry,2025-01-02
AEXA,2026-03-28,s21_lockup_expiry,2025-09-29
CHA,2025-10-15,s21_lockup_expiry,2025-04-18
TVA,2025-10-20,s21_lockup_expiry,2025-04-23
PTNM,2025-11-26,s21_lockup_expiry,2025-05-30
FCHL,2026-03-03,s21_lockup_expiry,2025-09-04
POAS,2026-05-12,s21_lockup_expiry,2025-11-13
AII,2025-11-04,s21_lockup_expiry,2025-05-08
HKPD,2025-07-14,s21_lockup_expiry,2025-01-15
JLHL,2025-12-23,s21_lockup_expiry,2025-06-26
PLUT,2025-08-05,s21_lockup_expiry,2025-02-06
OFAL,2025-11-17,s21_lockup_expiry,2025-05-21
GLOO,2026-05-18,s21_lockup_expiry,2025-11-19
MKDW,2025-09-09,s21_lockup_expiry,2025-03-13
DXST,2026-05-11,s21_lockup_expiry,2025-11-12
MENS,2025-12-15,s21_lockup_expiry,2025-06-18
AIRO,2025-12-13,s21_lockup_expiry,2025-06-16
APUS,2025-11-05,s21_lockup_expiry,2025-05-09
WENN,2025-11-12,s21_lockup_expiry,2025-05-16
TOPP,2025-07-21,s21_lockup_expiry,2025-01-22
FOFO,2026-03-11,s21_lockup_expiry,2025-09-12
CRCL,2026-02-11,s21_lockup_expiry,2025-08-15
TTRX,2026-04-06,s21_lockup_expiry,2025-10-08
SLGB,2026-04-13,s21_lockup_expiry,2025-10-15
KAZR,2025-07-23,s21_lockup_expiry,2025-01-24
MIAX,2026-02-10,s21_lockup_expiry,2025-08-14
LHSW,2025-10-01,s21_lockup_expiry,2025-04-04
SAGT,2025-09-03,s21_lockup_expiry,2025-03-07
EGHA,2025-11-05,s21_lockup_expiry,2025-05-09
BGIN,2026-04-20,s21_lockup_expiry,2025-10-22
HNGE,2025-11-19,s21_lockup_expiry,2025-05-23
PMTR,2025-11-10,s21_lockup_expiry,2025-05-14
FLY,2026-02-04,s21_lockup_expiry,2025-08-08
CHYM,2025-12-09,s21_lockup_expiry,2025-06-12
APAC,2026-03-30,s21_lockup_expiry,2025-10-01
CUPR,2025-10-07,s21_lockup_expiry,2025-04-10
MAZE,2025-07-30,s21_lockup_expiry,2025-01-31
AVBH,2026-02-04,s21_lockup_expiry,2025-08-08
WTG,2025-11-25,s21_lockup_expiry,2025-05-29
BLIV,2025-10-04,s21_lockup_expiry,2025-04-07
ATHR,2025-10-08,s21_lockup_expiry,2025-04-11
DLXY,2026-01-05,s21_lockup_expiry,2025-07-09
YB,2025-10-27,s21_lockup_expiry,2025-04-30
SION,2025-08-06,s21_lockup_expiry,2025-02-07
HCAI,2025-08-05,s21_lockup_expiry,2025-02-06
FBGL,2025-08-05,s21_lockup_expiry,2025-02-06
HVMC,2026-02-08,s21_lockup_expiry,2025-08-12
XZO,2026-05-04,s21_lockup_expiry,2025-11-05
EVMN,2026-05-05,s21_lockup_expiry,2025-11-06
CRAQ,2025-11-19,s21_lockup_expiry,2025-05-23
YMT,2026-02-16,s21_lockup_expiry,2025-08-20
INR,2025-08-02,s21_lockup_expiry,2025-02-03
BLLN,2026-05-05,s21_lockup_expiry,2025-11-06
ETOR,2025-11-11,s21_lockup_expiry,2025-05-15
MWYN,2025-09-08,s21_lockup_expiry,2025-03-12
YDDL,2026-04-07,s21_lockup_expiry,2025-10-09
LZMH,2025-08-26,s21_lockup_expiry,2025-02-27
NSRX,2026-02-10,s21_lockup_expiry,2025-08-14
NPB,2025-08-13,s21_lockup_expiry,2025-02-14
SSEA,2026-02-04,s21_lockup_expiry,2025-08-08
VHCP,2026-06-17,s21_lockup_expiry,2025-12-19
ENGS,2025-09-29,s21_lockup_expiry,2025-04-02
TDIC,2026-01-18,s21_lockup_expiry,2025-07-22
ATII,2025-08-10,s21_lockup_expiry,2025-02-11
BIYA,2025-09-20,s21_lockup_expiry,2025-03-24
LGN,2026-03-14,s21_lockup_expiry,2025-09-15
POM,2026-04-07,s21_lockup_expiry,2025-10-09
SAIL,2025-08-13,s21_lockup_expiry,2025-02-14
EGG,2025-12-15,s21_lockup_expiry,2025-06-18
GPAC,2026-06-01,s21_lockup_expiry,2025-12-03
COSO,2025-12-29,s21_lockup_expiry,2025-07-02
AMBQ,2026-01-27,s21_lockup_expiry,2025-07-31
SLDE,2025-12-15,s21_lockup_expiry,2025-06-18
AARD,2025-08-12,s21_lockup_expiry,2025-02-13
APXT,2026-04-26,s21_lockup_expiry,2025-10-28
IPCX,2025-10-22,s21_lockup_expiry,2025-04-25
BIXI,2026-05-31,s21_lockup_expiry,2025-12-02
MASK,2025-07-09,s21_lockup_expiry,2025-01-10
BMHL,2026-01-07,s21_lockup_expiry,2025-07-11
MB,2025-10-07,s21_lockup_expiry,2025-04-10
TLNC,2026-03-08,s21_lockup_expiry,2025-09-09
FIGR,2026-03-10,s21_lockup_expiry,2025-09-11
NPT,2026-04-20,s21_lockup_expiry,2025-10-22
BCSS,2026-03-29,s21_lockup_expiry,2025-09-30
KIDZ,2026-03-29,s21_lockup_expiry,2025-09-30
JENA,2025-11-25,s21_lockup_expiry,2025-05-29
PAII,2026-01-13,s21_lockup_expiry,2025-07-17
SFD,2025-07-28,s21_lockup_expiry,2025-01-29
TVAI,2025-11-11,s21_lockup_expiry,2025-05-15
INAC,2025-12-28,s21_lockup_expiry,2025-07-01
WAMFF,2026-03-31,s21_lockup_expiry,2025-10-02
PXED,2026-04-07,s21_lockup_expiry,2025-10-09
TLIH,2026-01-04,s21_lockup_expiry,2025-07-08
ENHA,2026-01-26,s21_lockup_expiry,2025-07-30
FGMC,2025-07-28,s21_lockup_expiry,2025-01-29
CRAN,2026-06-14,s21_lockup_expiry,2025-12-16
KOYN,2026-02-23,s21_lockup_expiry,2025-08-27
DYOR,2026-04-28,s21_lockup_expiry,2025-10-30
QUMS,2026-02-03,s21_lockup_expiry,2025-08-07
DAAQ,2025-10-27,s21_lockup_expiry,2025-04-30
RAAQ,2025-10-27,s21_lockup_expiry,2025-04-30
SVAQ,2026-06-21,s21_lockup_expiry,2025-12-23
KLAR,2026-03-09,s21_lockup_expiry,2025-09-10
RYET,2025-10-06,s21_lockup_expiry,2025-04-09
BETA,2026-05-03,s21_lockup_expiry,2025-11-04
SLXN,2025-07-16,s21_lockup_expiry,2025-01-17
OMDA,2025-12-06,s21_lockup_expiry,2025-06-09
HCMA,2026-01-31,s21_lockup_expiry,2025-08-04
GTERA,2026-01-05,s21_lockup_expiry,2025-07-09
SAC,2026-06-02,s21_lockup_expiry,2025-12-04
RNGT,2026-04-04,s21_lockup_expiry,2025-10-06
ANTA,2025-11-11,s21_lockup_expiry,2025-05-15
CBK,2026-03-31,s21_lockup_expiry,2025-10-02
OTGA,2026-03-11,s21_lockup_expiry,2025-09-12
LWAC,2025-12-23,s21_lockup_expiry,2025-06-26
JEM,2025-12-07,s21_lockup_expiry,2025-06-10
WETO,2025-08-26,s21_lockup_expiry,2025-02-27
NMP,2025-12-29,s21_lockup_expiry,2025-07-02
CRAC,2026-05-05,s21_lockup_expiry,2025-11-06
RAC,2025-08-26,s21_lockup_expiry,2025-02-27
QSEA,2025-09-15,s21_lockup_expiry,2025-03-19
AIIA,2026-04-04,s21_lockup_expiry,2025-10-06
LAWR,2026-01-14,s21_lockup_expiry,2025-07-18
LAFA,2026-04-22,s21_lockup_expiry,2025-10-24
RTAC,2025-11-12,s21_lockup_expiry,2025-05-16
COPL,2025-10-28,s21_lockup_expiry,2025-05-01
MCGA,2025-12-27,s21_lockup_expiry,2025-06-30
LCCC,2025-10-27,s21_lockup_expiry,2025-04-30
HXHX,2025-10-13,s21_lockup_expiry,2025-04-16
NIQ,2026-01-20,s21_lockup_expiry,2025-07-24
CHPG,2025-11-24,s21_lockup_expiry,2025-05-28
ORIQ,2025-12-30,s21_lockup_expiry,2025-07-03
HAVA,2026-04-20,s21_lockup_expiry,2025-10-22
ALIS,2026-04-20,s21_lockup_expiry,2025-10-22
SCPQ,2026-06-20,s21_lockup_expiry,2025-12-22
LKSP,2026-04-05,s21_lockup_expiry,2025-10-07
EVAC,2025-12-30,s21_lockup_expiry,2025-07-03
DNMX,2026-04-28,s21_lockup_expiry,2025-10-30
UYSC,2025-09-28,s21_lockup_expiry,2025-04-01
MBX,2026-03-24,s21_lockup_expiry,2025-09-25
DMAA,2025-07-28,s21_lockup_expiry,2025-01-29
TDWD,2026-05-06,s21_lockup_expiry,2025-11-07
ALUB,2026-05-12,s21_lockup_expiry,2025-11-13
HCAC,2026-05-20,s21_lockup_expiry,2025-11-21
BLUW,2025-12-08,s21_lockup_expiry,2025-06-11
MCRP,2025-09-06,s21_lockup_expiry,2025-03-10
NUTR,2026-02-11,s21_lockup_expiry,2025-08-15
IRHO,2026-06-16,s21_lockup_expiry,2025-12-18
NHIC,2025-08-30,s21_lockup_expiry,2025-03-03
DMII,2026-03-24,s21_lockup_expiry,2025-09-25
WYFI,2026-02-04,s21_lockup_expiry,2025-08-08
COLA,2025-07-23,s21_lockup_expiry,2025-01-24
ADAC,2026-06-17,s21_lockup_expiry,2025-12-19
KRSP,2026-03-31,s21_lockup_expiry,2025-10-02
AEAQ,2026-06-03,s21_lockup_expiry,2025-12-05
FIGX,2025-12-27,s21_lockup_expiry,2025-06-30
WBI,2026-03-17,s21_lockup_expiry,2025-09-18
EVOX,2026-05-11,s21_lockup_expiry,2025-11-12
MESH,2026-06-09,s21_lockup_expiry,2025-12-11
FAC,2025-11-01,s21_lockup_expiry,2025-05-05
GSRF,2026-03-04,s21_lockup_expiry,2025-09-05
VG,2025-07-23,s21_lockup_expiry,2025-01-24
OYSE,2025-11-18,s21_lockup_expiry,2025-05-22
IGAC,2026-05-24,s21_lockup_expiry,2025-11-25
FATN,2025-10-04,s21_lockup_expiry,2025-04-07
CBC,2026-05-20,s21_lockup_expiry,2025-11-21
FCRS,2026-03-25,s21_lockup_expiry,2025-09-26
PLMK,2025-07-14,s21_lockup_expiry,2025-01-15
CCAQ,2025-11-04,s21_lockup_expiry,2025-05-08
KBON,2026-06-10,s21_lockup_expiry,2025-12-12
MKLY,2026-02-08,s21_lockup_expiry,2025-08-12
ONCH,2025-12-29,s21_lockup_expiry,2025-07-02
SOCA,2026-01-12,s21_lockup_expiry,2025-07-16
TACH,2025-10-07,s21_lockup_expiry,2025-04-10
ITHA,2026-06-13,s21_lockup_expiry,2025-12-15
BLZR,2026-03-10,s21_lockup_expiry,2025-09-11
XRPN,2025-11-17,s21_lockup_expiry,2025-05-21
AAPG,2025-07-23,s21_lockup_expiry,2025-01-24
SPEG,2026-01-11,s21_lockup_expiry,2025-07-15
BLRK,2026-06-10,s21_lockup_expiry,2025-12-12
LFAC,2026-06-03,s21_lockup_expiry,2025-12-05
LATA,2026-03-18,s21_lockup_expiry,2025-09-19
YCY,2026-03-31,s21_lockup_expiry,2025-10-02
PACH,2025-12-17,s21_lockup_expiry,2025-06-20
MBVI,2026-02-23,s21_lockup_expiry,2025-08-27
AACB,2025-08-13,s21_lockup_expiry,2025-02-14
TWLV,2026-06-10,s21_lockup_expiry,2025-12-12
CHEC,2026-03-16,s21_lockup_expiry,2025-09-17
SDHI,2025-09-28,s21_lockup_expiry,2025-04-01
BLSH,2026-02-09,s21_lockup_expiry,2025-08-13
VACI,2026-04-29,s21_lockup_expiry,2025-10-31
CLIK,2025-09-29,s21_lockup_expiry,2025-04-02
AXIN,2025-12-15,s21_lockup_expiry,2025-06-18
RDAG,2025-10-28,s21_lockup_expiry,2025-05-01
KFII,2025-08-05,s21_lockup_expiry,2025-02-06
LOKV,2025-08-27,s21_lockup_expiry,2025-02-28
EMIS,2026-03-25,s21_lockup_expiry,2025-09-26
BQ,2026-02-01,s21_lockup_expiry,2025-08-05
OBA,2025-12-22,s21_lockup_expiry,2025-06-25
GSHR,2025-09-17,s21_lockup_expiry,2025-03-21
BEBE,2026-06-17,s21_lockup_expiry,2025-12-19
SDST,2025-07-26,s21_lockup_expiry,2025-01-27
KCHV,2025-11-24,s21_lockup_expiry,2025-05-28
SOUL,2025-09-30,s21_lockup_expiry,2025-04-03
VNME,2025-12-29,s21_lockup_expiry,2025-07-02
AHL-PD,2025-11-04,s21_lockup_expiry,2025-05-08
IPEX,2025-08-12,s21_lockup_expiry,2025-02-13
LFWD,2025-12-23,s21_lockup_expiry,2025-06-26
ALMU,2025-09-23,s21_lockup_expiry,2025-03-27
AHMA,2026-04-19,s21_lockup_expiry,2025-10-21
FERA,2025-08-27,s21_lockup_expiry,2025-02-28
WGRX,2025-08-20,s21_lockup_expiry,2025-02-21
DSAC,2026-06-08,s21_lockup_expiry,2025-12-10
NCNA,2025-11-03,s21_lockup_expiry,2025-05-07
UMBF,2025-11-26,s21_lockup_expiry,2025-05-30
VEEA,2026-02-10,s21_lockup_expiry,2025-08-14
ANPA,2026-01-05,s21_lockup_expiry,2025-07-09
KMRK,2026-01-12,s21_lockup_expiry,2025-07-16
BURU,2026-03-15,s21_lockup_expiry,2025-09-16
SMA,2025-09-29,s21_lockup_expiry,2025-04-02
MSGY,2026-01-04,s21_lockup_expiry,2025-07-08
PCAP,2025-11-18,s21_lockup_expiry,2025-05-22
BCTX,2025-10-25,s21_lockup_expiry,2025-04-28
CANF,2026-01-25,s21_lockup_expiry,2025-07-29
VELO,2026-02-16,s21_lockup_expiry,2025-08-20
PPBT,2026-03-04,s21_lockup_expiry,2025-09-05
AGMH,2025-08-31,s21_lockup_expiry,2025-03-04
CIIT,2025-10-08,s21_lockup_expiry,2025-04-11
IVF,2025-07-13,s21_lockup_expiry,2025-01-14
SONM,2025-12-28,s21_lockup_expiry,2025-07-01
ICU,2025-12-20,s21_lockup_expiry,2025-06-23
BMNR,2025-12-03,s21_lockup_expiry,2025-06-06
CAPS,2025-09-03,s21_lockup_expiry,2025-03-07
CABR,2026-05-13,s21_lockup_expiry,2025-11-14
VMAR,2026-02-14,s21_lockup_expiry,2025-08-18
OCAC,2026-12-07,s21_lockup_expiry,2026-06-10
JAN,2026-11-30,s21_lockup_expiry,2026-06-03
FPS,2026-08-05,s21_lockup_expiry,2026-02-06
QNT,2026-12-02,s21_lockup_expiry,2026-06-05
ARTC,2026-07-06,s21_lockup_expiry,2026-01-07
GUAC,2026-11-14,s21_lockup_expiry,2026-05-18
CEPS,2026-08-04,s21_lockup_expiry,2026-02-05
CMII,2026-08-10,s21_lockup_expiry,2026-02-11
CAES,2026-12-14,s21_lockup_expiry,2026-06-17
CXII,2026-10-25,s21_lockup_expiry,2026-04-28
LIFE,2026-07-29,s21_lockup_expiry,2026-01-30
ELMT,2026-10-20,s21_lockup_expiry,2026-04-23
MWH,2026-08-10,s21_lockup_expiry,2026-02-11
SUJA,2026-11-04,s21_lockup_expiry,2026-05-08
AVEX,2026-10-17,s21_lockup_expiry,2026-04-20
MOBI,2026-11-04,s21_lockup_expiry,2026-05-08
PLUN,2026-10-25,s21_lockup_expiry,2026-04-28
SWMR,2026-09-13,s21_lockup_expiry,2026-03-17
TVIV,2026-12-15,s21_lockup_expiry,2026-06-18
GIX,2026-07-27,s21_lockup_expiry,2026-01-28
FRVO,2026-11-10,s21_lockup_expiry,2026-05-14
IEAG,2026-07-15,s21_lockup_expiry,2026-01-16
ARXS,2026-10-13,s21_lockup_expiry,2026-04-16
ARCL,2026-10-27,s21_lockup_expiry,2026-04-30
GHXI,2026-12-20,s21_lockup_expiry,2026-06-23
LCLN,2026-11-17,s21_lockup_expiry,2026-05-21
GMRS,2026-11-10,s21_lockup_expiry,2026-05-14
ROC,2026-08-19,s21_lockup_expiry,2026-02-20
EXYN,2026-11-11,s21_lockup_expiry,2026-05-15
MAIR,2026-10-14,s21_lockup_expiry,2026-04-17
MANE,2026-08-03,s21_lockup_expiry,2026-02-04
XE,2026-10-24,s21_lockup_expiry,2026-04-27
REA,2026-11-03,s21_lockup_expiry,2026-05-07
YSS,2026-07-29,s21_lockup_expiry,2026-01-30
DBCA,2026-08-11,s21_lockup_expiry,2026-02-12
VTIX,2026-07-25,s21_lockup_expiry,2026-01-26
ALMR,2026-10-14,s21_lockup_expiry,2026-04-17
CBRS,2026-11-10,s21_lockup_expiry,2026-05-14
AADX,2026-12-01,s21_lockup_expiry,2026-06-04
PBLS,2026-12-07,s21_lockup_expiry,2026-06-10
OFRM,2026-08-08,s21_lockup_expiry,2026-02-09
SBMT,2026-10-27,s21_lockup_expiry,2026-04-30
LTGR,2026-12-01,s21_lockup_expiry,2026-06-04
VIDA,2026-11-14,s21_lockup_expiry,2026-05-18
SAAQ,2026-07-27,s21_lockup_expiry,2026-01-28
OBAI,2026-08-02,s21_lockup_expiry,2026-02-03
KPET,2026-09-28,s21_lockup_expiry,2026-04-01
HCIC,2026-08-04,s21_lockup_expiry,2026-02-05
CAST,2026-08-31,s21_lockup_expiry,2026-03-04
SVIV,2026-08-09,s21_lockup_expiry,2026-02-10
HAWK,2026-11-03,s21_lockup_expiry,2026-05-07
HLXC,2026-07-22,s21_lockup_expiry,2026-01-23
ODTX,2026-11-04,s21_lockup_expiry,2026-05-08
SPTX,2026-10-28,s21_lockup_expiry,2026-05-01
BOBS,2026-08-04,s21_lockup_expiry,2026-02-05
SAGU,2026-11-03,s21_lockup_expiry,2026-05-07
BXDC,2026-11-11,s21_lockup_expiry,2026-05-15
PECE,2026-11-18,s21_lockup_expiry,2026-05-22
MWC,2026-11-11,s21_lockup_expiry,2026-05-15
IPFX,2026-09-26,s21_lockup_expiry,2026-03-30
KLRA,2026-10-14,s21_lockup_expiry,2026-04-17
PLYX,2026-08-01,s21_lockup_expiry,2026-02-02
VECA,2026-11-03,s21_lockup_expiry,2026-05-07
AMAN,2026-11-16,s21_lockup_expiry,2026-05-20
AGMB,2026-08-05,s21_lockup_expiry,2026-02-06
CNXU,2026-11-07,s21_lockup_expiry,2026-05-11
BWIV,2026-09-16,s21_lockup_expiry,2026-03-20
AMSS,2026-11-14,s21_lockup_expiry,2026-05-18
SHOT,2026-12-08,s21_lockup_expiry,2026-06-11
GENB,2026-08-26,s21_lockup_expiry,2026-02-27
BTGO,2026-07-22,s21_lockup_expiry,2026-01-23
PPHC,2026-07-28,s21_lockup_expiry,2026-01-29
EROK,2026-11-10,s21_lockup_expiry,2026-05-14
SSAC,2026-08-05,s21_lockup_expiry,2026-02-06
TMCR,2026-10-05,s21_lockup_expiry,2026-04-08
LABT,2026-10-20,s21_lockup_expiry,2026-04-23
GCDT,2026-07-12,s21_lockup_expiry,2026-01-13
BRAI,2026-08-01,s21_lockup_expiry,2026-02-02
MTNE,2026-10-31,s21_lockup_expiry,2026-05-04
KARD,2026-12-15,s21_lockup_expiry,2026-06-18
GMTL,2026-09-19,s21_lockup_expiry,2026-03-23
FTHA,2026-10-28,s21_lockup_expiry,2026-05-01
WHK,2026-12-06,s21_lockup_expiry,2026-06-09
LFTO,2026-12-01,s21_lockup_expiry,2026-06-04
HMH,2026-09-28,s21_lockup_expiry,2026-04-01
ETSS,2026-11-11,s21_lockup_expiry,2026-05-15
EQPT,2026-07-25,s21_lockup_expiry,2026-01-26
AVLN,2026-10-27,s21_lockup_expiry,2026-04-30
YSWY,2026-10-20,s21_lockup_expiry,2026-04-23
OIM,2026-07-13,s21_lockup_expiry,2026-01-14
FVAV,2026-08-25,s21_lockup_expiry,2026-02-26
AACP,2026-10-05,s21_lockup_expiry,2026-04-08
BUDA,2026-07-07,s21_lockup_expiry,2026-01-08
MCAH,2026-10-27,s21_lockup_expiry,2026-04-30
SGP,2026-08-05,s21_lockup_expiry,2026-02-06
RFAM,2026-08-11,s21_lockup_expiry,2026-02-12
AKTS,2026-07-08,s21_lockup_expiry,2026-01-09
PSUS,2026-10-27,s21_lockup_expiry,2026-04-30
FGII,2026-07-19,s21_lockup_expiry,2026-01-20
WPAC,2026-07-29,s21_lockup_expiry,2026-01-30
RACC,2026-11-16,s21_lockup_expiry,2026-05-20
OTAI,2026-11-04,s21_lockup_expiry,2026-05-08
JATT,2026-10-14,s21_lockup_expiry,2026-04-17
ALOV,2026-07-21,s21_lockup_expiry,2026-01-22
AIAI,2026-11-10,s21_lockup_expiry,2026-05-14
KCAC-UN,2026-09-01,s21_lockup_expiry,2026-03-05
GLED,2026-09-02,s21_lockup_expiry,2026-03-06
EIKN,2026-08-04,s21_lockup_expiry,2026-02-05
APC,2026-08-12,s21_lockup_expiry,2026-02-13
MEVO,2026-08-01,s21_lockup_expiry,2026-02-02
HACQ,2026-08-11,s21_lockup_expiry,2026-02-12
KRAQ,2026-07-28,s21_lockup_expiry,2026-01-29
COAG,2026-10-28,s21_lockup_expiry,2026-05-01
ARCI,2026-07-25,s21_lockup_expiry,2026-01-26
EROC,2026-12-07,s21_lockup_expiry,2026-06-10
FCBM,2026-12-15,s21_lockup_expiry,2026-06-18
APMC,2026-11-30,s21_lockup_expiry,2026-06-03
DETX,2026-10-18,s21_lockup_expiry,2026-04-21
PTOR,2026-07-25,s21_lockup_expiry,2026-01-26
TRAD,2026-08-26,s21_lockup_expiry,2026-02-27
QRED,2026-10-13,s21_lockup_expiry,2026-04-16
GCGR,2026-10-27,s21_lockup_expiry,2026-04-30
FXAC,2026-11-18,s21_lockup_expiry,2026-05-22
TMTS,2026-08-10,s21_lockup_expiry,2026-02-11
SSMR,2026-12-02,s21_lockup_expiry,2026-06-05
NBRG,2026-07-29,s21_lockup_expiry,2026-01-30
PALO,2026-08-18,s21_lockup_expiry,2026-02-19
BHAV,2026-09-16,s21_lockup_expiry,2026-03-20
SORN,2026-07-07,s21_lockup_expiry,2026-01-08
FMAC,2026-09-23,s21_lockup_expiry,2026-03-27
ACAA,2026-08-17,s21_lockup_expiry,2026-02-18
IACO,2026-08-10,s21_lockup_expiry,2026-02-11
FRBT,2026-12-08,s21_lockup_expiry,2026-06-11
SHAZ,2026-08-18,s21_lockup_expiry,2026-02-19
DGAC,2026-11-24,s21_lockup_expiry,2026-05-28
PAYP,2026-09-08,s21_lockup_expiry,2026-03-12
CAII,2026-10-26,s21_lockup_expiry,2026-04-29
AESP,2026-11-30,s21_lockup_expiry,2026-06-03
INIO,2026-12-01,s21_lockup_expiry,2026-06-04
RREV,2026-10-28,s21_lockup_expiry,2026-05-01
YICC,2026-12-13,s21_lockup_expiry,2026-06-16
KEYY,2026-11-30,s21_lockup_expiry,2026-06-03
BREZ,2026-11-10,s21_lockup_expiry,2026-05-14
XCBE,2026-07-20,s21_lockup_expiry,2026-01-21
IDAC,2026-11-11,s21_lockup_expiry,2026-05-15
CLBR,2026-08-03,s21_lockup_expiry,2026-02-04
LIMN,2026-08-17,s21_lockup_expiry,2026-02-18
ILLU,2026-08-26,s21_lockup_expiry,2026-02-27
MTAL,2026-09-08,s21_lockup_expiry,2026-03-12
OPTH,2026-11-16,s21_lockup_expiry,2026-05-20
WENC,2026-10-27,s21_lockup_expiry,2026-04-30
FTRA,2026-12-02,s21_lockup_expiry,2026-06-05
MUZE,2026-08-01,s21_lockup_expiry,2026-02-02
NHIV,2026-10-13,s21_lockup_expiry,2026-04-16
SUMA,2026-09-07,s21_lockup_expiry,2026-03-11
CAQ,2026-08-05,s21_lockup_expiry,2026-02-06
IPVV,2026-12-01,s21_lockup_expiry,2026-06-04
BBCQ,2026-07-07,s21_lockup_expiry,2026-01-08
RSI,2026-11-02,s21_lockup_expiry,2026-05-06
BRKH,2026-11-22,s21_lockup_expiry,2026-05-26
PTAC,2026-11-14,s21_lockup_expiry,2026-05-18
BID,2026-11-28,s21_lockup_expiry,2026-06-01
JAB,2026-12-07,s21_lockup_expiry,2026-06-10
GSRV,2026-11-10,s21_lockup_expiry,2026-05-14
QADR,2026-09-23,s21_lockup_expiry,2026-03-27
WLCO,2026-12-19,s21_lockup_expiry,2026-06-22
IACQ,2026-10-25,s21_lockup_expiry,2026-04-28
MMED,2026-09-02,s21_lockup_expiry,2026-03-06
ACGC,2026-10-04,s21_lockup_expiry,2026-04-07
AACO,2026-08-18,s21_lockup_expiry,2026-02-19
PAAC,2026-08-12,s21_lockup_expiry,2026-02-13
APUR,2026-11-17,s21_lockup_expiry,2026-05-21
IRAB,2026-08-02,s21_lockup_expiry,2026-02-03
AACI,2026-08-17,s21_lockup_expiry,2026-02-18
CGCF,2026-12-22,s21_lockup_expiry,2026-06-25
XFLH,2026-08-11,s21_lockup_expiry,2026-02-12
PS,2026-10-27,s21_lockup_expiry,2026-04-30
KTWO,2026-07-29,s21_lockup_expiry,2026-01-30
ISNR,2026-12-06,s21_lockup_expiry,2026-06-09
SPCX,2026-12-09,s21_lockup_expiry,2026-06-12
OHAC,2026-11-18,s21_lockup_expiry,2026-05-22
MZYX,2026-08-25,s21_lockup_expiry,2026-02-26
PONO,2026-09-09,s21_lockup_expiry,2026-03-13
UAC,2026-07-28,s21_lockup_expiry,2026-01-29
CTAA,2026-08-24,s21_lockup_expiry,2026-02-25
JAGU,2026-08-10,s21_lockup_expiry,2026-02-11
DXR,2026-07-25,s21_lockup_expiry,2026-01-26
XSLL,2026-07-28,s21_lockup_expiry,2026-01-29
QLEP,2026-10-31,s21_lockup_expiry,2026-05-04
MYX,2026-10-11,s21_lockup_expiry,2026-04-14
NHP,2026-10-19,s21_lockup_expiry,2026-04-22
MLAA,2026-07-27,s21_lockup_expiry,2026-01-28
WLII,2026-08-12,s21_lockup_expiry,2026-02-13
CEG,2026-11-29,s21_lockup_expiry,2026-06-02
TRGS,2026-08-25,s21_lockup_expiry,2026-02-26
GTEC,2026-07-28,s21_lockup_expiry,2026-01-29
GFLT,2026-08-02,s21_lockup_expiry,2026-02-03
OPTX,2026-10-27,s21_lockup_expiry,2026-04-30
BESS,2026-08-19,s21_lockup_expiry,2026-02-20
FISN,2026-12-15,s21_lockup_expiry,2026-06-18
GIPR,2026-11-28,s21_lockup_expiry,2026-06-01
ELPW,2026-11-14,s21_lockup_expiry,2026-05-18
GLND,2026-10-26,s21_lockup_expiry,2026-04-29
BHATF,2026-08-22,s21_lockup_expiry,2026-02-23
UOKAF,2026-08-10,s21_lockup_expiry,2026-02-11
FCUV,2026-12-01,s21_lockup_expiry,2026-06-04
DUKR,2026-11-14,s21_lockup_expiry,2026-05-18
COCH,2026-08-11,s21_lockup_expiry,2026-02-12
LOGC,2026-07-21,s21_lockup_expiry,2026-01-22
ZCMD,2026-11-28,s21_lockup_expiry,2026-06-01
CIMG,2026-12-15,s21_lockup_expiry,2026-06-18
RMSG,2026-12-06,s21_lockup_expiry,2026-06-09
